{
  "num": [
    63,
    115,
    176,
    255,
    314,
    346,
    988,
    992,
    993
  ],
  "val2": [
    0.2222222222222222,
    0.3217391304347826,
    0.3352272727272727,
    0.38823529411764707,
    0.40764331210191085,
    0.4161849710982659,
    0.4888663967611336,
    0.48689516129032256,
    0.4874118831822759
  ]
}