{
  "num": [
    27,
    71,
    105,
    114,
    150,
    158,
    183,
    235,
    350,
    377,
    447,
    484,
    633,
    639,
    656,
    672,
    737,
    740,
    746,
    785
  ],
  "val2": [
    0.1111111111111111,
    0.15492957746478872,
    0.18095238095238095,
    0.19298245614035087,
    0.26,
    0.27848101265822783,
    0.31693989071038253,
    0.37872340425531914,
    0.38857142857142857,
    0.38461538461538464,
    0.3825503355704698,
    0.3760330578512397,
    0.4186413902053712,
    0.4162754303599374,
    0.41615853658536583,
    0.4226190476190476,
    0.4369063772048847,
    0.43783783783783786,
    0.4410187667560322,
    0.4484076433121019
  ]
}