{
  "size": [
    1,
    2,
    3,
    4,
    5,
    6,
    7,
    8,
    9,
    10,
    11,
    12,
    13,
    14,
    15,
    16,
    17,
    18,
    19,
    20
  ],
  "val1": [
    0.2222222222222222,
    0.31646825396825395,
    0.3273809523809524,
    0.33881929637526653,
    0.366137404313328,
    0.3808720793520157,
    0.3962998389818897,
    0.3824766448234392,
    0.3893619558924397,
    0.38499366153776365,
    0.3959482837156493,
    0.39786250331592177,
    0.4122858379576613,
    0.4172806665846268,
    0.42501751103454055,
    0.43595391659488175,
    0.4338389803245946,
    0.435955635612684,
    0.4394750684097566,
    0.4525013149892687
  ]
}