{
  "num": [
    38,
    120,
    124,
    141,
    190,
    279,
    306,
    330,
    416,
    426,
    599,
    605,
    656,
    690,
    719,
    753,
    754,
    774,
    776,
    783,
    870,
    879,
    880,
    890,
    892,
    893,
    895,
    926,
    945,
    954,
    955,
    956
  ],
  "val2": [
    0.3157894736842105,
    0.26666666666666666,
    0.25806451612903225,
    0.3049645390070922,
    0.24736842105263157,
    0.31899641577060933,
    0.32679738562091504,
    0.3090909090909091,
    0.3173076923076923,
    0.31690140845070425,
    0.3772954924874791,
    0.3768595041322314,
    0.41310975609756095,
    0.4,
    0.40611961057023643,
    0.4409030544488712,
    0.4403183023872679,
    0.4483204134366925,
    0.4381443298969072,
    0.44061302681992337,
    0.47011494252873565,
    0.46871444823663255,
    0.4681818181818182,
    0.4730337078651685,
    0.4730941704035874,
    0.47368421052631576,
    0.47374301675977654,
    0.4838012958963283,
    0.4740740740740741,
    0.4863731656184486,
    0.4869109947643979,
    0.48535564853556484
  ]
}