{
  "size": [
    1,
    2,
    3,
    6,
    7,
    8,
    9,
    10,
    11,
    12,
    13,
    14,
    15,
    16,
    17,
    18,
    19,
    20
  ],
  "val1": [
    0.3157894736842105,
    0.17400419287211738,
    0.11600279524807826,
    0.19977997799779978,
    0.21341685188927056,
    0.20525826392163027,
    0.23599407335586042,
    0.247441394992237,
    0.2764745327926747,
    0.2888613882253646,
    0.2641007544468745,
    0.26339622113892586,
    0.26826071548723984,
    0.2992056419746795,
    0.3076419542596791,
    0.31307325710110834,
    0.320603104141955,
    0.33971776443681556
  ]
}