{
  "size": [
    1,
    2,
    3,
    4,
    5,
    6,
    7,
    8,
    9,
    10,
    11,
    12,
    13,
    14,
    15,
    16,
    17,
    18,
    19,
    20
  ],
  "val1": [
    0.1111111111111111,
    0.14646464646464646,
    0.15027467659046606,
    0.18770600744284954,
    0.24284773278354793,
    0.3023731106529566,
    0.32266901548031196,
    0.34483538854527296,
    0.3473805604273394,
    0.35410591901875177,
    0.35497232307489834,
    0.3527350461519901,
    0.3568823207840129,
    0.36948596453753574,
    0.36707578912392225,
    0.3691335523036771,
    0.3792825590309118,
    0.39154463908475,
    0.39863785752627284,
    0.401532051606481
  ]
}