node,gemma2-2b-it,llama3.2-3b-instruct
0,0.6166776532630192,0.3833223467369809
1,0.6689419795221843,0.3310580204778157
2,0.6263736263736264,0.37362637362637363
3,0.5,0.5
4,0.25,0.75
5,0.0,1.0
6,0.5,0.5
7,0.5,0.5
8,0.5,0.5
9,0.5,0.5
10,1.0,0.0
11,0.6451612903225806,0.3548387096774194
12,1.0,0.0
13,0.625,0.375
14,1.0,0.0
15,1.0,0.0
16,1.0,0.0
17,1.0,0.0
18,0.5,0.5
19,0.5,0.5
20,0.5,0.5
21,1.0,0.0
22,0.33333333333333337,0.6666666666666666
23,0.5,0.5
24,0.25,0.75
25,0.0,1.0
26,0.5,0.5
27,0.5,0.5
28,0.5833333333333333,0.4166666666666667
29,0.5,0.5
30,1.0,0.0
31,0.5,0.5
32,0.5,0.5
33,0.5,0.5
34,0.0,1.0
35,0.625,0.375
36,0.5,0.5
37,1.0,0.0
38,0.0,1.0
39,0.5,0.5
40,0.5,0.5
41,0.8333333333333334,0.16666666666666666
42,0.5,0.5
43,1.0,0.0
44,1.0,0.0
45,1.0,0.0
46,0.5,0.5
47,1.0,0.0
48,1.0,0.0
49,1.0,0.0
50,1.0,0.0
51,1.0,0.0
52,0.33333333333333337,0.6666666666666666
53,0.0,1.0
54,0.5,0.5
55,0.5,0.5
56,0.5,0.5
57,0.75,0.25
58,1.0,0.0
59,0.5,0.5
60,0.6272727272727272,0.37272727272727274
61,0.25,0.75
62,0.0,1.0
63,0.5,0.5
64,0.0,1.0
65,0.0,1.0
66,0.6875,0.3125
67,0.5,0.5
68,1.0,0.0
69,0.8333333333333334,0.16666666666666666
70,1.0,0.0
71,0.5,0.5
72,1.0,0.0
73,0.5,0.5
74,0.25,0.75
75,0.5,0.5
76,0.0,1.0
77,1.0,0.0
78,0.5,0.5
79,0.5,0.5
80,0.5,0.5
81,0.0,1.0
82,0.75,0.25
83,1.0,0.0
84,0.5,0.5
85,0.5,0.5
86,0.5555555555555556,0.4444444444444444
87,0.5,0.5
88,0.33333333333333337,0.6666666666666666
89,0.5,0.5
90,0.25,0.75
91,0.0,1.0
92,0.5,0.5
93,0.6,0.4
94,0.5,0.5
95,1.0,0.0
96,0.75,0.25
97,1.0,0.0
98,0.5,0.5
99,0.0,1.0
100,1.0,0.0
101,0.6,0.4
102,1.0,0.0
103,0.5,0.5
104,0.25,0.75
105,0.0,1.0
106,0.5,0.5
107,0.75,0.25
108,1.0,0.0
109,0.5,0.5
110,0.8125,0.1875
111,1.0,0.0
112,0.7857142857142857,0.21428571428571427
113,0.5,0.5
114,1.0,0.0
115,1.0,0.0
116,0.5,0.5
117,1.0,0.0
118,0.75,0.25
119,0.5,0.5
120,1.0,0.0
121,0.7333333333333334,0.26666666666666666
122,1.0,0.0
123,0.7142857142857143,0.2857142857142857
124,0.875,0.125
125,0.5,0.5
126,1.0,0.0
127,1.0,0.0
128,1.0,0.0
129,1.0,0.0
130,0.5,0.5
131,0.25,0.75
132,0.0,1.0
133,0.5,0.5
134,0.5,0.5
135,0.0,1.0
136,1.0,0.0
137,1.0,0.0
138,1.0,0.0
139,1.0,0.0
140,1.0,0.0
141,1.0,0.0
142,1.0,0.0
143,1.0,0.0
144,0.74,0.26
145,0.7291666666666667,0.2708333333333333
146,1.0,0.0
147,1.0,0.0
148,1.0,0.0
149,0.8333333333333334,0.16666666666666666
150,1.0,0.0
151,0.75,0.25
152,0.5,0.5
153,1.0,0.0
154,0.5,0.5
155,0.5,0.5
156,0.5,0.5
157,0.7,0.3
158,1.0,0.0
159,0.625,0.375
160,1.0,0.0
161,1.0,0.0
162,1.0,0.0
163,0.25,0.75
164,0.5,0.5
165,0.0,1.0
166,0.6875,0.3125
167,1.0,0.0
168,0.6428571428571428,0.35714285714285715
169,1.0,0.0
170,0.5,0.5
171,0.6,0.4
172,1.0,0.0
173,1.0,0.0
174,1.0,0.0
175,0.33333333333333337,0.6666666666666666
176,0.5,0.5
177,0.5,0.5
178,0.0,1.0
179,0.75,0.25
180,1.0,0.0
181,0.5,0.5
182,1.0,0.0
183,0.6071428571428572,0.39285714285714285
184,0.5,0.5
185,0.0,1.0
186,1.0,0.0
187,1.0,0.0
188,1.0,0.0
189,1.0,0.0
190,1.0,0.0
191,1.0,0.0
192,0.8333333333333334,0.16666666666666666
193,0.5,0.5
194,1.0,0.0
195,1.0,0.0
196,0.4642857142857143,0.5357142857142857
197,1.0,0.0
198,0.0,1.0
199,0.5,0.5
200,1.0,0.0
201,0.0,1.0
202,0.5,0.5
203,0.0,1.0
204,1.0,0.0
205,0.41666666666666663,0.5833333333333334
206,0.30000000000000004,0.7
207,0.5,0.5
208,0.5,0.5
209,0.5,0.5
210,0.0,1.0
211,0.0,1.0
212,1.0,0.0
213,0.5,0.5
214,0.625,0.375
215,0.5,0.5
216,0.6666666666666667,0.3333333333333333
217,1.0,0.0
218,0.5,0.5
219,0.5,0.5
220,0.6941176470588235,0.3058823529411765
221,0.6901408450704225,0.30985915492957744
222,0.6818181818181819,0.3181818181818182
223,1.0,0.0
224,1.0,0.0
225,1.0,0.0
226,0.0,1.0
227,1.0,0.0
228,0.75,0.25
229,1.0,0.0
230,0.5,0.5
231,0.5,0.5
232,0.5,0.5
233,0.5,0.5
234,0.6666666666666667,0.3333333333333333
235,0.5,0.5
236,1.0,0.0
237,0.0,1.0
238,1.0,0.0
239,0.7017543859649122,0.2982456140350877
240,0.69,0.31
241,1.0,0.0
242,0.9,0.1
243,1.0,0.0
244,1.0,0.0
245,1.0,0.0
246,1.0,0.0
247,1.0,0.0
248,1.0,0.0
249,0.5,0.5
250,1.0,0.0
251,0.5,0.5
252,0.5,0.5
253,0.5,0.5
254,0.5,0.5
255,0.5,0.5
256,0.0,1.0
257,0.16666666666666663,0.8333333333333334
258,0.0,1.0
259,0.0,1.0
260,0.5,0.5
261,0.6875,0.3125
262,0.5,0.5
263,0.5,0.5
264,1.0,0.0
265,0.0,1.0
266,0.8,0.2
267,0.75,0.25
268,0.8333333333333334,0.16666666666666666
269,1.0,0.0
270,0.5,0.5
271,1.0,0.0
272,0.5,0.5
273,1.0,0.0
274,0.7307692307692308,0.2692307692307692
275,1.0,0.0
276,0.7,0.3
277,0.5,0.5
278,0.5,0.5
279,1.0,0.0
280,0.5,0.5
281,1.0,0.0
282,1.0,0.0
283,0.5,0.5
284,0.0,1.0
285,1.0,0.0
286,0.5,0.5
287,1.0,0.0
288,1.0,0.0
289,1.0,0.0
290,0.7727272727272727,0.22727272727272727
291,1.0,0.0
292,1.0,0.0
293,1.0,0.0
294,0.6875,0.3125
295,1.0,0.0
296,1.0,0.0
297,0.5,0.5
298,0.5,0.5
299,0.5,0.5
300,0.5,0.5
301,0.5,0.5
302,1.0,0.0
303,0.6666666666666667,0.3333333333333333
304,1.0,0.0
305,0.5,0.5
306,0.0,1.0
307,1.0,0.0
308,0.7857142857142857,0.21428571428571427
309,1.0,0.0
310,0.5,0.5
311,1.0,0.0
312,0.0,1.0
313,0.8333333333333334,0.16666666666666666
314,1.0,0.0
315,0.75,0.25
316,1.0,0.0
317,0.5,0.5
318,1.0,0.0
319,0.5,0.5
320,0.0,1.0
321,0.75,0.25
322,1.0,0.0
323,0.5,0.5
324,0.7142857142857143,0.2857142857142857
325,0.5,0.5
326,1.0,0.0
327,0.7083333333333333,0.2916666666666667
328,0.5,0.5
329,1.0,0.0
330,1.0,0.0
331,1.0,0.0
332,0.6666666666666667,0.3333333333333333
333,0.8333333333333334,0.16666666666666666
334,1.0,0.0
335,0.5,0.5
336,1.0,0.0
337,0.5833333333333333,0.4166666666666667
338,0.0,1.0
339,0.7,0.3
340,1.0,0.0
341,0.625,0.375
342,0.5,0.5
343,0.6666666666666667,0.3333333333333333
344,0.75,0.25
345,1.0,0.0
346,0.5,0.5
347,0.5,0.5
348,0.75,0.25
349,0.5,0.5
350,0.0,1.0
351,1.0,0.0
352,1.0,0.0
353,0.5,0.5
354,0.5,0.5
355,0.5,0.5
356,0.875,0.125
357,1.0,0.0
358,1.0,0.0
359,1.0,0.0
360,1.0,0.0
361,0.5,0.5
362,0.625,0.375
363,0.6666666666666667,0.3333333333333333
364,1.0,0.0
365,0.5,0.5
366,1.0,0.0
367,0.0,1.0
368,0.5,0.5
369,0.9,0.1
370,1.0,0.0
371,1.0,0.0
372,1.0,0.0
373,0.875,0.125
374,1.0,0.0
375,0.75,0.25
376,1.0,0.0
377,0.5,0.5
378,1.0,0.0
379,1.0,0.0
380,0.75,0.25
381,0.5,0.5
382,1.0,0.0
383,1.0,0.0
384,0.5,0.5
385,0.5,0.5
386,0.6799999999999999,0.32
387,0.6666666666666667,0.3333333333333333
388,1.0,0.0
389,0.5,0.5
390,1.0,0.0
391,0.0,1.0
392,0.6818181818181819,0.3181818181818182
393,0.7,0.3
394,0.5,0.5
395,0.75,0.25
396,1.0,0.0
397,1.0,0.0
398,1.0,0.0
399,0.5,0.5
400,0.5,0.5
401,0.6764705882352942,0.3235294117647059
402,1.0,0.0
403,0.5,0.5
404,0.5,0.5
405,0.0,1.0
406,0.6666666666666667,0.3333333333333333
407,0.75,0.25
408,1.0,0.0
409,0.5,0.5
410,0.5,0.5
411,0.5,0.5
412,1.0,0.0
413,1.0,0.0
414,1.0,0.0
415,0.5,0.5
416,0.5,0.5
417,0.0,1.0
418,1.0,0.0
419,1.0,0.0
420,0.5,0.5
421,0.75,0.25
422,0.5,0.5
423,1.0,0.0
424,1.0,0.0
425,0.6153846153846154,0.38461538461538464
426,0.5,0.5
427,0.5,0.5
428,0.5,0.5
429,0.5,0.5
430,0.5,0.5
431,1.0,0.0
432,0.0,1.0
433,0.6,0.4
434,1.0,0.0
435,0.5,0.5
436,0.5,0.5
437,0.0,1.0
438,1.0,0.0
439,0.5,0.5
440,1.0,0.0
441,0.0,1.0
442,1.0,0.0
443,1.0,0.0
444,1.0,0.0
445,0.6132075471698113,0.3867924528301887
446,0.6373626373626373,0.3626373626373626
447,0.5833333333333333,0.4166666666666667
448,0.5625,0.4375
449,0.6,0.4
450,0.0,1.0
451,0.0,1.0
452,1.0,0.0
453,1.0,0.0
454,1.0,0.0
455,1.0,0.0
456,0.5,0.5
457,0.5,0.5
458,0.75,0.25
459,1.0,0.0
460,0.5,0.5
461,0.0,1.0
462,0.5,0.5
463,0.5833333333333333,0.4166666666666667
464,0.5,0.5
465,0.0,1.0
466,1.0,0.0
467,1.0,0.0
468,0.5,0.5
469,0.5,0.5
470,0.5,0.5
471,0.0,1.0
472,1.0,0.0
473,0.5,0.5
474,0.625,0.375
475,0.5833333333333333,0.4166666666666667
476,0.5,0.5
477,0.75,0.25
478,1.0,0.0
479,0.5,0.5
480,0.5,0.5
481,1.0,0.0
482,0.5,0.5
483,0.0,1.0
484,0.75,0.25
485,0.5,0.5
486,1.0,0.0
487,0.6567164179104478,0.34328358208955223
488,0.7777777777777778,0.2222222222222222
489,1.0,0.0
490,0.75,0.25
491,1.0,0.0
492,0.5,0.5
493,0.75,0.25
494,1.0,0.0
495,0.5,0.5
496,0.75,0.25
497,1.0,0.0
498,0.6666666666666667,0.3333333333333333
499,0.75,0.25
500,0.5,0.5
501,1.0,0.0
502,0.5,0.5
503,0.7,0.3
504,0.5,0.5
505,0.0,1.0
506,1.0,0.0
507,0.8333333333333334,0.16666666666666666
508,1.0,0.0
509,1.0,0.0
510,1.0,0.0
511,0.5,0.5
512,0.5625,0.4375
513,0.0,1.0
514,0.875,0.125
515,1.0,0.0
516,0.8333333333333334,0.16666666666666666
517,0.5,0.5
518,1.0,0.0
519,1.0,0.0
520,0.33333333333333337,0.6666666666666666
521,0.5,0.5
522,0.5,0.5
523,0.0,1.0
524,0.7142857142857143,0.2857142857142857
525,0.6666666666666667,0.3333333333333333
526,0.5,0.5
527,0.0,1.0
528,1.0,0.0
529,1.0,0.0
530,0.75,0.25
531,1.0,0.0
532,0.6666666666666667,0.3333333333333333
533,0.0,1.0
534,1.0,0.0
535,1.0,0.0
536,1.0,0.0
537,0.59375,0.40625
538,0.5,0.5
539,1.0,0.0
540,0.0,1.0
541,0.5,0.5
542,1.0,0.0
543,0.25,0.75
544,0.5,0.5
545,0.0,1.0
546,0.5,0.5
547,0.0,1.0
548,1.0,0.0
549,1.0,0.0
550,1.0,0.0
551,0.25,0.75
552,0.5,0.5
553,0.0,1.0
554,0.75,0.25
555,0.5,0.5
556,0.5,0.5
557,1.0,0.0
558,0.75,0.25
559,0.5,0.5
560,1.0,0.0
561,1.0,0.0
562,0.6590909090909092,0.3409090909090909
563,0.6428571428571428,0.35714285714285715
564,1.0,0.0
565,1.0,0.0
566,1.0,0.0
567,1.0,0.0
568,0.0,1.0
569,0.0,1.0
570,0.5,0.5
571,0.5,0.5
572,0.5,0.5
573,0.5,0.5
574,0.5,0.5
575,0.0,1.0
576,1.0,0.0
577,0.5,0.5
578,1.0,0.0
579,0.7857142857142857,0.21428571428571427
580,0.75,0.25
581,1.0,0.0
582,1.0,0.0
583,0.5,0.5
584,0.5,0.5
585,0.5,0.5
586,1.0,0.0
587,1.0,0.0
588,0.5,0.5
589,1.0,0.0
590,0.4666666666666667,0.5333333333333333
591,1.0,0.0
592,0.0,1.0
593,0.0,1.0
594,0.5,0.5
595,0.33333333333333337,0.6666666666666666
596,0.0,1.0
597,0.0,1.0
598,0.0,1.0
599,1.0,0.0
600,1.0,0.0
601,1.0,0.0
602,1.0,0.0
603,0.125,0.875
604,0.0,1.0
605,0.0,1.0
606,0.0,1.0
607,0.0,1.0
608,0.5,0.5
609,1.0,0.0
610,1.0,0.0
611,1.0,0.0
612,0.5520833333333333,0.4479166666666667
613,0.5667938931297709,0.43320610687022904
614,0.475,0.525
615,0.8333333333333334,0.16666666666666666
616,1.0,0.0
617,1.0,0.0
618,1.0,0.0
619,0.5,0.5
620,0.16666666666666663,0.8333333333333334
621,0.5,0.5
622,0.0,1.0
623,0.0,1.0
624,0.0,1.0
625,0.8333333333333334,0.16666666666666666
626,0.5,0.5
627,1.0,0.0
628,1.0,0.0
629,0.6,0.4
630,0.5,0.5
631,0.8333333333333334,0.16666666666666666
632,1.0,0.0
633,1.0,0.0
634,1.0,0.0
635,0.5,0.5
636,0.0,1.0
637,0.16666666666666663,0.8333333333333334
638,1.0,0.0
639,0.0,1.0
640,0.0,1.0
641,0.0,1.0
642,0.0,1.0
643,0.0,1.0
644,0.0,1.0
645,0.0,1.0
646,0.5882352941176471,0.4117647058823529
647,0.4,0.6
648,0.75,0.25
649,1.0,0.0
650,0.5,0.5
651,0.16666666666666663,0.8333333333333334
652,0.0,1.0
653,0.25,0.75
654,0.0,1.0
655,0.5,0.5
656,0.5,0.5
657,0.5,0.5
658,0.0,1.0
659,0.6666666666666667,0.3333333333333333
660,0.0,1.0
661,1.0,0.0
662,1.0,0.0
663,1.0,0.0
664,0.6428571428571428,0.35714285714285715
665,1.0,0.0
666,1.0,0.0
667,1.0,0.0
668,0.0,1.0
669,0.5,0.5
670,0.0,1.0
671,1.0,0.0
672,0.5,0.5
673,1.0,0.0
674,1.0,0.0
675,1.0,0.0
676,1.0,0.0
677,1.0,0.0
678,1.0,0.0
679,1.0,0.0
680,0.5,0.5
681,0.0,1.0
682,1.0,0.0
683,0.5,0.5
684,0.5833333333333333,0.4166666666666667
685,0.0,1.0
686,0.5,0.5
687,1.0,0.0
688,1.0,0.0
689,1.0,0.0
690,1.0,0.0
691,0.0,1.0
692,0.25,0.75
693,0.5,0.5
694,0.0,1.0
695,0.75,0.25
696,1.0,0.0
697,0.5,0.5
698,0.5909090909090908,0.4090909090909091
699,0.0,1.0
700,1.0,0.0
701,1.0,0.0
702,1.0,0.0
703,1.0,0.0
704,0.5,0.5
705,0.5,0.5
706,0.5,0.5
707,0.33333333333333337,0.6666666666666666
708,0.5,0.5
709,0.0,1.0
710,0.5,0.5
711,1.0,0.0
712,0.6,0.4
713,1.0,0.0
714,0.5,0.5
715,0.5,0.5
716,0.0,1.0
717,1.0,0.0
718,0.5,0.5
719,0.5,0.5
720,0.0,1.0
721,1.0,0.0
722,0.5,0.5
723,0.5,0.5
724,1.0,0.0
725,0.0,1.0
726,0.5,0.5
727,0.75,0.25
728,0.5,0.5
729,1.0,0.0
730,0.5394736842105263,0.4605263157894737
731,0.41666666666666663,0.5833333333333334
732,0.5,0.5
733,0.4,0.6
734,0.5,0.5
735,0.5,0.5
736,0.0,1.0
737,0.5,0.5
738,0.0,1.0
739,1.0,0.0
740,0.5625,0.4375
741,0.6206896551724138,0.3793103448275862
742,0.0,1.0
743,0.6428571428571428,0.35714285714285715
744,1.0,0.0
745,0.375,0.625
746,0.25,0.75
747,0.0,1.0
748,0.5,0.5
749,0.0,1.0
750,1.0,0.0
751,0.0,1.0
752,0.75,0.25
753,0.5,0.5
754,1.0,0.0
755,0.6,0.4
756,0.5,0.5
757,0.625,0.375
758,0.5,0.5
759,0.6666666666666667,0.3333333333333333
760,0.5,0.5
761,1.0,0.0
762,0.5,0.5
763,0.6666666666666667,0.3333333333333333
764,0.5,0.5
765,0.75,0.25
766,1.0,0.0
767,0.5,0.5
768,0.5,0.5
769,0.5,0.5
770,0.0,1.0
771,1.0,0.0
772,0.5,0.5
773,0.0,1.0
774,1.0,0.0
775,0.875,0.125
776,1.0,0.0
777,1.0,0.0
778,0.75,0.25
779,1.0,0.0
780,0.5,0.5
781,0.875,0.125
782,1.0,0.0
783,1.0,0.0
784,1.0,0.0
785,1.0,0.0
786,1.0,0.0
787,0.5,0.5
788,0.0,1.0
789,0.0,1.0
790,0.0,1.0
791,0.0,1.0
792,0.0,1.0
793,0.6666666666666667,0.3333333333333333
794,0.6875,0.3125
795,0.7,0.3
796,0.5,0.5
797,0.75,0.25
798,0.6666666666666667,0.3333333333333333
799,0.5,0.5
800,0.5,0.5
801,0.5,0.5
802,1.0,0.0
803,1.0,0.0
804,0.6666666666666667,0.3333333333333333
805,0.5,0.5
806,0.5,0.5
807,1.0,0.0
808,0.5,0.5
809,0.5555555555555556,0.4444444444444444
810,0.8,0.2
811,0.6666666666666667,0.3333333333333333
812,1.0,0.0
813,1.0,0.0
814,1.0,0.0
815,0.0,1.0
816,1.0,0.0
817,1.0,0.0
818,1.0,0.0
819,0.5517241379310345,0.4482758620689655
820,0.5,0.5
821,0.75,0.25
822,1.0,0.0
823,0.5,0.5
824,0.5,0.5
825,0.0,1.0
826,0.0,1.0
827,1.0,0.0
828,0.75,0.25
829,0.5,0.5
830,1.0,0.0
831,0.5,0.5
832,0.0,1.0
833,0.0,1.0
834,0.6666666666666667,0.3333333333333333
835,0.5,0.5
836,1.0,0.0
837,0.0,1.0
838,1.0,0.0
839,0.625,0.375
840,0.5,0.5
841,1.0,0.0
842,1.0,0.0
843,1.0,0.0
844,0.0,1.0
845,0.5,0.5
846,0.5,0.5
847,0.375,0.625
848,0.5,0.5
849,0.5,0.5
850,0.25,0.75
851,0.0,1.0
852,0.5,0.5
853,0.625,0.375
854,0.5,0.5
855,1.0,0.0
856,0.25,0.75
857,0.0,1.0
858,0.5,0.5
859,1.0,0.0
860,1.0,0.0
861,1.0,0.0
862,1.0,0.0
863,0.4545454545454546,0.5454545454545454
864,0.0,1.0
865,1.0,0.0
866,0.0,1.0
867,1.0,0.0
868,0.5,0.5
869,0.25,0.75
870,0.5,0.5
871,0.0,1.0
872,0.75,0.25
873,1.0,0.0
874,0.5,0.5
875,0.0,1.0
876,0.0,1.0
877,0.0,1.0
878,1.0,0.0
879,0.33333333333333337,0.6666666666666666
880,0.5,0.5
881,1.0,0.0
882,0.0,1.0
883,1.0,0.0
884,0.5,0.5
885,0.16666666666666663,0.8333333333333334
886,0.0,1.0
887,0.33333333333333337,0.6666666666666666
888,0.5,0.5
889,0.0,1.0
890,0.5,0.5
891,0.0,1.0
892,0.0,1.0
893,0.0,1.0
894,0.0,1.0
895,0.6632653061224489,0.336734693877551
896,0.6590909090909092,0.3409090909090909
897,0.7,0.3
898,0.6842105263157895,0.3157894736842105
899,0.6666666666666667,0.3333333333333333
900,1.0,0.0
901,0.625,0.375
902,0.5,0.5
903,1.0,0.0
904,0.5,0.5
905,0.6666666666666667,0.3333333333333333
906,0.5,0.5
907,0.75,0.25
908,1.0,0.0
909,0.5,0.5
910,0.0,1.0
911,1.0,0.0
912,0.7222222222222222,0.2777777777777778
913,0.75,0.25
914,0.5,0.5
915,1.0,0.0
916,1.0,0.0
917,0.6666666666666667,0.3333333333333333
918,1.0,0.0
919,1.0,0.0
920,0.5,0.5
921,0.5,0.5
922,1.0,0.0
923,0.25,0.75
924,0.0,1.0
925,0.5,0.5
926,0.5,0.5
927,1.0,0.0
928,0.25,0.75
929,0.5,0.5
930,0.0,1.0
931,0.6666666666666667,0.3333333333333333
932,1.0,0.0
933,0.5,0.5
934,0.5,0.5
935,0.75,0.25
936,0.5,0.5
937,1.0,0.0
938,0.0,1.0
939,0.75,0.25
940,1.0,0.0
941,0.5,0.5
942,0.25,0.75
943,0.5,0.5
944,0.0,1.0
945,0.5,0.5
946,0.0,1.0
947,1.0,0.0
948,1.0,0.0
949,1.0,0.0
950,1.0,0.0
951,1.0,0.0
952,1.0,0.0
953,1.0,0.0
954,1.0,0.0
955,1.0,0.0
956,0.6666666666666667,0.3333333333333333
957,0.5833333333333333,0.4166666666666667
958,0.75,0.25
959,1.0,0.0
960,0.5,0.5
961,0.5,0.5
962,0.75,0.25
963,1.0,0.0
964,0.5,0.5
965,0.0,1.0
966,0.5,0.5
967,0.8333333333333334,0.16666666666666666
968,0.75,0.25
969,0.5,0.5
970,1.0,0.0
971,1.0,0.0
972,0.5294117647058824,0.47058823529411764
973,0.5,0.5
974,1.0,0.0
975,0.75,0.25
976,1.0,0.0
977,0.5,0.5
978,0.0,1.0
979,0.5,0.5
980,0.0,1.0
981,0.5,0.5
982,0.5,0.5
983,0.5,0.5
984,0.625,0.375
985,1.0,0.0
986,0.5,0.5
987,1.0,0.0
988,0.25,0.75
989,0.5,0.5
990,0.0,1.0
991,0.33333333333333337,0.6666666666666666
992,0.0,1.0
993,1.0,0.0
994,0.0,1.0
995,1.0,0.0
996,0.5625,0.4375
997,0.30000000000000004,0.7
998,0.5,0.5
999,0.5,0.5
1000,0.5,0.5
1001,0.0,1.0
1002,0.0,1.0
1003,0.0,1.0
1004,0.5,0.5
1005,0.6818181818181819,0.3181818181818182
1006,0.5,0.5
1007,0.7,0.3
1008,1.0,0.0
1009,1.0,0.0
1010,0.5,0.5
1011,1.0,0.0
1012,1.0,0.0
1013,1.0,0.0
1014,1.0,0.0
1015,0.5,0.5
1016,0.0,1.0
1017,0.0,1.0
1018,0.0,1.0
1019,1.0,0.0
1020,0.5,0.5
1021,0.7,0.3
1022,0.75,0.25
1023,0.8333333333333334,0.16666666666666666
1024,0.5,0.5
1025,1.0,0.0
1026,1.0,0.0
1027,1.0,0.0
1028,0.5,0.5
1029,0.5,0.5
1030,0.5833333333333333,0.4166666666666667
1031,0.6538461538461539,0.34615384615384615
1032,0.75,0.25
1033,0.5,0.5
1034,1.0,0.0
1035,1.0,0.0
1036,0.625,0.375
1037,1.0,0.0
1038,0.5,0.5
1039,0.75,0.25
1040,1.0,0.0
1041,0.5,0.5
1042,0.0,1.0
1043,0.5,0.5
1044,0.0,1.0
1045,1.0,0.0
1046,1.0,0.0
1047,1.0,0.0
1048,0.5,0.5
1049,0.0,1.0
1050,1.0,0.0
1051,0.4444444444444444,0.5555555555555556
1052,0.25,0.75
1053,0.5,0.5
1054,0.0,1.0
1055,0.0,1.0
1056,0.25,0.75
1057,0.0,1.0
1058,0.5,0.5
1059,0.6666666666666667,0.3333333333333333
1060,1.0,0.0
1061,1.0,0.0
1062,1.0,0.0
1063,0.0,1.0
1064,1.0,0.0
1065,0.75,0.25
1066,0.5,0.5
1067,1.0,0.0
1068,0.43333333333333335,0.5666666666666667
1069,0.42592592592592593,0.5740740740740741
1070,1.0,0.0
1071,0.3571428571428571,0.6428571428571429
1072,0.5,0.5
1073,1.0,0.0
1074,0.0,1.0
1075,0.0,1.0
1076,0.5,0.5
1077,0.0,1.0
1078,0.75,0.25
1079,1.0,0.0
1080,0.5,0.5
1081,0.0,1.0
1082,0.5,0.5
1083,0.5,0.5
1084,0.5,0.5
1085,0.0,1.0
1086,0.5,0.5
1087,0.625,0.375
1088,0.5,0.5
1089,0.6666666666666667,0.3333333333333333
1090,0.5,0.5
1091,0.75,0.25
1092,0.5,0.5
1093,1.0,0.0
1094,0.0,1.0
1095,0.16666666666666663,0.8333333333333334
1096,0.5,0.5
1097,0.0,1.0
1098,0.0,1.0
1099,0.0,1.0
1100,0.5,0.5
1101,1.0,0.0
1102,0.25,0.75
1103,0.0,1.0
1104,0.5,0.5
1105,0.5,0.5
1106,0.5,0.5
1107,0.5,0.5
1108,0.5,0.5
1109,1.0,0.0
1110,0.0,1.0
1111,0.5,0.5
1112,0.4444444444444444,0.5555555555555556
1113,0.25,0.75
1114,0.5,0.5
1115,0.0,1.0
1116,0.25,0.75
1117,0.0,1.0
1118,0.5,0.5
1119,0.3571428571428571,0.6428571428571429
1120,0.41666666666666663,0.5833333333333334
1121,0.5,0.5
1122,0.375,0.625
1123,0.75,0.25
1124,0.5,0.5
1125,1.0,0.0
1126,0.0,1.0
1127,0.0,1.0
1128,0.0,1.0
1129,1.0,0.0
1130,0.0,1.0
1131,0.0,1.0
1132,0.6428571428571428,0.35714285714285715
1133,0.75,0.25
1134,1.0,0.0
1135,1.0,0.0
1136,0.5,0.5
1137,1.0,0.0
1138,0.0,1.0
1139,0.5,0.5
1140,0.5,0.5
1141,0.5,0.5
1142,1.0,0.0
1143,0.0,1.0
1144,0.43617021276595747,0.5638297872340425
1145,0.46354166666666663,0.5364583333333334
1146,0.4606741573033708,0.5393258426966292
1147,0.4035087719298246,0.5964912280701754
1148,0.375,0.625
1149,1.0,0.0
1150,0.31818181818181823,0.6818181818181818
1151,0.5,0.5
1152,0.30000000000000004,0.7
1153,0.19999999999999996,0.8
1154,0.0,1.0
1155,0.25,0.75
1156,0.5,0.5
1157,0.5,0.5
1158,0.5,0.5
1159,0.0,1.0
1160,0.0,1.0
1161,0.0,1.0
1162,0.5,0.5
1163,0.375,0.625
1164,0.0,1.0
1165,0.5,0.5
1166,0.5,0.5
1167,1.0,0.0
1168,0.0,1.0
1169,1.0,0.0
1170,1.0,0.0
1171,1.0,0.0
1172,0.4444444444444444,0.5555555555555556
1173,0.38235294117647056,0.6176470588235294
1174,0.25,0.75
1175,0.0,1.0
1176,0.5,0.5
1177,0.5,0.5
1178,0.0,1.0
1179,1.0,0.0
1180,0.5,0.5
1181,0.5,0.5
1182,0.5,0.5
1183,0.5,0.5
1184,0.5,0.5
1185,0.375,0.625
1186,0.25,0.75
1187,0.0,1.0
1188,0.5,0.5
1189,0.5,0.5
1190,0.0,1.0
1191,1.0,0.0
1192,0.30000000000000004,0.7
1193,1.0,0.0
1194,0.125,0.875
1195,0.0,1.0
1196,0.16666666666666663,0.8333333333333334
1197,0.0,1.0
1198,0.25,0.75
1199,0.0,1.0
1200,0.5,0.5
1201,0.55,0.45
1202,0.0,1.0
1203,0.0,1.0
1204,1.0,0.0
1205,1.0,0.0
1206,1.0,0.0
1207,0.5,0.5
1208,0.5,0.5
1209,0.5,0.5
1210,0.0,1.0
1211,1.0,0.0
1212,0.5,0.5
1213,0.5,0.5
1214,0.125,0.875
1215,0.5,0.5
1216,0.0,1.0
1217,0.08333333333333337,0.9166666666666666
1218,0.0,1.0
1219,0.0,1.0
1220,0.0,1.0
1221,0.0,1.0
1222,0.0,1.0
1223,0.16666666666666663,0.8333333333333334
1224,0.5,0.5
1225,0.0,1.0
1226,0.0,1.0
1227,0.0,1.0
1228,0.5,0.5
1229,0.25,0.75
1230,0.0,1.0
1231,0.5,0.5
1232,1.0,0.0
1233,0.4,0.6
1234,0.16666666666666663,0.8333333333333334
1235,0.0,1.0
1236,0.5,0.5
1237,0.0,1.0
1238,0.75,0.25
1239,1.0,0.0
1240,0.5,0.5
1241,0.5625,0.4375
1242,0.6,0.4
1243,0.6875,0.3125
1244,0.75,0.25
1245,0.6666666666666667,0.3333333333333333
1246,0.5,0.5
1247,1.0,0.0
1248,0.0,1.0
1249,1.0,0.0
1250,1.0,0.0
1251,0.625,0.375
1252,0.5,0.5
1253,0.6666666666666667,0.3333333333333333
1254,0.0,1.0
1255,1.0,0.0
1256,1.0,0.0
1257,1.0,0.0
1258,0.5681818181818181,0.4318181818181818
1259,0.25,0.75
1260,0.0,1.0
1261,0.5,0.5
1262,0.0,1.0
1263,0.5,0.5
1264,0.33333333333333337,0.6666666666666666
1265,0.5,0.5
1266,0.5,0.5
1267,0.5,0.5
1268,0.0,1.0
1269,1.0,0.0
1270,0.5,0.5
1271,1.0,0.0
1272,0.0,1.0
1273,0.6923076923076923,0.3076923076923077
1274,0.6363636363636364,0.36363636363636365
1275,0.7,0.3
1276,0.625,0.375
1277,0.5,0.5
1278,0.75,0.25
1279,1.0,0.0
1280,0.5,0.5
1281,0.0,1.0
1282,1.0,0.0
1283,1.0,0.0
1284,0.5833333333333333,0.4166666666666667
1285,0.0,1.0
1286,0.5,0.5
1287,0.75,0.25
1288,1.0,0.0
1289,0.6666666666666667,0.3333333333333333
1290,0.5,0.5
1291,0.75,0.25
1292,1.0,0.0
1293,0.5,0.5
1294,1.0,0.0
1295,1.0,0.0
1296,1.0,0.0
1297,0.0,1.0
1298,0.0,1.0
1299,0.0,1.0
1300,0.5,0.5
1301,0.75,0.25
1302,1.0,0.0
1303,0.5,0.5
1304,0.6666666666666667,0.3333333333333333
1305,0.5,0.5
1306,0.75,0.25
1307,1.0,0.0
1308,0.5,0.5
1309,0.0,1.0
1310,0.0,1.0
1311,0.0,1.0
1312,0.37777777777777777,0.6222222222222222
1313,0.0,1.0
1314,0.0,1.0
1315,0.0,1.0
1316,0.0,1.0
1317,0.0,1.0
1318,0.0,1.0
1319,0.625,0.375
1320,0.5,0.5
1321,0.0,1.0
1322,0.75,0.25
1323,0.5,0.5
1324,1.0,0.0
1325,1.0,0.0
1326,0.38888888888888884,0.6111111111111112
1327,0.25,0.75
1328,0.0,1.0
1329,0.5,0.5
1330,0.5,0.5
1331,0.5,0.5
1332,0.5,0.5
1333,0.5,0.5
1334,1.0,0.0
1335,0.0,1.0
1336,0.0,1.0
1337,0.6666666666666667,0.3333333333333333
1338,1.0,0.0
1339,0.0,1.0
1340,1.0,0.0
1341,0.3125,0.6875
1342,0.0,1.0
1343,0.0,1.0
1344,0.6666666666666667,0.3333333333333333
1345,0.0,1.0
1346,1.0,0.0
1347,1.0,0.0
1348,1.0,0.0
1349,0.5,0.5
1350,0.0,1.0
1351,0.0,1.0
1352,0.0,1.0
1353,0.39473684210526316,0.6052631578947368
1354,1.0,0.0
1355,0.0,1.0
1356,0.38235294117647056,0.6176470588235294
1357,0.5,0.5
1358,0.375,0.625
1359,0.5,0.5
1360,0.5,0.5
1361,0.5,0.5
1362,0.5,0.5
1363,0.5,0.5
1364,0.0,1.0
1365,0.0,1.0
1366,0.5,0.5
1367,0.6666666666666667,0.3333333333333333
1368,0.5,0.5
1369,0.75,0.25
1370,1.0,0.0
1371,0.5,0.5
1372,0.5,0.5
1373,0.25,0.75
1374,0.5,0.5
1375,0.0,1.0
1376,0.5,0.5
1377,0.16666666666666663,0.8333333333333334
1378,0.0,1.0
1379,0.25,0.75
1380,0.5,0.5
1381,0.0,1.0
1382,0.6689189189189189,0.3310810810810811
1383,0.84375,0.15625
1384,0.8636363636363636,0.13636363636363635
1385,1.0,0.0
1386,1.0,0.0
1387,1.0,0.0
1388,1.0,0.0
1389,1.0,0.0
1390,1.0,0.0
1391,0.0,1.0
1392,1.0,0.0
1393,0.75,0.25
1394,0.5,0.5
1395,1.0,0.0
1396,1.0,0.0
1397,1.0,0.0
1398,1.0,0.0
1399,0.8,0.2
1400,1.0,0.0
1401,1.0,0.0
1402,1.0,0.0
1403,1.0,0.0
1404,1.0,0.0
1405,1.0,0.0
1406,1.0,0.0
1407,0.0,1.0
1408,0.7058823529411764,0.29411764705882354
1409,0.7333333333333334,0.26666666666666666
1410,0.75,0.25
1411,1.0,0.0
1412,0.5,0.5
1413,1.0,0.0
1414,0.0,1.0
1415,1.0,0.0
1416,1.0,0.0
1417,1.0,0.0
1418,1.0,0.0
1419,0.5833333333333333,0.4166666666666667
1420,0.33333333333333337,0.6666666666666666
1421,0.0,1.0
1422,1.0,0.0
1423,0.0,1.0
1424,0.8333333333333334,0.16666666666666666
1425,1.0,0.0
1426,1.0,0.0
1427,0.5,0.5
1428,1.0,0.0
1429,1.0,0.0
1430,1.0,0.0
1431,0.5,0.5
1432,0.5,0.5
1433,1.0,0.0
1434,0.0,1.0
1435,0.653061224489796,0.3469387755102041
1436,0.6375,0.3625
1437,0.64,0.36
1438,1.0,0.0
1439,1.0,0.0
1440,0.75,0.25
1441,0.5,0.5
1442,1.0,0.0
1443,0.0,1.0
1444,0.0,1.0
1445,0.6428571428571428,0.35714285714285715
1446,0.7,0.3
1447,0.625,0.375
1448,0.5,0.5
1449,0.0,1.0
1450,1.0,0.0
1451,0.75,0.25
1452,1.0,0.0
1453,0.5,0.5
1454,1.0,0.0
1455,0.5,0.5
1456,1.0,0.0
1457,0.0,1.0
1458,0.875,0.125
1459,1.0,0.0
1460,0.75,0.25
1461,0.5,0.5
1462,1.0,0.0
1463,1.0,0.0
1464,0.375,0.625
1465,0.33333333333333337,0.6666666666666666
1466,0.0,1.0
1467,0.5,0.5
1468,0.0,1.0
1469,1.0,0.0
1470,0.5,0.5
1471,0.75,0.25
1472,1.0,0.0
1473,0.6666666666666667,0.3333333333333333
1474,0.5,0.5
1475,0.5,0.5
1476,0.5,0.5
1477,1.0,0.0
1478,0.6333333333333333,0.36666666666666664
1479,1.0,0.0
1480,1.0,0.0
1481,0.5,0.5
1482,0.5,0.5
1483,0.5,0.5
1484,0.5,0.5
1485,0.5,0.5
1486,1.0,0.0
1487,1.0,0.0
1488,1.0,0.0
1489,0.25,0.75
1490,0.5,0.5
1491,0.0,1.0
1492,0.5,0.5
1493,1.0,0.0
1494,0.25,0.75
1495,0.5,0.5
1496,0.0,1.0
1497,0.5,0.5
1498,1.0,0.0
1499,0.7222222222222222,0.2777777777777778
1500,0.7857142857142857,0.21428571428571427
1501,0.75,0.25
1502,1.0,0.0
1503,0.7,0.3
1504,1.0,0.0
1505,1.0,0.0
1506,1.0,0.0
1507,0.5,0.5
1508,1.0,0.0
1509,0.0,1.0
1510,0.5,0.5
1511,1.0,0.0
1512,0.5,0.5
1513,0.0,1.0
1514,1.0,0.0
1515,0.6287878787878788,0.3712121212121212
1516,0.5,0.5
1517,0.25,0.75
1518,0.5,0.5
1519,0.0,1.0
1520,0.75,0.25
1521,0.5,0.5
1522,1.0,0.0
1523,0.5,0.5
1524,0.5,0.5
1525,0.5,0.5
1526,0.5,0.5
1527,0.25,0.75
1528,0.0,1.0
1529,0.5,0.5
1530,1.0,0.0
1531,0.5,0.5
1532,0.5,0.5
1533,0.6517857142857143,0.3482142857142857
1534,0.6153846153846154,0.38461538461538464
1535,0.0,1.0
1536,0.6875,0.3125
1537,0.75,0.25
1538,0.5,0.5
1539,1.0,0.0
1540,0.5,0.5
1541,0.0,1.0
1542,1.0,0.0
1543,0.75,0.25
1544,0.0,1.0
1545,1.0,0.0
1546,1.0,0.0
1547,1.0,0.0
1548,0.5,0.5
1549,1.0,0.0
1550,1.0,0.0
1551,1.0,0.0
1552,1.0,0.0
1553,1.0,0.0
1554,0.33333333333333337,0.6666666666666666
1555,0.0,1.0
1556,0.0,1.0
1557,1.0,0.0
1558,0.5555555555555556,0.4444444444444444
1559,0.5,0.5
1560,0.6666666666666667,0.3333333333333333
1561,0.8,0.2
1562,1.0,0.0
1563,0.75,0.25
1564,1.0,0.0
1565,1.0,0.0
1566,0.5,0.5
1567,0.0,1.0
1568,1.0,0.0
1569,0.0,1.0
1570,0.25,0.75
1571,0.5,0.5
1572,0.0,1.0
1573,0.6833333333333333,0.31666666666666665
1574,0.5,0.5
1575,1.0,0.0
1576,0.0,1.0
1577,0.0,1.0
1578,1.0,0.0
1579,1.0,0.0
1580,0.33333333333333337,0.6666666666666666
1581,0.5,0.5
1582,0.25,0.75
1583,0.5,0.5
1584,0.0,1.0
1585,0.75,0.25
1586,1.0,0.0
1587,1.0,0.0
1588,1.0,0.0
1589,0.0,1.0
1590,1.0,0.0
1591,1.0,0.0
1592,1.0,0.0
1593,1.0,0.0
1594,1.0,0.0
1595,1.0,0.0
1596,1.0,0.0
1597,0.33333333333333337,0.6666666666666666
1598,0.25,0.75
1599,0.5,0.5
1600,0.0,1.0
1601,0.5,0.5
1602,0.5,0.5
1603,0.75,0.25
1604,1.0,0.0
1605,0.7142857142857143,0.2857142857142857
1606,0.5,0.5
1607,1.0,0.0
1608,0.5,0.5
1609,0.5,0.5
1610,0.75,0.25
1611,0.5,0.5
1612,1.0,0.0
1613,1.0,0.0
1614,0.6663286004056795,0.33367139959432046
1615,0.6085714285714285,0.3914285714285714
1616,0.5714285714285714,0.42857142857142855
1617,0.6666666666666667,0.3333333333333333
1618,1.0,0.0
1619,1.0,0.0
1620,1.0,0.0
1621,0.5,0.5
1622,0.75,0.25
1623,1.0,0.0
1624,0.5,0.5
1625,0.25,0.75
1626,0.0,1.0
1627,0.5,0.5
1628,0.0,1.0
1629,0.6346153846153846,0.36538461538461536
1630,0.6666666666666667,0.3333333333333333
1631,0.0,1.0
1632,1.0,0.0
1633,1.0,0.0
1634,1.0,0.0
1635,0.5,0.5
1636,0.6666666666666667,0.3333333333333333
1637,0.5,0.5
1638,0.75,0.25
1639,1.0,0.0
1640,0.5,0.5
1641,0.0,1.0
1642,0.5625,0.4375
1643,0.6666666666666667,0.3333333333333333
1644,0.5,0.5
1645,0.5,0.5
1646,1.0,0.0
1647,0.5,0.5
1648,0.5,0.5
1649,0.25,0.75
1650,0.5,0.5
1651,0.0,1.0
1652,0.75,0.25
1653,0.5,0.5
1654,1.0,0.0
1655,0.7272727272727273,0.2727272727272727
1656,0.0,1.0
1657,1.0,0.0
1658,0.5,0.5
1659,1.0,0.0
1660,0.75,0.25
1661,0.5,0.5
1662,1.0,0.0
1663,0.6666666666666667,0.3333333333333333
1664,1.0,0.0
1665,0.5,0.5
1666,0.5,0.5
1667,0.5,0.5
1668,1.0,0.0
1669,1.0,0.0
1670,1.0,0.0
1671,0.6,0.4
1672,1.0,0.0
1673,1.0,0.0
1674,0.75,0.25
1675,1.0,0.0
1676,0.5,0.5
1677,0.75,0.25
1678,0.5,0.5
1679,1.0,0.0
1680,0.75,0.25
1681,0.5,0.5
1682,1.0,0.0
1683,1.0,0.0
1684,0.5,0.5
1685,0.16666666666666663,0.8333333333333334
1686,0.0,1.0
1687,0.25,0.75
1688,0.0,1.0
1689,0.5,0.5
1690,0.25,0.75
1691,0.5,0.5
1692,0.0,1.0
1693,0.6944444444444444,0.3055555555555556
1694,0.0,1.0
1695,0.6666666666666667,0.3333333333333333
1696,1.0,0.0
1697,0.5,0.5
1698,0.0,1.0
1699,1.0,0.0
1700,0.75,0.25
1701,0.7307692307692308,0.2692307692307692
1702,0.75,0.25
1703,1.0,0.0
1704,0.5,0.5
1705,1.0,0.0
1706,1.0,0.0
1707,0.0,1.0
1708,0.0,1.0
1709,0.5,0.5
1710,0.75,0.25
1711,0.5,0.5
1712,1.0,0.0
1713,1.0,0.0
1714,1.0,0.0
1715,1.0,0.0
1716,1.0,0.0
1717,1.0,0.0
1718,1.0,0.0
1719,0.7,0.3
1720,1.0,0.0
1721,1.0,0.0
1722,1.0,0.0
1723,0.6,0.4
1724,0.5,0.5
1725,0.5,0.5
1726,0.5,0.5
1727,0.5,0.5
1728,1.0,0.0
1729,0.0,1.0
1730,1.0,0.0
1731,1.0,0.0
1732,0.6666666666666667,0.3333333333333333
1733,0.5,0.5
1734,0.0,1.0
1735,1.0,0.0
1736,0.75,0.25
1737,0.5,0.5
1738,1.0,0.0
1739,0.75,0.25
1740,1.0,0.0
1741,0.5,0.5
1742,0.6666666666666667,0.3333333333333333
1743,0.5,0.5
1744,0.5,0.5
1745,0.5,0.5
1746,0.75,0.25
1747,0.75,0.25
1748,1.0,0.0
1749,0.5,0.5
1750,0.75,0.25
1751,0.5,0.5
1752,1.0,0.0
1753,0.5454545454545454,0.45454545454545453
1754,0.16666666666666663,0.8333333333333334
1755,0.25,0.75
1756,0.5,0.5
1757,0.0,1.0
1758,0.0,1.0
1759,0.5,0.5
1760,0.5,0.5
1761,0.5,0.5
1762,0.5,0.5
1763,0.5,0.5
1764,0.75,0.25
1765,0.5,0.5
1766,1.0,0.0
1767,0.0,1.0
1768,0.8333333333333334,0.16666666666666666
1769,0.75,0.25
1770,1.0,0.0
1771,0.5,0.5
1772,1.0,0.0
1773,0.0,1.0
1774,0.0,1.0
1775,0.0,1.0
1776,0.5,0.5
1777,0.5,0.5
1778,0.0,1.0
1779,1.0,0.0
1780,0.5,0.5
1781,0.5,0.5
1782,0.5,0.5
1783,0.0,1.0
1784,0.0,1.0
1785,0.0,1.0
1786,0.8,0.2
1787,1.0,0.0
1788,1.0,0.0
1789,1.0,0.0
1790,0.6666666666666667,0.3333333333333333
1791,0.5,0.5
1792,0.75,0.25
1793,1.0,0.0
1794,0.5,0.5
1795,0.875,0.125
1796,1.0,0.0
1797,1.0,0.0
1798,0.75,0.25
1799,0.5,0.5
1800,1.0,0.0
1801,0.625,0.375
1802,0.5,0.5
1803,0.5,0.5
1804,0.5,0.5
1805,0.75,0.25
1806,0.5,0.5
1807,1.0,0.0
1808,0.5803571428571428,0.41964285714285715
1809,0.30000000000000004,0.7
1810,0.0,1.0
1811,0.5,0.5
1812,0.5,0.5
1813,0.5,0.5
1814,0.5,0.5
1815,0.0,1.0
1816,0.607843137254902,0.39215686274509803
1817,0.6111111111111112,0.3888888888888889
1818,0.75,0.25
1819,1.0,0.0
1820,0.5,0.5
1821,0.5833333333333333,0.4166666666666667
1822,0.5,0.5
1823,0.5,0.5
1824,0.5,0.5
1825,0.625,0.375
1826,1.0,0.0
1827,0.5,0.5
1828,1.0,0.0
1829,0.25,0.75
1830,0.5,0.5
1831,0.0,1.0
1832,1.0,0.0
1833,0.5,0.5
1834,0.5,0.5
1835,0.5,0.5
1836,0.7,0.3
1837,0.5,0.5
1838,0.75,0.25
1839,0.75,0.25
1840,0.5,0.5
1841,1.0,0.0
1842,0.75,0.25
1843,0.5,0.5
1844,1.0,0.0
1845,0.5,0.5
1846,0.75,0.25
1847,1.0,0.0
1848,0.5,0.5
1849,1.0,0.0
1850,0.0,1.0
1851,0.0,1.0
1852,0.0,1.0
1853,0.6666666666666667,0.3333333333333333
1854,0.0,1.0
1855,1.0,0.0
1856,0.5,0.5
1857,1.0,0.0
1858,0.5,0.5
1859,0.0,1.0
1860,1.0,0.0
1861,0.5,0.5
1862,1.0,0.0
1863,1.0,0.0
1864,1.0,0.0
1865,0.5,0.5
1866,0.7,0.3
1867,1.0,0.0
1868,0.6666666666666667,0.3333333333333333
1869,0.5,0.5
1870,0.75,0.25
1871,1.0,0.0
1872,0.5,0.5
1873,0.5,0.5
1874,0.5,0.5
1875,1.0,0.0
1876,0.0,1.0
1877,0.5,0.5
1878,1.0,0.0
1879,0.0,1.0
1880,0.5,0.5
1881,0.25,0.75
1882,0.0,1.0
1883,0.5,0.5
1884,1.0,0.0
1885,0.5833333333333333,0.4166666666666667
1886,1.0,0.0
1887,0.5,0.5
1888,0.5,0.5
1889,0.5,0.5
1890,0.5,0.5
1891,0.5,0.5
1892,0.5,0.5
1893,1.0,0.0
1894,0.0,1.0
1895,0.6981132075471699,0.3018867924528302
1896,0.625,0.375
1897,0.6428571428571428,0.35714285714285715
1898,0.0,1.0
1899,0.8333333333333334,0.16666666666666666
1900,1.0,0.0
1901,0.5,0.5
1902,1.0,0.0
1903,0.5,0.5
1904,0.75,0.25
1905,1.0,0.0
1906,0.5,0.5
1907,0.6222222222222222,0.37777777777777777
1908,0.33333333333333337,0.6666666666666666
1909,0.5,0.5
1910,0.0,1.0
1911,1.0,0.0
1912,0.0,1.0
1913,0.7352941176470589,0.2647058823529412
1914,0.7333333333333334,0.26666666666666666
1915,0.5,0.5
1916,0.75,0.25
1917,0.5,0.5
1918,0.7692307692307692,0.23076923076923078
1919,0.75,0.25
1920,0.5,0.5
1921,1.0,0.0
1922,0.0,1.0
1923,1.0,0.0
1924,0.8333333333333334,0.16666666666666666
1925,1.0,0.0
1926,0.75,0.25
1927,0.5,0.5
1928,1.0,0.0
1929,1.0,0.0
1930,0.75,0.25
1931,1.0,0.0
1932,0.5,0.5
1933,1.0,0.0
1934,0.75,0.25
1935,1.0,0.0
1936,0.5,0.5
1937,0.75,0.25
1938,0.5,0.5
1939,1.0,0.0
1940,0.5800000000000001,0.42
1941,0.5,0.5
1942,0.0,1.0
1943,1.0,0.0
1944,0.0,1.0
1945,0.0,1.0
1946,0.0,1.0
1947,0.0,1.0
1948,0.875,0.125
1949,1.0,0.0
1950,1.0,0.0
1951,1.0,0.0
1952,1.0,0.0
1953,1.0,0.0
1954,1.0,0.0
1955,0.6666666666666667,0.3333333333333333
1956,1.0,0.0
1957,0.5,0.5
1958,0.0,1.0
1959,1.0,0.0
1960,0.5,0.5
1961,0.5,0.5
1962,0.5,0.5
1963,0.30000000000000004,0.7
1964,1.0,0.0
1965,0.0,1.0
1966,0.0,1.0
1967,0.25,0.75
1968,0.0,1.0
1969,0.5,0.5
1970,0.875,0.125
1971,1.0,0.0
1972,0.8333333333333334,0.16666666666666666
1973,1.0,0.0
1974,0.75,0.25
1975,0.5,0.5
1976,1.0,0.0
1977,0.725,0.275
1978,0.75,0.25
1979,0.5,0.5
1980,1.0,0.0
1981,0.0,1.0
1982,0.7777777777777778,0.2222222222222222
1983,0.8,0.2
1984,0.75,0.25
1985,1.0,0.0
1986,1.0,0.0
1987,1.0,0.0
1988,1.0,0.0
1989,1.0,0.0
1990,0.0,1.0
1991,1.0,0.0
1992,0.7692307692307692,0.23076923076923078
1993,0.5,0.5
1994,0.5,0.5
1995,0.6666666666666667,0.3333333333333333
1996,0.5,0.5
1997,0.5,0.5
1998,0.5,0.5
1999,1.0,0.0
2000,0.875,0.125
2001,1.0,0.0
2002,1.0,0.0
2003,1.0,0.0
2004,1.0,0.0
2005,1.0,0.0
2006,0.5,0.5
2007,1.0,0.0
2008,0.0,1.0
2009,1.0,0.0
2010,0.7,0.3
2011,1.0,0.0
2012,0.75,0.25
2013,1.0,0.0
2014,0.6666666666666667,0.3333333333333333
2015,1.0,0.0
2016,0.5,0.5
2017,1.0,0.0
2018,0.0,1.0
2019,0.6666666666666667,0.3333333333333333
2020,1.0,0.0
2021,0.5,0.5
2022,0.5,0.5
2023,0.5,0.5
2024,0.6666666666666667,0.3333333333333333
2025,0.5,0.5
2026,1.0,0.0
2027,0.65,0.35
2028,1.0,0.0
2029,0.5,0.5
2030,1.0,0.0
2031,0.0,1.0
2032,0.0,1.0
2033,1.0,0.0
2034,1.0,0.0
2035,1.0,0.0
2036,1.0,0.0
2037,1.0,0.0
2038,0.25,0.75
2039,0.5,0.5
2040,0.0,1.0
2041,0.676056338028169,0.323943661971831
2042,0.7241379310344828,0.27586206896551724
2043,0.7222222222222222,0.2777777777777778
2044,0.7352941176470589,0.2647058823529412
2045,0.7666666666666666,0.23333333333333334
2046,1.0,0.0
2047,0.5,0.5
2048,0.0,1.0
2049,1.0,0.0
2050,1.0,0.0
2051,0.5,0.5
2052,0.6666666666666667,0.3333333333333333
2053,0.5,0.5
2054,1.0,0.0
2055,0.0,1.0
2056,1.0,0.0
2057,1.0,0.0
2058,1.0,0.0
2059,1.0,0.0
2060,1.0,0.0
2061,1.0,0.0
2062,0.75,0.25
2063,1.0,0.0
2064,0.5,0.5
2065,0.5,0.5
2066,1.0,0.0
2067,0.0,1.0
2068,0.5,0.5
2069,0.7272727272727273,0.2727272727272727
2070,1.0,0.0
2071,0.7,0.3
2072,1.0,0.0
2073,1.0,0.0
2074,0.8333333333333334,0.16666666666666666
2075,0.75,0.25
2076,1.0,0.0
2077,0.5,0.5
2078,1.0,0.0
2079,0.0,1.0
2080,0.5,0.5
2081,1.0,0.0
2082,1.0,0.0
2083,0.0,1.0
2084,0.6428571428571428,0.35714285714285715
2085,1.0,0.0
2086,0.5,0.5
2087,0.5,0.5
2088,0.5,0.5
2089,0.5,0.5
2090,0.55,0.45
2091,1.0,0.0
2092,0.4,0.6
2093,0.0,1.0
2094,0.5,0.5
2095,0.5,0.5
2096,0.5,0.5
2097,0.5,0.5
2098,0.5,0.5
2099,0.0,1.0
2100,1.0,0.0
2101,0.5,0.5
2102,0.75,0.25
2103,1.0,0.0
2104,0.5,0.5
2105,0.5,0.5
2106,0.75,0.25
2107,1.0,0.0
2108,0.5,0.5
2109,1.0,0.0
2110,0.5,0.5
2111,1.0,0.0
2112,1.0,0.0
2113,0.5,0.5
2114,0.75,0.25
2115,0.5,0.5
2116,1.0,0.0
2117,0.5,0.5
2118,0.5,0.5
2119,0.5,0.5
2120,1.0,0.0
2121,0.6071428571428572,0.39285714285714285
2122,0.6,0.4
2123,0.5,0.5
2124,0.625,0.375
2125,0.5,0.5
2126,0.6666666666666667,0.3333333333333333
2127,1.0,0.0
2128,0.5,0.5
2129,0.0,1.0
2130,1.0,0.0
2131,0.5,0.5
2132,0.0,1.0
2133,0.5,0.5
2134,1.0,0.0
2135,0.5,0.5
2136,0.5,0.5
2137,0.6666666666666667,0.3333333333333333
2138,1.0,0.0
2139,0.5,0.5
2140,0.5,0.5
2141,0.5,0.5
2142,1.0,0.0
2143,0.75,0.25
2144,1.0,0.0
2145,0.5,0.5
2146,0.7,0.3
2147,0.8333333333333334,0.16666666666666666
2148,1.0,0.0
2149,0.75,0.25
2150,0.5,0.5
2151,1.0,0.0
2152,0.5,0.5
2153,0.0,1.0
2154,1.0,0.0
2155,0.8666666666666667,0.13333333333333333
2156,0.8620689655172413,0.13793103448275862
2157,0.875,0.125
2158,1.0,0.0
2159,1.0,0.0
2160,1.0,0.0
2161,0.5,0.5
2162,0.0,1.0
2163,1.0,0.0
2164,1.0,0.0
2165,1.0,0.0
2166,1.0,0.0
2167,1.0,0.0
2168,1.0,0.0
2169,1.0,0.0
2170,0.8571428571428572,0.14285714285714285
2171,0.875,0.125
2172,1.0,0.0
2173,1.0,0.0
2174,0.875,0.125
2175,1.0,0.0
2176,0.8333333333333334,0.16666666666666666
2177,1.0,0.0
2178,0.5,0.5
2179,1.0,0.0
2180,1.0,0.0
2181,0.6666666666666667,0.3333333333333333
2182,0.5,0.5
2183,1.0,0.0
2184,0.5,0.5
2185,0.9,0.1
2186,0.5,0.5
2187,1.0,0.0
2188,1.0,0.0
2189,1.0,0.0
2190,1.0,0.0
2191,1.0,0.0
2192,1.0,0.0
2193,0.75,0.25
2194,0.5,0.5
2195,1.0,0.0
2196,1.0,0.0
2197,1.0,0.0
2198,1.0,0.0
2199,1.0,0.0
2200,1.0,0.0
2201,0.5,0.5
2202,1.0,0.0
2203,0.6833333333333333,0.31666666666666665
2204,0.5,0.5
2205,1.0,0.0
2206,0.0,1.0
2207,0.6896551724137931,0.3103448275862069
2208,0.7169811320754718,0.2830188679245283
2209,0.75,0.25
2210,0.5,0.5
2211,1.0,0.0
2212,1.0,0.0
2213,1.0,0.0
2214,1.0,0.0
2215,0.6428571428571428,0.35714285714285715
2216,1.0,0.0
2217,0.5,0.5
2218,1.0,0.0
2219,0.25,0.75
2220,0.5,0.5
2221,0.0,1.0
2222,1.0,0.0
2223,0.5,0.5
2224,0.0,1.0
2225,1.0,0.0
2226,0.0,1.0
2227,1.0,0.0
2228,0.85,0.15
2229,0.8333333333333334,0.16666666666666666
2230,0.75,0.25
2231,0.5,0.5
2232,1.0,0.0
2233,0.8571428571428572,0.14285714285714285
2234,1.0,0.0
2235,1.0,0.0
2236,0.5,0.5
2237,0.8333333333333334,0.16666666666666666
2238,1.0,0.0
2239,0.75,0.25
2240,1.0,0.0
2241,0.5,0.5
2242,1.0,0.0
2243,1.0,0.0
2244,0.8571428571428572,0.14285714285714285
2245,1.0,0.0
2246,1.0,0.0
2247,1.0,0.0
2248,1.0,0.0
2249,0.75,0.25
2250,1.0,0.0
2251,0.5,0.5
2252,0.5,0.5
2253,0.5,0.5
2254,0.0,1.0
2255,0.75,0.25
2256,1.0,0.0
2257,0.5,0.5
2258,0.5,0.5
2259,0.6578947368421053,0.34210526315789475
2260,0.6388888888888888,0.3611111111111111
2261,0.6538461538461539,0.34615384615384615
2262,0.5,0.5
2263,0.5,0.5
2264,0.5,0.5
2265,0.375,0.625
2266,0.0,1.0
2267,0.0,1.0
2268,0.0,1.0
2269,0.75,0.25
2270,0.5,0.5
2271,1.0,0.0
2272,1.0,0.0
2273,1.0,0.0
2274,1.0,0.0
2275,1.0,0.0
2276,1.0,0.0
2277,0.5,0.5
2278,1.0,0.0
2279,0.0,1.0
2280,1.0,0.0
2281,1.0,0.0
2282,1.0,0.0
2283,0.6,0.4
2284,0.5,0.5
2285,0.5,0.5
2286,0.0,1.0
2287,1.0,0.0
2288,0.75,0.25
2289,1.0,0.0
2290,0.5,0.5
2291,1.0,0.0
2292,0.4,0.6
2293,0.0,1.0
2294,0.5,0.5
2295,0.5,0.5
2296,0.75,0.25
2297,0.5,0.5
2298,1.0,0.0
2299,0.0,1.0
2300,0.5,0.5
2301,0.7,0.3
2302,0.6951219512195121,0.3048780487804878
2303,0.703125,0.296875
2304,0.0,1.0
2305,0.75,0.25
2306,1.0,0.0
2307,0.5,0.5
2308,0.5833333333333333,0.4166666666666667
2309,0.5,0.5
2310,0.75,0.25
2311,0.5,0.5
2312,1.0,0.0
2313,0.5,0.5
2314,0.5,0.5
2315,0.5,0.5
2316,0.5,0.5
2317,1.0,0.0
2318,1.0,0.0
2319,1.0,0.0
2320,0.5,0.5
2321,0.6,0.4
2322,0.5,0.5
2323,0.625,0.375
2324,1.0,0.0
2325,0.5,0.5
2326,0.5,0.5
2327,0.0,1.0
2328,1.0,0.0
2329,0.5,0.5
2330,0.75,0.25
2331,0.75,0.25
2332,0.5,0.5
2333,1.0,0.0
2334,0.75,0.25
2335,1.0,0.0
2336,1.0,0.0
2337,1.0,0.0
2338,1.0,0.0
2339,1.0,0.0
2340,0.0,1.0
2341,1.0,0.0
2342,1.0,0.0
2343,1.0,0.0
2344,1.0,0.0
2345,1.0,0.0
2346,0.7,0.3
2347,0.0,1.0
2348,0.875,0.125
2349,1.0,0.0
2350,1.0,0.0
2351,1.0,0.0
2352,0.75,0.25
2353,1.0,0.0
2354,0.5,0.5
2355,0.6666666666666667,0.3333333333333333
2356,0.75,0.25
2357,0.5,0.5
2358,1.0,0.0
2359,0.6428571428571428,0.35714285714285715
2360,1.0,0.0
2361,0.5,0.5
2362,1.0,0.0
2363,0.5,0.5
2364,0.5,0.5
2365,0.5,0.5
2366,0.5,0.5
2367,0.5,0.5
2368,0.5,0.5
2369,1.0,0.0
2370,1.0,0.0
2371,1.0,0.0
2372,0.6666666666666667,0.3333333333333333
2373,0.5,0.5
2374,0.75,0.25
2375,1.0,0.0
2376,0.5,0.5
2377,0.6538461538461539,0.34615384615384615
2378,0.6111111111111112,0.3888888888888889
2379,1.0,0.0
2380,0.5,0.5
2381,0.0,1.0
2382,1.0,0.0
2383,0.5,0.5
2384,1.0,0.0
2385,0.5,0.5
2386,0.5,0.5
2387,0.5,0.5
2388,0.5,0.5
2389,0.75,0.25
2390,0.75,0.25
2391,0.5,0.5
2392,1.0,0.0
2393,0.75,0.25
2394,1.0,0.0
2395,0.5,0.5
2396,1.0,0.0
2397,0.6691896705253785,0.3308103294746215
2398,0.5327380952380952,0.46726190476190477
2399,0.515625,0.484375
2400,0.4885057471264368,0.5114942528735632
2401,0.5,0.5
2402,0.5,0.5
2403,1.0,0.0
2404,0.25,0.75
2405,0.5,0.5
2406,0.0,1.0
2407,0.35,0.65
2408,0.0,1.0
2409,1.0,0.0
2410,0.75,0.25
2411,0.5,0.5
2412,1.0,0.0
2413,0.0,1.0
2414,0.25,0.75
2415,1.0,0.0
2416,0.0,1.0
2417,0.0,1.0
2418,0.0,1.0
2419,0.0,1.0
2420,0.6,0.4
2421,0.75,0.25
2422,0.5,0.5
2423,1.0,0.0
2424,0.5,0.5
2425,0.0,1.0
2426,1.0,0.0
2427,1.0,0.0
2428,1.0,0.0
2429,0.5,0.5
2430,0.0,1.0
2431,0.75,0.25
2432,1.0,0.0
2433,0.5,0.5
2434,0.75,0.25
2435,1.0,0.0
2436,0.5,0.5
2437,0.5,0.5
2438,0.5,0.5
2439,0.5,0.5
2440,0.5,0.5
2441,0.5,0.5
2442,1.0,0.0
2443,0.0,1.0
2444,0.625,0.375
2445,0.5,0.5
2446,0.5,0.5
2447,0.75,0.25
2448,0.5,0.5
2449,1.0,0.0
2450,0.16666666666666663,0.8333333333333334
2451,0.0,1.0
2452,0.25,0.75
2453,0.5,0.5
2454,0.0,1.0
2455,0.8333333333333334,0.16666666666666666
2456,0.5,0.5
2457,1.0,0.0
2458,1.0,0.0
2459,1.0,0.0
2460,0.625,0.375
2461,0.6,0.4
2462,1.0,0.0
2463,0.0,1.0
2464,0.5,0.5
2465,1.0,0.0
2466,0.0,1.0
2467,1.0,0.0
2468,0.6666666666666667,0.3333333333333333
2469,0.5,0.5
2470,0.75,0.25
2471,0.5,0.5
2472,1.0,0.0
2473,0.41891891891891897,0.581081081081081
2474,0.25,0.75
2475,0.0,1.0
2476,0.5,0.5
2477,0.0,1.0
2478,0.6666666666666667,0.3333333333333333
2479,0.0,1.0
2480,1.0,0.0
2481,1.0,0.0
2482,1.0,0.0
2483,0.25,0.75
2484,0.0,1.0
2485,0.5,0.5
2486,1.0,0.0
2487,1.0,0.0
2488,1.0,0.0
2489,0.5,0.5
2490,0.5,0.5
2491,0.375,0.625
2492,0.0,1.0
2493,0.5,0.5
2494,0.0,1.0
2495,1.0,0.0
2496,0.5,0.5
2497,1.0,0.0
2498,0.5,0.5
2499,0.375,0.625
2500,0.41666666666666663,0.5833333333333334
2501,0.0,1.0
2502,0.5,0.5
2503,1.0,0.0
2504,0.375,0.625
2505,0.5,0.5
2506,0.5,0.5
2507,1.0,0.0
2508,0.0,1.0
2509,0.0,1.0
2510,0.25,0.75
2511,0.0,1.0
2512,0.5,0.5
2513,0.09999999999999998,0.9
2514,0.25,0.75
2515,0.5,0.5
2516,0.0,1.0
2517,0.0,1.0
2518,0.0,1.0
2519,0.0,1.0
2520,0.0,1.0
2521,0.0,1.0
2522,0.41666666666666663,0.5833333333333334
2523,0.625,0.375
2524,0.5,0.5
2525,0.6666666666666667,0.3333333333333333
2526,0.5,0.5
2527,0.5,0.5
2528,0.5,0.5
2529,1.0,0.0
2530,0.0,1.0
2531,0.0,1.0
2532,0.0,1.0
2533,0.75,0.25
2534,0.5,0.5
2535,1.0,0.0
2536,0.5,0.5
2537,0.5,0.5
2538,1.0,0.0
2539,0.0,1.0
2540,0.5,0.5
2541,0.5731707317073171,0.4268292682926829
2542,0.7352941176470589,0.2647058823529412
2543,0.7,0.3
2544,0.0,1.0
2545,1.0,0.0
2546,1.0,0.0
2547,0.0,1.0
2548,1.0,0.0
2549,1.0,0.0
2550,1.0,0.0
2551,0.75,0.25
2552,1.0,0.0
2553,1.0,0.0
2554,0.5,0.5
2555,1.0,0.0
2556,0.0,1.0
2557,0.7857142857142857,0.21428571428571427
2558,1.0,0.0
2559,1.0,0.0
2560,1.0,0.0
2561,0.7,0.3
2562,0.0,1.0
2563,0.5,0.5
2564,1.0,0.0
2565,1.0,0.0
2566,1.0,0.0
2567,1.0,0.0
2568,0.45833333333333337,0.5416666666666666
2569,0.25,0.75
2570,0.5,0.5
2571,0.0,1.0
2572,0.5,0.5
2573,0.75,0.25
2574,0.5,0.5
2575,1.0,0.0
2576,0.0,1.0
2577,0.4,0.6
2578,0.0,1.0
2579,0.0,1.0
2580,0.5,0.5
2581,0.0,1.0
2582,1.0,0.0
2583,1.0,0.0
2584,0.5,0.5
2585,0.4,0.6
2586,0.25,0.75
2587,0.5,0.5
2588,1.0,0.0
2589,0.0,1.0
2590,0.0,1.0
2591,0.0,1.0
2592,0.0,1.0
2593,1.0,0.0
2594,0.0,1.0
2595,0.0,1.0
2596,0.0,1.0
2597,0.0,1.0
2598,1.0,0.0
2599,1.0,0.0
2600,1.0,0.0
2601,1.0,0.0
2602,1.0,0.0
2603,1.0,0.0
2604,1.0,0.0
2605,0.5875,0.4125
2606,1.0,0.0
2607,0.5,0.5
2608,0.5,0.5
2609,0.75,0.25
2610,1.0,0.0
2611,0.6666666666666667,0.3333333333333333
2612,0.5,0.5
2613,0.75,0.25
2614,0.5,0.5
2615,1.0,0.0
2616,0.6666666666666667,0.3333333333333333
2617,0.75,0.25
2618,1.0,0.0
2619,0.5,0.5
2620,0.25,0.75
2621,0.0,1.0
2622,0.5,0.5
2623,1.0,0.0
2624,1.0,0.0
2625,1.0,0.0
2626,0.5,0.5
2627,1.0,0.0
2628,0.25,0.75
2629,0.0,1.0
2630,0.5,0.5
2631,0.5,0.5
2632,0.5,0.5
2633,1.0,0.0
2634,0.25,0.75
2635,0.0,1.0
2636,0.5,0.5
2637,0.5,0.5
2638,1.0,0.0
2639,0.0,1.0
2640,0.75,0.25
2641,1.0,0.0
2642,0.5,0.5
2643,0.6111111111111112,0.3888888888888889
2644,0.625,0.375
2645,0.5714285714285714,0.42857142857142855
2646,1.0,0.0
2647,0.5,0.5
2648,0.5,0.5
2649,0.5,0.5
2650,1.0,0.0
2651,0.0,1.0
2652,0.5,0.5
2653,0.0,1.0
2654,1.0,0.0
2655,0.5,0.5
2656,0.0,1.0
2657,1.0,0.0
2658,1.0,0.0
2659,0.5,0.5
2660,0.4285714285714286,0.5714285714285714
2661,0.75,0.25
2662,1.0,0.0
2663,0.5,0.5
2664,0.0,1.0
2665,0.5,0.5
2666,0.5,0.5
2667,0.5,0.5
2668,0.25,0.75
2669,0.5,0.5
2670,0.0,1.0
2671,0.6017964071856288,0.39820359281437123
2672,0.6041666666666667,0.3958333333333333
2673,0.6666666666666667,0.3333333333333333
2674,0.0,1.0
2675,1.0,0.0
2676,0.0,1.0
2677,0.875,0.125
2678,0.8333333333333334,0.16666666666666666
2679,1.0,0.0
2680,1.0,0.0
2681,1.0,0.0
2682,0.5,0.5
2683,1.0,0.0
2684,0.75,0.25
2685,0.5,0.5
2686,1.0,0.0
2687,0.125,0.875
2688,0.0,1.0
2689,0.0,1.0
2690,0.25,0.75
2691,0.0,1.0
2692,0.5,0.5
2693,0.5357142857142857,0.4642857142857143
2694,0.0,1.0
2695,0.5769230769230769,0.4230769230769231
2696,0.6363636363636364,0.36363636363636365
2697,0.25,0.75
2698,0.5,0.5
2699,0.0,1.0
2700,0.5,0.5
2701,0.0,1.0
2702,1.0,0.0
2703,1.0,0.0
2704,1.0,0.0
2705,1.0,0.0
2706,1.0,0.0
2707,1.0,0.0
2708,1.0,0.0
2709,0.6666666666666667,0.3333333333333333
2710,1.0,0.0
2711,0.5,0.5
2712,1.0,0.0
2713,0.0,1.0
2714,0.25,0.75
2715,0.0,1.0
2716,0.5,0.5
2717,0.5,0.5
2718,0.6666666666666667,0.3333333333333333
2719,0.5,0.5
2720,1.0,0.0
2721,0.0,1.0
2722,1.0,0.0
2723,0.33333333333333337,0.6666666666666666
2724,0.0,1.0
2725,0.0,1.0
2726,0.0,1.0
2727,1.0,0.0
2728,0.5714285714285714,0.42857142857142855
2729,0.5,0.5
2730,0.6666666666666667,0.3333333333333333
2731,1.0,0.0
2732,0.5,0.5
2733,0.5,0.5
2734,0.5,0.5
2735,0.0,1.0
2736,0.5806451612903225,0.41935483870967744
2737,0.5,0.5
2738,0.5,0.5
2739,1.0,0.0
2740,0.0,1.0
2741,0.5,0.5
2742,0.5,0.5
2743,0.75,0.25
2744,1.0,0.0
2745,0.6666666666666667,0.3333333333333333
2746,0.5,0.5
2747,0.75,0.25
2748,1.0,0.0
2749,0.5,0.5
2750,0.5,0.5
2751,1.0,0.0
2752,0.0,1.0
2753,0.75,0.25
2754,1.0,0.0
2755,0.5,0.5
2756,0.5,0.5
2757,0.5,0.5
2758,0.25,0.75
2759,0.5,0.5
2760,0.0,1.0
2761,1.0,0.0
2762,0.5769230769230769,0.4230769230769231
2763,1.0,0.0
2764,0.5,0.5
2765,1.0,0.0
2766,0.5,0.5
2767,0.75,0.25
2768,1.0,0.0
2769,0.5,0.5
2770,0.5,0.5
2771,0.5,0.5
2772,0.0,1.0
2773,1.0,0.0
2774,0.5,0.5
2775,0.25,0.75
2776,0.0,1.0
2777,0.5,0.5
2778,0.5,0.5
2779,0.5,0.5
2780,1.0,0.0
2781,0.0,1.0
2782,0.6666666666666667,0.3333333333333333
2783,0.8333333333333334,0.16666666666666666
2784,1.0,0.0
2785,0.75,0.25
2786,0.5,0.5
2787,1.0,0.0
2788,1.0,0.0
2789,0.0,1.0
2790,0.375,0.625
2791,0.0,1.0
2792,0.5,0.5
2793,0.5,0.5
2794,0.5,0.5
2795,0.0,1.0
2796,1.0,0.0
2797,0.5,0.5
2798,1.0,0.0
2799,0.0,1.0
2800,0.6666666666666667,0.3333333333333333
2801,1.0,0.0
2802,0.6,0.4
2803,1.0,0.0
2804,0.0,1.0
2805,0.6666666666666667,0.3333333333333333
2806,0.5,0.5
2807,0.0,1.0
2808,1.0,0.0
2809,1.0,0.0
2810,0.7142857142857143,0.2857142857142857
2811,1.0,0.0
2812,0.6,0.4
2813,1.0,0.0
2814,1.0,0.0
2815,0.0,1.0
2816,1.0,0.0
2817,0.0,1.0
2818,1.0,0.0
2819,0.9,0.1
2820,1.0,0.0
2821,0.875,0.125
2822,1.0,0.0
2823,0.8333333333333334,0.16666666666666666
2824,1.0,0.0
2825,0.5,0.5
2826,1.0,0.0
2827,0.6,0.4
2828,0.5,0.5
2829,0.625,0.375
2830,1.0,0.0
2831,0.5,0.5
2832,1.0,0.0
2833,0.5,0.5
2834,0.0,1.0
2835,0.625,0.375
2836,0.625,0.375
2837,1.0,0.0
2838,1.0,0.0
2839,0.0,1.0
2840,1.0,0.0
2841,1.0,0.0
2842,0.5,0.5
2843,1.0,0.0
2844,0.5,0.5
2845,0.0,1.0
2846,0.5,0.5
2847,0.75,0.25
2848,0.5,0.5
2849,1.0,0.0
2850,0.25,0.75
2851,0.0,1.0
2852,0.5,0.5
2853,0.625,0.375
2854,0.5,0.5
2855,0.75,0.25
2856,0.5,0.5
2857,1.0,0.0
2858,0.0,1.0
2859,1.0,0.0
2860,0.7083333333333333,0.2916666666666667
2861,0.75,0.25
2862,0.5,0.5
2863,1.0,0.0
2864,0.7045454545454546,0.29545454545454547
2865,1.0,0.0
2866,1.0,0.0
2867,0.0,1.0
2868,1.0,0.0
2869,1.0,0.0
2870,0.5,0.5
2871,0.16666666666666663,0.8333333333333334
2872,0.25,0.75
2873,0.5,0.5
2874,0.0,1.0
2875,0.0,1.0
2876,1.0,0.0
2877,1.0,0.0
2878,1.0,0.0
2879,1.0,0.0
2880,1.0,0.0
2881,0.7222222222222222,0.2777777777777778
2882,1.0,0.0
2883,1.0,0.0
2884,1.0,0.0
2885,0.6428571428571428,0.35714285714285715
2886,0.5,0.5
2887,0.6666666666666667,0.3333333333333333
2888,1.0,0.0
2889,0.6,0.4
2890,1.0,0.0
2891,1.0,0.0
2892,0.0,1.0
2893,1.0,0.0
2894,0.0,1.0
2895,1.0,0.0
2896,0.0,1.0
2897,0.5869565217391304,0.41304347826086957
2898,0.5,0.5
2899,0.33333333333333337,0.6666666666666666
2900,0.0,1.0
2901,0.0,1.0
2902,1.0,0.0
2903,0.6666666666666667,0.3333333333333333
2904,0.0,1.0
2905,1.0,0.0
2906,1.0,0.0
2907,1.0,0.0
2908,0.5769230769230769,0.4230769230769231
2909,0.5,0.5
2910,0.6,0.4
2911,1.0,0.0
2912,0.0,1.0
2913,1.0,0.0
2914,1.0,0.0
2915,1.0,0.0
2916,0.0,1.0
2917,0.0,1.0
2918,0.6428571428571428,0.35714285714285715
2919,0.5833333333333333,0.4166666666666667
2920,1.0,0.0
2921,0.5,0.5
2922,0.0,1.0
2923,1.0,0.0
2924,1.0,0.0
2925,1.0,0.0
2926,0.0,1.0
2927,1.0,0.0
2928,0.75,0.25
2929,0.5,0.5
2930,0.8333333333333334,0.16666666666666666
2931,1.0,0.0
2932,0.5,0.5
2933,1.0,0.0
2934,0.5975609756097561,0.4024390243902439
2935,0.6375,0.3625
2936,0.33333333333333337,0.6666666666666666
2937,1.0,0.0
2938,0.0,1.0
2939,0.0,1.0
2940,0.0,1.0
2941,0.631578947368421,0.3684210526315789
2942,0.6111111111111112,0.3888888888888889
2943,1.0,0.0
2944,1.0,0.0
2945,1.0,0.0
2946,0.6,0.4
2947,0.75,0.25
2948,1.0,0.0
2949,0.5,0.5
2950,0.5,0.5
2951,1.0,0.0
2952,0.0,1.0
2953,0.5,0.5
2954,0.0,1.0
2955,0.5,0.5
2956,0.5,0.5
2957,0.5,0.5
2958,0.625,0.375
2959,1.0,0.0
2960,0.0,1.0
2961,0.75,0.25
2962,0.0,1.0
2963,1.0,0.0
2964,1.0,0.0
2965,1.0,0.0
2966,1.0,0.0
2967,0.5,0.5
2968,0.0,1.0
2969,1.0,0.0
2970,1.0,0.0
2971,0.6363636363636364,0.36363636363636365
2972,0.0,1.0
2973,0.5,0.5
2974,1.0,0.0
2975,1.0,0.0
2976,1.0,0.0
2977,0.5,0.5
2978,0.5,0.5
2979,0.5,0.5
2980,1.0,0.0
2981,0.0,1.0
2982,0.8333333333333334,0.16666666666666666
2983,0.5,0.5
2984,1.0,0.0
2985,1.0,0.0
2986,1.0,0.0
2987,0.5,0.5
2988,1.0,0.0
2989,0.33333333333333337,0.6666666666666666
2990,0.0,1.0
2991,0.0,1.0
2992,0.0,1.0
2993,1.0,0.0
2994,0.7222222222222222,0.2777777777777778
2995,0.7,0.3
2996,0.5,0.5
2997,1.0,0.0
2998,0.0,1.0
2999,0.8333333333333334,0.16666666666666666
3000,1.0,0.0
3001,0.75,0.25
3002,1.0,0.0
3003,0.5,0.5
3004,0.75,0.25
3005,0.5,0.5
3006,1.0,0.0
3007,1.0,0.0
3008,0.5,0.5
3009,0.0,1.0
3010,0.7333333333333334,0.26666666666666666
3011,0.75,0.25
3012,0.5,0.5
3013,0.75,0.25
3014,0.5,0.5
3015,1.0,0.0
3016,0.7777777777777778,0.2222222222222222
3017,0.8571428571428572,0.14285714285714285
3018,1.0,0.0
3019,1.0,0.0
3020,1.0,0.0
3021,1.0,0.0
3022,1.0,0.0
3023,0.75,0.25
3024,0.0,1.0
3025,1.0,0.0
3026,1.0,0.0
3027,1.0,0.0
3028,1.0,0.0
3029,1.0,0.0
3030,0.5,0.5
3031,1.0,0.0
3032,0.0,1.0
3033,0.6666666666666667,0.3333333333333333
3034,1.0,0.0
3035,0.0,1.0
3036,1.0,0.0
3037,0.65,0.35
3038,0.0,1.0
3039,0.625,0.375
3040,0.0,1.0
3041,1.0,0.0
3042,0.75,0.25
3043,0.5,0.5
3044,1.0,0.0
3045,0.0,1.0
3046,0.0,1.0
3047,1.0,0.0
3048,1.0,0.0
3049,1.0,0.0
3050,1.0,0.0
3051,1.0,0.0
3052,1.0,0.0
3053,1.0,0.0
3054,0.6851851851851851,0.3148148148148148
3055,0.5,0.5
3056,0.0,1.0
3057,1.0,0.0
3058,0.7,0.3
3059,1.0,0.0
3060,0.5,0.5
3061,0.0,1.0
3062,1.0,0.0
3063,1.0,0.0
3064,1.0,0.0
3065,0.7,0.3
3066,0.5,0.5
3067,1.0,0.0
3068,0.0,1.0
3069,1.0,0.0
3070,1.0,0.0
3071,1.0,0.0
3072,0.7,0.3
3073,0.75,0.25
3074,0.5,0.5
3075,0.0,1.0
3076,1.0,0.0
3077,0.5,0.5
3078,0.0,1.0
3079,0.8333333333333334,0.16666666666666666
3080,1.0,0.0
3081,1.0,0.0
3082,1.0,0.0
3083,0.5,0.5
3084,0.75,0.25
3085,0.5,0.5
3086,1.0,0.0
3087,1.0,0.0
3088,1.0,0.0
3089,1.0,0.0
3090,1.0,0.0
3091,1.0,0.0
3092,1.0,0.0
3093,0.0,1.0
3094,0.5,0.5
3095,0.5,0.5
3096,0.5,0.5
3097,0.5909090909090908,0.4090909090909091
3098,0.55,0.45
3099,0.625,0.375
3100,1.0,0.0
3101,1.0,0.0
3102,1.0,0.0
3103,1.0,0.0
3104,1.0,0.0
3105,1.0,0.0
3106,0.0,1.0
3107,0.0,1.0
3108,0.0,1.0
3109,0.0,1.0
3110,0.25,0.75
3111,0.5,0.5
3112,0.0,1.0
3113,1.0,0.0
3114,0.6428571428571428,0.35714285714285715
3115,0.5,0.5
3116,1.0,0.0
3117,0.0,1.0
3118,1.0,0.0
3119,0.5,0.5
3120,1.0,0.0
3121,0.0,1.0
3122,0.75,0.25
3123,0.5,0.5
3124,1.0,0.0
3125,0.48863636363636365,0.5113636363636364
3126,0.0,1.0
3127,0.0,1.0
3128,0.0,1.0
3129,0.5,0.5
3130,1.0,0.0
3131,0.25,0.75
3132,0.5,0.5
3133,0.0,1.0
3134,0.25,0.75
3135,0.0,1.0
3136,0.5,0.5
3137,1.0,0.0
3138,0.5,0.5
3139,0.5,0.5
3140,0.75,0.25
3141,1.0,0.0
3142,1.0,0.0
3143,1.0,0.0
3144,0.5,0.5
3145,1.0,0.0
3146,0.0,1.0
3147,0.75,0.25
3148,1.0,0.0
3149,0.5,0.5
3150,0.5,0.5
3151,0.375,0.625
3152,0.5,0.5
3153,0.33333333333333337,0.6666666666666666
3154,0.0,1.0
3155,1.0,0.0
3156,0.0,1.0
3157,0.5833333333333333,0.4166666666666667
3158,1.0,0.0
3159,0.5,0.5
3160,0.5,0.5
3161,0.33333333333333337,0.6666666666666666
3162,0.5,0.5
3163,0.25,0.75
3164,0.5,0.5
3165,0.0,1.0
3166,1.0,0.0
3167,0.5,0.5
3168,0.40625,0.59375
3169,1.0,0.0
3170,0.3666666666666667,0.6333333333333333
3171,0.0,1.0
3172,1.0,0.0
3173,0.0,1.0
3174,1.0,0.0
3175,0.75,0.25
3176,0.5,0.5
3177,1.0,0.0
3178,0.0,1.0
3179,0.5,0.5
3180,0.2142857142857143,0.7857142857142857
3181,0.5,0.5
3182,0.16666666666666663,0.8333333333333334
3183,1.0,0.0
3184,0.0,1.0
3185,0.0,1.0
3186,0.0,1.0
3187,0.0,1.0
3188,0.0,1.0
3189,0.6755555555555556,0.3244444444444444
3190,0.5256410256410257,0.47435897435897434
3191,0.575,0.425
3192,0.6875,0.3125
3193,1.0,0.0
3194,0.6428571428571428,0.35714285714285715
3195,0.5,0.5
3196,0.6666666666666667,0.3333333333333333
3197,0.5,0.5
3198,0.7,0.3
3199,0.5,0.5
3200,1.0,0.0
3201,0.0,1.0
3202,0.8333333333333334,0.16666666666666666
3203,0.75,0.25
3204,0.5,0.5
3205,1.0,0.0
3206,1.0,0.0
3207,0.5,0.5
3208,0.5,0.5
3209,0.5,0.5
3210,0.0,1.0
3211,0.33333333333333337,0.6666666666666666
3212,0.5,0.5
3213,0.25,0.75
3214,0.0,1.0
3215,0.5,0.5
3216,0.625,0.375
3217,0.5,0.5
3218,0.6666666666666667,0.3333333333333333
3219,0.5,0.5
3220,0.0,1.0
3221,1.0,0.0
3222,1.0,0.0
3223,0.6666666666666667,0.3333333333333333
3224,0.5,0.5
3225,0.75,0.25
3226,0.5,0.5
3227,1.0,0.0
3228,0.4736842105263158,0.5263157894736842
3229,0.5,0.5
3230,0.33333333333333337,0.6666666666666666
3231,0.5,0.5
3232,1.0,0.0
3233,0.0,1.0
3234,0.0,1.0
3235,0.75,0.25
3236,1.0,0.0
3237,0.5,0.5
3238,0.4642857142857143,0.5357142857142857
3239,1.0,0.0
3240,0.42307692307692313,0.5769230769230769
3241,0.5,0.5
3242,0.5,0.5
3243,0.5,0.5
3244,0.7,0.3
3245,0.625,0.375
3246,0.75,0.25
3247,0.5,0.5
3248,1.0,0.0
3249,0.5,0.5
3250,0.5,0.5
3251,0.5,0.5
3252,1.0,0.0
3253,0.16666666666666663,0.8333333333333334
3254,0.0,1.0
3255,0.0,1.0
3256,0.0,1.0
3257,0.0,1.0
3258,0.5,0.5
3259,1.0,0.0
3260,0.0,1.0
3261,0.0,1.0
3262,0.6166666666666667,0.38333333333333336
3263,0.7142857142857143,0.2857142857142857
3264,0.6666666666666667,0.3333333333333333
3265,0.8,0.2
3266,0.75,0.25
3267,0.5,0.5
3268,1.0,0.0
3269,0.8333333333333334,0.16666666666666666
3270,1.0,0.0
3271,1.0,0.0
3272,1.0,0.0
3273,0.5,0.5
3274,0.0,1.0
3275,1.0,0.0
3276,0.7142857142857143,0.2857142857142857
3277,0.6666666666666667,0.3333333333333333
3278,1.0,0.0
3279,1.0,0.0
3280,1.0,0.0
3281,0.6,0.4
3282,1.0,0.0
3283,1.0,0.0
3284,1.0,0.0
3285,0.5,0.5
3286,0.0,1.0
3287,1.0,0.0
3288,0.0,1.0
3289,0.5,0.5
3290,0.75,0.25
3291,0.5,0.5
3292,1.0,0.0
3293,0.0,1.0
3294,1.0,0.0
3295,0.5,0.5
3296,1.0,0.0
3297,1.0,0.0
3298,1.0,0.0
3299,0.375,0.625
3300,0.4,0.6
3301,1.0,0.0
3302,0.0,1.0
3303,0.0,1.0
3304,0.0,1.0
3305,0.0,1.0
3306,1.0,0.0
3307,0.33333333333333337,0.6666666666666666
3308,0.5,0.5
3309,0.5,0.5
3310,0.0,1.0
3311,0.5,0.5
3312,0.7045454545454546,0.29545454545454547
3313,0.5,0.5
3314,0.6666666666666667,0.3333333333333333
3315,0.5,0.5
3316,0.75,0.25
3317,0.5,0.5
3318,1.0,0.0
3319,0.0,1.0
3320,0.7083333333333333,0.2916666666666667
3321,0.5,0.5
3322,1.0,0.0
3323,0.6875,0.3125
3324,1.0,0.0
3325,1.0,0.0
3326,1.0,0.0
3327,0.5,0.5
3328,0.0,1.0
3329,0.5,0.5
3330,0.5,0.5
3331,1.0,0.0
3332,1.0,0.0
3333,1.0,0.0
3334,0.75,0.25
3335,0.5,0.5
3336,1.0,0.0
3337,0.8333333333333334,0.16666666666666666
3338,0.6666666666666667,0.3333333333333333
3339,0.5,0.5
3340,1.0,0.0
3341,0.0,1.0
3342,1.0,0.0
3343,1.0,0.0
3344,1.0,0.0
3345,1.0,0.0
3346,1.0,0.0
3347,1.0,0.0
3348,0.7479674796747968,0.25203252032520324
3349,0.75,0.25
3350,0.5,0.5
3351,1.0,0.0
3352,0.7479338842975207,0.25206611570247933
3353,0.7347826086956522,0.26521739130434785
3354,0.5833333333333333,0.4166666666666667
3355,0.625,0.375
3356,0.0,1.0
3357,1.0,0.0
3358,1.0,0.0
3359,1.0,0.0
3360,0.5,0.5
3361,0.5,0.5
3362,1.0,0.0
3363,0.0,1.0
3364,0.5,0.5
3365,0.5,0.5
3366,1.0,0.0
3367,0.0,1.0
3368,0.625,0.375
3369,1.0,0.0
3370,0.6086956521739131,0.391304347826087
3371,0.5,0.5
3372,0.0,1.0
3373,0.0,1.0
3374,0.0,1.0
3375,0.675,0.325
3376,0.0,1.0
3377,0.7105263157894737,0.2894736842105263
3378,1.0,0.0
3379,0.0,1.0
3380,0.5,0.5
3381,1.0,0.0
3382,0.0,1.0
3383,1.0,0.0
3384,1.0,0.0
3385,1.0,0.0
3386,0.625,0.375
3387,1.0,0.0
3388,0.0,1.0
3389,0.75,0.25
3390,0.5,0.5
3391,1.0,0.0
3392,0.0,1.0
3393,0.9285714285714286,0.07142857142857142
3394,1.0,0.0
3395,0.9166666666666666,0.08333333333333333
3396,1.0,0.0
3397,1.0,0.0
3398,1.0,0.0
3399,0.5,0.5
3400,1.0,0.0
3401,1.0,0.0
3402,0.5555555555555556,0.4444444444444444
3403,0.5,0.5
3404,0.5576923076923077,0.4423076923076923
3405,0.5588235294117647,0.4411764705882353
3406,1.0,0.0
3407,0.5,0.5
3408,0.4,0.6
3409,0.5,0.5
3410,0.375,0.625
3411,1.0,0.0
3412,0.5,0.5
3413,0.0,1.0
3414,0.0,1.0
3415,0.0,1.0
3416,1.0,0.0
3417,0.5,0.5
3418,0.5,0.5
3419,1.0,0.0
3420,0.0,1.0
3421,0.5,0.5
3422,0.5714285714285714,0.42857142857142855
3423,0.625,0.375
3424,0.25,0.75
3425,0.0,1.0
3426,0.5,0.5
3427,1.0,0.0
3428,1.0,0.0
3429,1.0,0.0
3430,0.5,0.5
3431,0.5,0.5
3432,0.5,0.5
3433,0.5,0.5
3434,0.5,0.5
3435,0.5555555555555556,0.4444444444444444
3436,0.0,1.0
3437,0.0,1.0
3438,0.0,1.0
3439,1.0,0.0
3440,0.25,0.75
3441,0.5,0.5
3442,0.0,1.0
3443,1.0,0.0
3444,0.8333333333333334,0.16666666666666666
3445,0.75,0.25
3446,1.0,0.0
3447,0.5,0.5
3448,1.0,0.0
3449,0.9,0.1
3450,0.5,0.5
3451,1.0,0.0
3452,1.0,0.0
3453,1.0,0.0
3454,1.0,0.0
3455,1.0,0.0
3456,1.0,0.0
3457,1.0,0.0
3458,1.0,0.0
3459,1.0,0.0
3460,1.0,0.0
3461,1.0,0.0
3462,1.0,0.0
3463,1.0,0.0
3464,1.0,0.0
3465,0.8863636363636364,0.11363636363636363
3466,1.0,0.0
3467,0.5,0.5
3468,0.0,1.0
3469,1.0,0.0
3470,0.875,0.125
3471,1.0,0.0
3472,1.0,0.0
3473,1.0,0.0
3474,1.0,0.0
3475,1.0,0.0
3476,1.0,0.0
3477,1.0,0.0
3478,0.0,1.0
3479,0.5,0.5
3480,1.0,0.0
3481,1.0,0.0
3482,1.0,0.0
3483,1.0,0.0
3484,1.0,0.0
3485,1.0,0.0
3486,1.0,0.0
3487,1.0,0.0
3488,1.0,0.0
3489,1.0,0.0
3490,0.9047619047619048,0.09523809523809523
3491,1.0,0.0
3492,1.0,0.0
3493,1.0,0.0
3494,1.0,0.0
3495,0.8888888888888888,0.1111111111111111
3496,1.0,0.0
3497,1.0,0.0
3498,1.0,0.0
3499,1.0,0.0
3500,0.0,1.0
3501,1.0,0.0
3502,1.0,0.0
3503,1.0,0.0
3504,1.0,0.0
3505,1.0,0.0
3506,1.0,0.0
3507,1.0,0.0
3508,1.0,0.0
3509,0.0,1.0
3510,1.0,0.0
3511,1.0,0.0
3512,1.0,0.0
3513,1.0,0.0
3514,1.0,0.0
3515,1.0,0.0
3516,1.0,0.0
3517,1.0,0.0
3518,1.0,0.0
3519,1.0,0.0
3520,1.0,0.0
3521,1.0,0.0
3522,1.0,0.0
3523,1.0,0.0
3524,1.0,0.0
3525,1.0,0.0
3526,0.5,0.5
3527,0.0,1.0
3528,0.55,0.45
3529,0.0,1.0
3530,0.625,0.375
3531,0.5,0.5
3532,1.0,0.0
3533,0.5,0.5
3534,0.0,1.0
3535,1.0,0.0
3536,0.5,0.5
3537,0.5,0.5
3538,0.5,0.5
3539,0.0,1.0
3540,1.0,0.0
3541,0.75,0.25
3542,1.0,0.0
3543,0.5,0.5
3544,0.6510791366906474,0.3489208633093525
3545,0.6564885496183206,0.3435114503816794
3546,0.5714285714285714,0.42857142857142855
3547,0.7,0.3
3548,0.75,0.25
3549,0.5,0.5
3550,1.0,0.0
3551,0.5,0.5
3552,0.0,1.0
3553,1.0,0.0
3554,1.0,0.0
3555,0.25,0.75
3556,0.0,1.0
3557,0.5,0.5
3558,0.5714285714285714,0.42857142857142855
3559,1.0,0.0
3560,0.5,0.5
3561,0.5,0.5
3562,1.0,0.0
3563,1.0,0.0
3564,1.0,0.0
3565,0.16666666666666663,0.8333333333333334
3566,0.0,1.0
3567,0.25,0.75
3568,0.5,0.5
3569,0.0,1.0
3570,0.7333333333333334,0.26666666666666666
3571,1.0,0.0
3572,0.7142857142857143,0.2857142857142857
3573,0.0,1.0
3574,0.5,0.5
3575,1.0,0.0
3576,0.8333333333333334,0.16666666666666666
3577,1.0,0.0
3578,1.0,0.0
3579,1.0,0.0
3580,0.5,0.5
3581,0.5,0.5
3582,0.0,1.0
3583,0.875,0.125
3584,1.0,0.0
3585,1.0,0.0
3586,0.75,0.25
3587,1.0,0.0
3588,0.5,0.5
3589,1.0,0.0
3590,1.0,0.0
3591,1.0,0.0
3592,0.6590909090909092,0.3409090909090909
3593,0.6538461538461539,0.34615384615384615
3594,0.5,0.5
3595,1.0,0.0
3596,0.0,1.0
3597,1.0,0.0
3598,1.0,0.0
3599,1.0,0.0
3600,0.5,0.5
3601,0.6666666666666667,0.3333333333333333
3602,0.5,0.5
3603,0.5,0.5
3604,1.0,0.0
3605,1.0,0.0
3606,1.0,0.0
3607,1.0,0.0
3608,0.33333333333333337,0.6666666666666666
3609,0.0,1.0
3610,0.5,0.5
3611,0.5,0.5
3612,0.5,0.5
3613,0.5,0.5
3614,0.5,0.5
3615,0.5,0.5
3616,0.5,0.5
3617,0.0,1.0
3618,0.5,0.5
3619,0.0,1.0
3620,0.0,1.0
3621,1.0,0.0
3622,1.0,0.0
3623,1.0,0.0
3624,0.5,0.5
3625,0.0,1.0
3626,1.0,0.0
3627,0.0,1.0
3628,1.0,0.0
3629,0.8181818181818181,0.18181818181818182
3630,0.5,0.5
3631,1.0,0.0
3632,1.0,0.0
3633,1.0,0.0
3634,1.0,0.0
3635,1.0,0.0
3636,1.0,0.0
3637,1.0,0.0
3638,1.0,0.0
3639,0.5,0.5
3640,1.0,0.0
3641,1.0,0.0
3642,1.0,0.0
3643,0.0,1.0
3644,0.7,0.3
3645,0.5,0.5
3646,0.75,0.25
3647,0.6666666666666667,0.3333333333333333
3648,0.5,0.5
3649,1.0,0.0
3650,0.5,0.5
3651,1.0,0.0
3652,0.625,0.375
3653,0.5,0.5
3654,0.75,0.25
3655,0.5,0.5
3656,1.0,0.0
3657,0.0,1.0
3658,1.0,0.0
3659,0.45833333333333337,0.5416666666666666
3660,1.0,0.0
3661,1.0,0.0
3662,0.25,0.75
3663,0.5,0.5
3664,0.0,1.0
3665,0.375,0.625
3666,0.0,1.0
3667,0.0,1.0
3668,0.0,1.0
3669,0.0,1.0
3670,1.0,0.0
3671,0.0,1.0
3672,0.6666666666666667,0.3333333333333333
3673,1.0,0.0
3674,0.5,0.5
3675,0.5,0.5
3676,0.5,0.5
3677,0.33333333333333337,0.6666666666666666
3678,0.5,0.5
3679,0.0,1.0
3680,0.5,0.5
3681,0.33333333333333337,0.6666666666666666
3682,0.0,1.0
3683,0.5,0.5
3684,1.0,0.0
3685,0.0,1.0
3686,0.88,0.12
3687,1.0,0.0
3688,1.0,0.0
3689,1.0,0.0
3690,1.0,0.0
3691,1.0,0.0
3692,1.0,0.0
3693,1.0,0.0
3694,1.0,0.0
3695,1.0,0.0
3696,1.0,0.0
3697,0.0,1.0
3698,0.75,0.25
3699,1.0,0.0
3700,1.0,0.0
3701,1.0,0.0
3702,1.0,0.0
3703,0.0,1.0
3704,1.0,0.0
3705,0.0,1.0
3706,1.0,0.0
3707,1.0,0.0
3708,1.0,0.0
3709,1.0,0.0
3710,1.0,0.0
3711,1.0,0.0
3712,1.0,0.0
3713,1.0,0.0
3714,1.0,0.0
3715,1.0,0.0
3716,1.0,0.0
3717,1.0,0.0
3718,1.0,0.0
3719,1.0,0.0
3720,1.0,0.0
3721,1.0,0.0
3722,1.0,0.0
3723,0.5454545454545454,0.45454545454545453
3724,0.5,0.5
3725,0.5,0.5
3726,0.375,0.625
3727,0.5,0.5
3728,0.0,1.0
3729,1.0,0.0
3730,0.25,0.75
3731,0.0,1.0
3732,0.5,0.5
3733,0.7,0.3
3734,0.5,0.5
3735,1.0,0.0
3736,0.0,1.0
3737,0.8333333333333334,0.16666666666666666
3738,0.5,0.5
3739,1.0,0.0
3740,1.0,0.0
3741,1.0,0.0
3742,0.5625,0.4375
3743,0.5,0.5
3744,0.0,1.0
3745,1.0,0.0
3746,1.0,0.0
3747,0.0,1.0
3748,0.6666666666666667,0.3333333333333333
3749,0.5,0.5
3750,0.75,0.25
3751,1.0,0.0
3752,0.5,0.5
3753,0.9214285714285715,0.07857142857142857
3754,1.0,0.0
3755,1.0,0.0
3756,1.0,0.0
3757,1.0,0.0
3758,1.0,0.0
3759,1.0,0.0
3760,1.0,0.0
3761,1.0,0.0
3762,1.0,0.0
3763,1.0,0.0
3764,1.0,0.0
3765,1.0,0.0
3766,1.0,0.0
3767,1.0,0.0
3768,1.0,0.0
3769,1.0,0.0
3770,1.0,0.0
3771,1.0,0.0
3772,1.0,0.0
3773,1.0,0.0
3774,1.0,0.0
3775,1.0,0.0
3776,1.0,0.0
3777,1.0,0.0
3778,1.0,0.0
3779,1.0,0.0
3780,1.0,0.0
3781,1.0,0.0
3782,1.0,0.0
3783,1.0,0.0
3784,1.0,0.0
3785,1.0,0.0
3786,0.896551724137931,0.10344827586206896
3787,1.0,0.0
3788,0.8928571428571429,0.10714285714285714
3789,1.0,0.0
3790,0.8,0.2
3791,1.0,0.0
3792,0.75,0.25
3793,0.6666666666666667,0.3333333333333333
3794,1.0,0.0
3795,0.0,1.0
3796,1.0,0.0
3797,1.0,0.0
3798,1.0,0.0
3799,1.0,0.0
3800,1.0,0.0
3801,1.0,0.0
3802,1.0,0.0
3803,0.5,0.5
3804,0.8333333333333334,0.16666666666666666
3805,0.75,0.25
3806,0.5,0.5
3807,1.0,0.0
3808,1.0,0.0
3809,1.0,0.0
3810,1.0,0.0
3811,1.0,0.0
3812,0.9166666666666666,0.08333333333333333
3813,1.0,0.0
3814,1.0,0.0
3815,1.0,0.0
3816,1.0,0.0
3817,1.0,0.0
3818,0.875,0.125
3819,0.0,1.0
3820,1.0,0.0
3821,1.0,0.0
3822,1.0,0.0
3823,1.0,0.0
3824,1.0,0.0
3825,1.0,0.0
3826,1.0,0.0
3827,0.95,0.05
3828,1.0,0.0
3829,1.0,0.0
3830,1.0,0.0
3831,1.0,0.0
3832,1.0,0.0
3833,1.0,0.0
3834,0.75,0.25
3835,0.5,0.5
3836,1.0,0.0
3837,1.0,0.0
3838,1.0,0.0
3839,1.0,0.0
3840,1.0,0.0
3841,1.0,0.0
3842,1.0,0.0
3843,1.0,0.0
3844,1.0,0.0
3845,1.0,0.0
3846,1.0,0.0
3847,1.0,0.0
3848,1.0,0.0
3849,1.0,0.0
3850,1.0,0.0
3851,1.0,0.0
3852,1.0,0.0
3853,1.0,0.0
3854,0.375,0.625
3855,0.0,1.0
3856,0.0,1.0
3857,1.0,0.0
3858,0.5,0.5
3859,1.0,0.0
3860,1.0,0.0
3861,1.0,0.0
3862,1.0,0.0
3863,1.0,0.0
3864,1.0,0.0
3865,1.0,0.0
3866,1.0,0.0
3867,1.0,0.0
3868,1.0,0.0
3869,1.0,0.0
3870,1.0,0.0
3871,1.0,0.0
3872,1.0,0.0
3873,1.0,0.0
3874,1.0,0.0
3875,1.0,0.0
3876,0.9807692307692307,0.019230769230769232
3877,1.0,0.0
3878,1.0,0.0
3879,1.0,0.0
3880,1.0,0.0
3881,1.0,0.0
3882,1.0,0.0
3883,1.0,0.0
3884,1.0,0.0
3885,1.0,0.0
3886,1.0,0.0
3887,1.0,0.0
3888,1.0,0.0
3889,1.0,0.0
3890,1.0,0.0
3891,1.0,0.0
3892,1.0,0.0
3893,1.0,0.0
3894,1.0,0.0
3895,1.0,0.0
3896,1.0,0.0
3897,1.0,0.0
3898,1.0,0.0
3899,1.0,0.0
3900,0.9696969696969697,0.030303030303030304
3901,1.0,0.0
3902,1.0,0.0
3903,1.0,0.0
3904,0.967741935483871,0.03225806451612903
3905,0.0,1.0
3906,1.0,0.0
3907,1.0,0.0
3908,1.0,0.0
3909,1.0,0.0
3910,1.0,0.0
3911,1.0,0.0
3912,1.0,0.0
3913,1.0,0.0
3914,1.0,0.0
3915,1.0,0.0
3916,1.0,0.0
3917,1.0,0.0
3918,1.0,0.0
3919,1.0,0.0
3920,1.0,0.0
3921,1.0,0.0
3922,1.0,0.0
3923,1.0,0.0
3924,1.0,0.0
3925,1.0,0.0
3926,1.0,0.0
3927,1.0,0.0
3928,1.0,0.0
3929,1.0,0.0
3930,1.0,0.0
3931,1.0,0.0
3932,1.0,0.0
3933,1.0,0.0
3934,1.0,0.0
3935,1.0,0.0
3936,1.0,0.0
3937,0.7222222222222222,0.2777777777777778
3938,1.0,0.0
3939,1.0,0.0
3940,1.0,0.0
3941,1.0,0.0
3942,1.0,0.0
3943,1.0,0.0
3944,0.5,0.5
3945,0.0,1.0
3946,0.0,1.0
3947,1.0,0.0
3948,1.0,0.0
3949,1.0,0.0
3950,0.5,0.5
3951,0.875,0.125
3952,0.5,0.5
3953,1.0,0.0
3954,0.0,1.0
3955,1.0,0.0
3956,1.0,0.0
3957,0.5,0.5
3958,1.0,0.0
3959,1.0,0.0
3960,0.8877551020408163,0.11224489795918367
3961,0.8888888888888888,0.1111111111111111
3962,1.0,0.0
3963,1.0,0.0
3964,1.0,0.0
3965,0.8571428571428572,0.14285714285714285
3966,1.0,0.0
3967,1.0,0.0
3968,1.0,0.0
3969,0.0,1.0
3970,1.0,0.0
3971,1.0,0.0
3972,1.0,0.0
3973,1.0,0.0
3974,0.75,0.25
3975,0.5,0.5
3976,1.0,0.0
3977,0.5,0.5
3978,0.9027777777777778,0.09722222222222222
3979,0.9,0.1
3980,1.0,0.0
3981,1.0,0.0
3982,1.0,0.0
3983,0.8333333333333334,0.16666666666666666
3984,0.75,0.25
3985,1.0,0.0
3986,0.5,0.5
3987,1.0,0.0
3988,0.9032258064516129,0.0967741935483871
3989,1.0,0.0
3990,1.0,0.0
3991,1.0,0.0
3992,1.0,0.0
3993,0.0,1.0
3994,1.0,0.0
3995,1.0,0.0
3996,1.0,0.0
3997,1.0,0.0
3998,0.5,0.5
3999,1.0,0.0
4000,1.0,0.0
4001,1.0,0.0
4002,1.0,0.0
4003,1.0,0.0
4004,1.0,0.0
4005,1.0,0.0
4006,1.0,0.0
4007,0.5,0.5
4008,1.0,0.0
4009,0.0,1.0
4010,1.0,0.0
4011,1.0,0.0
4012,1.0,0.0
4013,1.0,0.0
4014,1.0,0.0
4015,1.0,0.0
4016,1.0,0.0
4017,1.0,0.0
4018,1.0,0.0
4019,1.0,0.0
4020,0.55,0.45
4021,0.875,0.125
4022,0.5,0.5
4023,1.0,0.0
4024,1.0,0.0
4025,1.0,0.0
4026,1.0,0.0
4027,0.5,0.5
4028,0.5,0.5
4029,0.5,0.5
4030,0.5,0.5
4031,0.5,0.5
4032,0.7,0.3
4033,0.625,0.375
4034,0.8333333333333334,0.16666666666666666
4035,0.5,0.5
4036,1.0,0.0
4037,1.0,0.0
4038,0.0,1.0
4039,1.0,0.0
4040,0.5416666666666667,0.4583333333333333
4041,0.0,1.0
4042,0.5,0.5
4043,1.0,0.0
4044,1.0,0.0
4045,1.0,0.0
4046,0.5,0.5
4047,0.0,1.0
4048,0.5,0.5
4049,0.0,1.0
4050,1.0,0.0
4051,0.5,0.5
4052,0.75,0.25
4053,0.5,0.5
4054,1.0,0.0
4055,0.5,0.5
4056,0.875,0.125
4057,1.0,0.0
4058,1.0,0.0
4059,1.0,0.0
4060,1.0,0.0
4061,1.0,0.0
4062,0.5,0.5
4063,1.0,0.0
4064,0.0,1.0
4065,1.0,0.0
4066,1.0,0.0
4067,1.0,0.0
4068,1.0,0.0
4069,0.08333333333333337,0.9166666666666666
4070,0.0,1.0
4071,0.0,1.0
4072,0.0,1.0
4073,0.5,0.5
4074,0.0,1.0
4075,0.0,1.0
4076,0.0,1.0
4077,0.0,1.0
4078,0.30000000000000004,0.7
4079,0.5,0.5
4080,1.0,0.0
4081,0.5,0.5
4082,1.0,0.0
4083,0.0,1.0
4084,0.08333333333333337,0.9166666666666666
4085,0.0,1.0
4086,0.0,1.0
4087,0.0,1.0
4088,0.0,1.0
4089,0.16666666666666663,0.8333333333333334
4090,0.5,0.5
4091,0.0,1.0
4092,0.0,1.0
4093,0.47184337879454463,0.5281566212054554
4094,0.39317507418397624,0.6068249258160238
4095,0.4430051813471503,0.5569948186528497
4096,0.45058139534883723,0.5494186046511628
4097,0.4193548387096774,0.5806451612903226
4098,0.625,0.375
4099,1.0,0.0
4100,1.0,0.0
4101,1.0,0.0
4102,1.0,0.0
4103,0.5,0.5
4104,0.0,1.0
4105,1.0,0.0
4106,0.5,0.5
4107,0.25,0.75
4108,0.5,0.5
4109,0.0,1.0
4110,0.5,0.5
4111,0.5,0.5
4112,0.5,0.5
4113,1.0,0.0
4114,0.0,1.0
4115,0.37,0.63
4116,0.875,0.125
4117,1.0,0.0
4118,1.0,0.0
4119,1.0,0.0
4120,1.0,0.0
4121,1.0,0.0
4122,0.5,0.5
4123,0.33333333333333337,0.6666666666666666
4124,0.0,1.0
4125,0.5,0.5
4126,1.0,0.0
4127,0.0,1.0
4128,0.16666666666666663,0.8333333333333334
4129,0.25,0.75
4130,0.0,1.0
4131,0.5,0.5
4132,0.0,1.0
4133,0.1875,0.8125
4134,0.0,1.0
4135,0.0,1.0
4136,0.0,1.0
4137,0.0,1.0
4138,0.0,1.0
4139,0.30000000000000004,0.7
4140,0.125,0.875
4141,0.16666666666666663,0.8333333333333334
4142,0.0,1.0
4143,0.0,1.0
4144,0.0,1.0
4145,0.5,0.5
4146,0.0,1.0
4147,1.0,0.0
4148,1.0,0.0
4149,0.0,1.0
4150,0.0,1.0
4151,0.0,1.0
4152,0.33333333333333337,0.6666666666666666
4153,0.0,1.0
4154,0.5,0.5
4155,0.0,1.0
4156,0.33333333333333337,0.6666666666666666
4157,0.0,1.0
4158,0.41666666666666663,0.5833333333333334
4159,0.30000000000000004,0.7
4160,0.375,0.625
4161,0.25,0.75
4162,0.0,1.0
4163,0.5,0.5
4164,0.5,0.5
4165,0.0,1.0
4166,1.0,0.0
4167,0.0,1.0
4168,1.0,0.0
4169,0.25,0.75
4170,0.0,1.0
4171,0.5,0.5
4172,0.5,0.5
4173,1.0,0.0
4174,0.0,1.0
4175,0.25,0.75
4176,0.0,1.0
4177,0.5,0.5
4178,0.5,0.5
4179,0.0,1.0
4180,1.0,0.0
4181,0.375,0.625
4182,0.0,1.0
4183,0.5,0.5
4184,1.0,0.0
4185,0.25,0.75
4186,0.5,0.5
4187,0.0,1.0
4188,0.5,0.5
4189,1.0,0.0
4190,1.0,0.0
4191,1.0,0.0
4192,0.30000000000000004,0.7
4193,0.0,1.0
4194,0.75,0.25
4195,1.0,0.0
4196,0.5,0.5
4197,0.0,1.0
4198,0.0,1.0
4199,0.0,1.0
4200,0.7,0.3
4201,0.8333333333333334,0.16666666666666666
4202,1.0,0.0
4203,1.0,0.0
4204,1.0,0.0
4205,0.5,0.5
4206,0.5,0.5
4207,0.7,0.3
4208,0.75,0.25
4209,0.5,0.5
4210,1.0,0.0
4211,0.5,0.5
4212,1.0,0.0
4213,0.0,1.0
4214,1.0,0.0
4215,0.5,0.5
4216,0.5666666666666667,0.43333333333333335
4217,0.25,0.75
4218,0.0,1.0
4219,0.5,0.5
4220,0.6666666666666667,0.3333333333333333
4221,1.0,0.0
4222,1.0,0.0
4223,1.0,0.0
4224,0.0,1.0
4225,0.5952380952380952,0.40476190476190477
4226,0.7857142857142857,0.21428571428571427
4227,1.0,0.0
4228,1.0,0.0
4229,1.0,0.0
4230,1.0,0.0
4231,1.0,0.0
4232,0.625,0.375
4233,1.0,0.0
4234,0.5,0.5
4235,1.0,0.0
4236,0.25,0.75
4237,0.0,1.0
4238,0.5,0.5
4239,0.6428571428571428,0.35714285714285715
4240,0.0,1.0
4241,0.0,1.0
4242,1.0,0.0
4243,1.0,0.0
4244,1.0,0.0
4245,0.5,0.5
4246,1.0,0.0
4247,0.3571428571428571,0.6428571428571429
4248,0.0,1.0
4249,0.5,0.5
4250,0.5,0.5
4251,0.5,0.5
4252,0.0,1.0
4253,1.0,0.0
4254,0.33333333333333337,0.6666666666666666
4255,1.0,0.0
4256,0.0,1.0
4257,0.0,1.0
4258,0.0,1.0
4259,0.5,0.5
4260,0.5,0.5
4261,1.0,0.0
4262,0.0,1.0
4263,0.5,0.5
4264,0.5,0.5
4265,0.5,0.5
4266,0.18181818181818177,0.8181818181818182
4267,1.0,0.0
4268,0.0,1.0
4269,1.0,0.0
4270,0.0,1.0
4271,0.0,1.0
4272,0.0,1.0
4273,0.0,1.0
4274,0.0,1.0
4275,0.0,1.0
4276,0.0,1.0
4277,0.0,1.0
4278,0.0,1.0
4279,0.0,1.0
4280,0.5405405405405406,0.4594594594594595
4281,0.7,0.3
4282,1.0,0.0
4283,1.0,0.0
4284,1.0,0.0
4285,0.5,0.5
4286,0.5,0.5
4287,0.5,0.5
4288,0.5,0.5
4289,1.0,0.0
4290,0.625,0.375
4291,0.6785714285714286,0.32142857142857145
4292,0.5,0.5
4293,0.5,0.5
4294,0.5,0.5
4295,0.6666666666666667,0.3333333333333333
4296,0.75,0.25
4297,0.5,0.5
4298,1.0,0.0
4299,0.5,0.5
4300,0.8333333333333334,0.16666666666666666
4301,1.0,0.0
4302,0.875,0.125
4303,0.5,0.5
4304,1.0,0.0
4305,1.0,0.0
4306,1.0,0.0
4307,1.0,0.0
4308,0.5,0.5
4309,0.5,0.5
4310,0.25,0.75
4311,0.5,0.5
4312,0.0,1.0
4313,1.0,0.0
4314,0.25,0.75
4315,0.0,1.0
4316,0.5,0.5
4317,0.25,0.75
4318,0.0,1.0
4319,0.0,1.0
4320,0.0,1.0
4321,0.5,0.5
4322,0.33333333333333337,0.6666666666666666
4323,0.0,1.0
4324,0.5,0.5
4325,0.5,0.5
4326,0.5,0.5
4327,0.4444444444444444,0.5555555555555556
4328,1.0,0.0
4329,0.4285714285714286,0.5714285714285714
4330,1.0,0.0
4331,0.5,0.5
4332,0.0,1.0
4333,0.0,1.0
4334,0.0,1.0
4335,0.5,0.5
4336,0.5,0.5
4337,1.0,0.0
4338,0.0,1.0
4339,0.0,1.0
4340,0.25,0.75
4341,0.5,0.5
4342,0.5,0.5
4343,0.5,0.5
4344,0.5,0.5
4345,0.5,0.5
4346,0.2666666666666667,0.7333333333333333
4347,0.16666666666666663,0.8333333333333334
4348,0.0,1.0
4349,0.25,0.75
4350,0.5,0.5
4351,0.0,1.0
4352,1.0,0.0
4353,0.0,1.0
4354,0.0,1.0
4355,0.0,1.0
4356,1.0,0.0
4357,0.16666666666666663,0.8333333333333334
4358,0.25,0.75
4359,0.5,0.5
4360,0.0,1.0
4361,0.0,1.0
4362,0.0,1.0
4363,0.33333333333333337,0.6666666666666666
4364,0.5,0.5
4365,0.0,1.0
4366,1.0,0.0
4367,0.0,1.0
4368,0.0,1.0
4369,0.0,1.0
4370,0.0,1.0
4371,0.0,1.0
4372,0.0,1.0
4373,0.0,1.0
4374,0.0,1.0
4375,0.38095238095238093,0.6190476190476191
4376,0.5,0.5
4377,0.0,1.0
4378,1.0,0.0
4379,0.0,1.0
4380,0.5,0.5
4381,0.125,0.875
4382,0.0,1.0
4383,0.0,1.0
4384,0.0,1.0
4385,0.0,1.0
4386,0.5,0.5
4387,0.5,0.5
4388,0.5,0.5
4389,0.5,0.5
4390,1.0,0.0
4391,0.0,1.0
4392,0.25,0.75
4393,0.5,0.5
4394,0.0,1.0
4395,0.5,0.5
4396,0.5,0.5
4397,0.5,0.5
4398,0.5,0.5
4399,0.5,0.5
4400,0.625,0.375
4401,0.25,0.75
4402,0.0,1.0
4403,0.5,0.5
4404,1.0,0.0
4405,1.0,0.0
4406,1.0,0.0
4407,0.0,1.0
4408,0.32638888888888884,0.6736111111111112
4409,0.25,0.75
4410,1.0,0.0
4411,0.0,1.0
4412,0.0,1.0
4413,0.0,1.0
4414,0.0,1.0
4415,0.36111111111111116,0.6388888888888888
4416,0.25,0.75
4417,0.5,0.5
4418,0.0,1.0
4419,0.30000000000000004,0.7
4420,0.0,1.0
4421,0.375,0.625
4422,0.5,0.5
4423,0.33333333333333337,0.6666666666666666
4424,0.5,0.5
4425,0.0,1.0
4426,1.0,0.0
4427,0.0,1.0
4428,0.375,0.625
4429,0.0,1.0
4430,0.0,1.0
4431,0.6,0.4
4432,0.625,0.375
4433,0.5,0.5
4434,0.75,0.25
4435,0.5,0.5
4436,1.0,0.0
4437,0.0,1.0
4438,1.0,0.0
4439,0.5,0.5
4440,0.0,1.0
4441,0.5,0.5
4442,0.0,1.0
4443,0.75,0.25
4444,0.5,0.5
4445,1.0,0.0
4446,0.15384615384615385,0.8461538461538461
4447,0.33333333333333337,0.6666666666666666
4448,0.0,1.0
4449,1.0,0.0
4450,0.0,1.0
4451,0.0,1.0
4452,0.16666666666666663,0.8333333333333334
4453,0.25,0.75
4454,0.0,1.0
4455,0.5,0.5
4456,0.0,1.0
4457,0.08333333333333337,0.9166666666666666
4458,0.0,1.0
4459,0.5,0.5
4460,0.0,1.0
4461,0.0,1.0
4462,0.0,1.0
4463,0.0,1.0
4464,0.0,1.0
4465,0.0,1.0
4466,0.30000000000000004,0.7
4467,0.33333333333333337,0.6666666666666666
4468,0.0,1.0
4469,0.5,0.5
4470,0.0,1.0
4471,0.0,1.0
4472,0.0,1.0
4473,1.0,0.0
4474,0.0,1.0
4475,1.0,0.0
4476,1.0,0.0
4477,1.0,0.0
4478,0.125,0.875
4479,0.5,0.5
4480,0.0,1.0
4481,0.0,1.0
4482,0.0,1.0
4483,0.0,1.0
4484,0.0,1.0
4485,0.16666666666666663,0.8333333333333334
4486,0.5,0.5
4487,0.0,1.0
4488,0.0,1.0
4489,0.0,1.0
4490,0.38888888888888884,0.6111111111111112
4491,1.0,0.0
4492,0.0,1.0
4493,0.0,1.0
4494,0.0,1.0
4495,0.0,1.0
4496,0.0,1.0
4497,0.25,0.75
4498,0.0,1.0
4499,0.75,0.25
4500,1.0,0.0
4501,0.5,0.5
4502,0.0,1.0
4503,0.16666666666666663,0.8333333333333334
4504,0.25,0.75
4505,0.0,1.0
4506,0.5,0.5
4507,0.0,1.0
4508,0.0,1.0
4509,0.8,0.2
4510,0.6666666666666667,0.3333333333333333
4511,0.75,0.25
4512,0.5,0.5
4513,1.0,0.0
4514,0.5,0.5
4515,1.0,0.0
4516,1.0,0.0
4517,1.0,0.0
4518,0.1071428571428571,0.8928571428571429
4519,1.0,0.0
4520,0.0,1.0
4521,0.0625,0.9375
4522,0.06818181818181823,0.9318181818181818
4523,0.0,1.0
4524,0.0,1.0
4525,0.0,1.0
4526,0.0,1.0
4527,0.25,0.75
4528,0.0,1.0
4529,0.5,0.5
4530,0.0,1.0
4531,0.0,1.0
4532,0.0,1.0
4533,0.0,1.0
4534,0.0,1.0
4535,0.0,1.0
4536,0.0,1.0
4537,0.0,1.0
4538,0.1428571428571429,0.8571428571428571
4539,1.0,0.0
4540,0.0,1.0
4541,0.0,1.0
4542,0.0,1.0
4543,0.0,1.0
4544,0.0,1.0
4545,0.0,1.0
4546,0.0,1.0
4547,0.0,1.0
4548,0.0,1.0
4549,0.0,1.0
4550,0.0,1.0
4551,0.0,1.0
4552,0.0,1.0
4553,0.0,1.0
4554,0.0,1.0
4555,0.0,1.0
4556,0.0,1.0
4557,0.25,0.75
4558,0.5,0.5
4559,0.0,1.0
4560,0.5,0.5
4561,0.0,1.0
4562,0.4545454545454546,0.5454545454545454
4563,0.5,0.5
4564,0.0,1.0
4565,1.0,0.0
4566,0.5,0.5
4567,0.5,0.5
4568,0.5,0.5
4569,0.0,1.0
4570,0.6,0.4
4571,0.625,0.375
4572,1.0,0.0
4573,1.0,0.0
4574,0.25,0.75
4575,0.0,1.0
4576,0.5,0.5
4577,0.5,0.5
4578,0.25,0.75
4579,0.0,1.0
4580,0.5,0.5
4581,0.75,0.25
4582,0.5,0.5
4583,0.5,0.5
4584,0.5,0.5
4585,1.0,0.0
4586,1.0,0.0
4587,1.0,0.0
4588,0.2777777777777778,0.7222222222222222
4589,0.41666666666666663,0.5833333333333334
4590,0.75,0.25
4591,1.0,0.0
4592,0.5,0.5
4593,0.33333333333333337,0.6666666666666666
4594,0.25,0.75
4595,0.5,0.5
4596,0.0,1.0
4597,0.5,0.5
4598,0.0,1.0
4599,0.0,1.0
4600,0.0,1.0
4601,0.0,1.0
4602,0.0,1.0
4603,0.0,1.0
4604,0.5476190476190477,0.4523809523809524
4605,0.525,0.475
4606,1.0,0.0
4607,1.0,0.0
4608,1.0,0.0
4609,1.0,0.0
4610,1.0,0.0
4611,0.5,0.5
4612,1.0,0.0
4613,0.0,1.0
4614,0.3928571428571429,0.6071428571428571
4615,0.33333333333333337,0.6666666666666666
4616,0.25,0.75
4617,0.5,0.5
4618,0.0,1.0
4619,0.5,0.5
4620,0.5,0.5
4621,1.0,0.0
4622,0.0,1.0
4623,0.0,1.0
4624,0.4375,0.5625
4625,0.8333333333333334,0.16666666666666666
4626,0.75,0.25
4627,0.5,0.5
4628,1.0,0.0
4629,1.0,0.0
4630,0.0,1.0
4631,0.0,1.0
4632,0.0,1.0
4633,0.33333333333333337,0.6666666666666666
4634,0.5,0.5
4635,1.0,0.0
4636,0.0,1.0
4637,0.0,1.0
4638,1.0,0.0
4639,1.0,0.0
4640,0.5,0.5
4641,1.0,0.0
4642,0.0,1.0
4643,0.3709677419354839,0.6290322580645161
4644,0.41666666666666663,0.5833333333333334
4645,0.33333333333333337,0.6666666666666666
4646,0.0,1.0
4647,0.5,0.5
4648,0.0,1.0
4649,1.0,0.0
4650,0.5,0.5
4651,0.25,0.75
4652,0.0,1.0
4653,0.5,0.5
4654,1.0,0.0
4655,0.2727272727272727,0.7272727272727273
4656,0.25,0.75
4657,0.0,1.0
4658,0.0,1.0
4659,0.5,0.5
4660,0.25,0.75
4661,0.0,1.0
4662,0.5,0.5
4663,0.0,1.0
4664,0.75,0.25
4665,0.5,0.5
4666,1.0,0.0
4667,0.0,1.0
4668,0.0,1.0
4669,0.0,1.0
4670,0.0,1.0
4671,0.75,0.25
4672,0.5,0.5
4673,1.0,0.0
4674,0.19999999999999996,0.8
4675,0.0,1.0
4676,0.0,1.0
4677,0.0,1.0
4678,0.0,1.0
4679,0.0,1.0
4680,0.5,0.5
4681,1.0,0.0
4682,0.0,1.0
4683,0.0,1.0
4684,0.0,1.0
4685,0.0,1.0
4686,0.5,0.5
4687,0.0,1.0
4688,1.0,0.0
4689,0.23076923076923073,0.7692307692307693
4690,0.5,0.5
4691,1.0,0.0
4692,0.0,1.0
4693,0.25,0.75
4694,0.5,0.5
4695,0.0,1.0
4696,0.0,1.0
4697,0.0,1.0
4698,0.0,1.0
4699,0.0,1.0
4700,0.0,1.0
4701,0.33333333333333337,0.6666666666666666
4702,0.25,0.75
4703,0.0,1.0
4704,0.5,0.5
4705,0.5,0.5
4706,0.25,0.75
4707,0.5,0.5
4708,0.0,1.0
4709,0.46153846153846156,0.5384615384615384
4710,0.0,1.0
4711,0.48,0.52
4712,0.33333333333333337,0.6666666666666666
4713,0.0,1.0
4714,0.0,1.0
4715,0.0,1.0
4716,1.0,0.0
4717,0.0,1.0
4718,0.4,0.6
4719,1.0,0.0
4720,0.0,1.0
4721,0.33333333333333337,0.6666666666666666
4722,1.0,0.0
4723,0.0,1.0
4724,0.0,1.0
4725,0.0,1.0
4726,0.0,1.0
4727,0.5,0.5
4728,0.0,1.0
4729,1.0,0.0
4730,0.5,0.5
4731,1.0,0.0
4732,1.0,0.0
4733,1.0,0.0
4734,0.55,0.45
4735,1.0,0.0
4736,1.0,0.0
4737,1.0,0.0
4738,0.4375,0.5625
4739,0.0,1.0
4740,0.5,0.5
4741,0.0,1.0
4742,0.5833333333333333,0.4166666666666667
4743,0.5,0.5
4744,0.0,1.0
4745,1.0,0.0
4746,0.625,0.375
4747,0.6666666666666667,0.3333333333333333
4748,0.5,0.5
4749,1.0,0.0
4750,0.0,1.0
4751,1.0,0.0
4752,0.5,0.5
4753,0.375,0.625
4754,1.0,0.0
4755,0.16666666666666663,0.8333333333333334
4756,0.25,0.75
4757,0.0,1.0
4758,0.5,0.5
4759,0.0,1.0
4760,0.25,0.75
4761,0.0,1.0
4762,1.0,0.0
4763,0.33333333333333337,0.6666666666666666
4764,0.0,1.0
4765,0.5,0.5
4766,1.0,0.0
4767,0.0,1.0
4768,0.16666666666666663,0.8333333333333334
4769,0.5,0.5
4770,0.0,1.0
4771,0.0,1.0
4772,0.0,1.0
4773,0.0,1.0
4774,0.0,1.0
4775,0.0,1.0
4776,0.38888888888888884,0.6111111111111112
4777,0.0,1.0
4778,1.0,0.0
4779,0.5,0.5
4780,0.0,1.0
4781,0.5,0.5
4782,0.0,1.0
4783,0.0,1.0
4784,0.0,1.0
4785,0.5,0.5
4786,1.0,0.0
4787,0.3846153846153846,0.6153846153846154
4788,0.09999999999999998,0.9
4789,0.0,1.0
4790,0.0,1.0
4791,0.0,1.0
4792,0.0,1.0
4793,0.0,1.0
4794,0.0,1.0
4795,0.0,1.0
4796,0.5,0.5
4797,0.75,0.25
4798,0.5,0.5
4799,1.0,0.0
4800,0.5,0.5
4801,1.0,0.0
4802,1.0,0.0
4803,1.0,0.0
4804,0.0,1.0
4805,1.0,0.0
4806,0.0,1.0
4807,0.0,1.0
4808,0.0,1.0
4809,0.16666666666666663,0.8333333333333334
4810,0.0,1.0
4811,0.0,1.0
4812,0.0,1.0
4813,0.25,0.75
4814,0.5,0.5
4815,0.0,1.0
4816,0.25,0.75
4817,0.0,1.0
4818,0.5,0.5
4819,0.0,1.0
4820,0.0,1.0
4821,0.0,1.0
4822,0.0,1.0
4823,0.0,1.0
4824,0.5,0.5
4825,0.0,1.0
4826,1.0,0.0
4827,0.8888888888888888,0.1111111111111111
4828,0.6666666666666667,0.3333333333333333
4829,1.0,0.0
4830,0.0,1.0
4831,1.0,0.0
4832,1.0,0.0
4833,1.0,0.0
4834,1.0,0.0
4835,1.0,0.0
4836,1.0,0.0
4837,1.0,0.0
4838,1.0,0.0
4839,1.0,0.0
4840,1.0,0.0
4841,0.48269230769230764,0.5173076923076924
4842,0.4558823529411765,0.5441176470588235
4843,0.5,0.5
4844,0.6666666666666667,0.3333333333333333
4845,1.0,0.0
4846,1.0,0.0
4847,1.0,0.0
4848,0.0,1.0
4849,0.5,0.5
4850,0.5714285714285714,0.42857142857142855
4851,0.5,0.5
4852,0.5,0.5
4853,0.5,0.5
4854,0.5,0.5
4855,0.0,1.0
4856,1.0,0.0
4857,0.5,0.5
4858,0.5,0.5
4859,0.5,0.5
4860,0.5,0.5
4861,1.0,0.0
4862,0.0,1.0
4863,0.625,0.375
4864,0.75,0.25
4865,0.5,0.5
4866,1.0,0.0
4867,0.5,0.5
4868,1.0,0.0
4869,0.0,1.0
4870,0.33333333333333337,0.6666666666666666
4871,1.0,0.0
4872,0.19999999999999996,0.8
4873,0.0,1.0
4874,0.0,1.0
4875,0.0,1.0
4876,0.0,1.0
4877,0.5,0.5
4878,1.0,0.0
4879,0.0,1.0
4880,0.33783783783783783,0.6621621621621622
4881,0.3846153846153846,0.6153846153846154
4882,0.4545454545454546,0.5454545454545454
4883,0.5,0.5
4884,0.5,0.5
4885,0.5,0.5
4886,0.5,0.5
4887,0.5,0.5
4888,0.0,1.0
4889,0.5,0.5
4890,0.7,0.3
4891,0.5,0.5
4892,0.0,1.0
4893,1.0,0.0
4894,0.8333333333333334,0.16666666666666666
4895,0.75,0.25
4896,1.0,0.0
4897,0.5,0.5
4898,1.0,0.0
4899,0.0,1.0
4900,0.0,1.0
4901,0.0,1.0
4902,0.0,1.0
4903,0.0,1.0
4904,0.3125,0.6875
4905,0.0,1.0
4906,0.32608695652173914,0.6739130434782609
4907,1.0,0.0
4908,0.2954545454545454,0.7045454545454546
4909,0.0,1.0
4910,0.0,1.0
4911,0.5,0.5
4912,0.0,1.0
4913,0.0,1.0
4914,0.16666666666666663,0.8333333333333334
4915,0.25,0.75
4916,0.5,0.5
4917,0.0,1.0
4918,0.0,1.0
4919,0.0,1.0
4920,0.0,1.0
4921,0.45833333333333337,0.5416666666666666
4922,0.33333333333333337,0.6666666666666666
4923,0.5,0.5
4924,0.0,1.0
4925,1.0,0.0
4926,0.0,1.0
4927,0.5,0.5
4928,0.0,1.0
4929,1.0,0.0
4930,0.8333333333333334,0.16666666666666666
4931,0.5,0.5
4932,1.0,0.0
4933,1.0,0.0
4934,1.0,0.0
4935,0.5,0.5
4936,0.0,1.0
4937,1.0,0.0
4938,0.0,1.0
4939,0.0,1.0
4940,0.0,1.0
4941,0.5833333333333333,0.4166666666666667
4942,0.6666666666666667,0.3333333333333333
4943,0.5,0.5
4944,0.75,0.25
4945,1.0,0.0
4946,0.5,0.5
4947,0.33333333333333337,0.6666666666666666
4948,0.0,1.0
4949,0.0,1.0
4950,0.0,1.0
4951,1.0,0.0
4952,1.0,0.0
4953,1.0,0.0
4954,1.0,0.0
4955,1.0,0.0
4956,1.0,0.0
4957,0.33333333333333337,0.6666666666666666
4958,0.5,0.5
4959,0.25,0.75
4960,0.5,0.5
4961,0.0,1.0
4962,0.515625,0.484375
4963,0.5,0.5
4964,1.0,0.0
4965,0.0,1.0
4966,0.0,1.0
4967,0.0,1.0
4968,0.0,1.0
4969,1.0,0.0
4970,0.5,0.5
4971,1.0,0.0
4972,0.6,0.4
4973,0.5,0.5
4974,0.625,0.375
4975,0.0,1.0
4976,0.8333333333333334,0.16666666666666666
4977,1.0,0.0
4978,0.75,0.25
4979,1.0,0.0
4980,0.5,0.5
4981,0.6666666666666667,0.3333333333333333
4982,0.5,0.5
4983,0.75,0.25
4984,0.5,0.5
4985,1.0,0.0
4986,0.33333333333333337,0.6666666666666666
4987,0.5,0.5
4988,0.30000000000000004,0.7
4989,1.0,0.0
4990,0.125,0.875
4991,0.5,0.5
4992,0.0,1.0
4993,0.0,1.0
4994,0.0,1.0
4995,0.0,1.0
4996,0.0,1.0
4997,0.5454545454545454,0.45454545454545453
4998,1.0,0.0
4999,1.0,0.0
5000,1.0,0.0
5001,0.0,1.0
5002,0.0,1.0
5003,0.0,1.0
5004,0.5,0.5
5005,0.25,0.75
5006,0.0,1.0
5007,0.5,0.5
5008,1.0,0.0
5009,1.0,0.0
5010,0.5,0.5
5011,0.0,1.0
5012,1.0,0.0
5013,0.5135135135135135,0.4864864864864865
5014,0.5,0.5
5015,0.5,0.5
5016,0.5,0.5
5017,0.5,0.5
5018,0.5,0.5
5019,0.0,1.0
5020,1.0,0.0
5021,0.5,0.5
5022,1.0,0.0
5023,0.33333333333333337,0.6666666666666666
5024,0.5,0.5
5025,0.25,0.75
5026,0.0,1.0
5027,0.5,0.5
5028,0.5,0.5
5029,0.5,0.5
5030,0.5,0.5
5031,0.44999999999999996,0.55
5032,0.4444444444444444,0.5555555555555556
5033,0.5833333333333333,0.4166666666666667
5034,1.0,0.0
5035,0.5,0.5
5036,0.5,0.5
5037,0.0,1.0
5038,1.0,0.0
5039,0.5,0.5
5040,0.5,0.5
5041,0.0,1.0
5042,1.0,0.0
5043,0.5,0.5
5044,0.16666666666666663,0.8333333333333334
5045,0.0,1.0
5046,0.25,0.75
5047,0.5,0.5
5048,0.0,1.0
5049,0.5,0.5
5050,0.5,0.5
5051,1.0,0.0
5052,1.0,0.0
5053,1.0,0.0
5054,0.6666666666666667,0.3333333333333333
5055,0.5,0.5
5056,1.0,0.0
5057,0.0,1.0
5058,1.0,0.0
5059,0.33333333333333337,0.6666666666666666
5060,0.5,0.5
5061,0.5,0.5
5062,0.16666666666666663,0.8333333333333334
5063,0.0,1.0
5064,0.25,0.75
5065,0.0,1.0
5066,0.5,0.5
5067,0.5,0.5
5068,0.25,0.75
5069,0.5,0.5
5070,0.0,1.0
5071,0.41666666666666663,0.5833333333333334
5072,0.75,0.25
5073,1.0,0.0
5074,0.5,0.5
5075,0.33333333333333337,0.6666666666666666
5076,0.0,1.0
5077,0.0,1.0
5078,0.0,1.0
5079,1.0,0.0
5080,0.25,0.75
5081,0.5,0.5
5082,0.0,1.0
5083,0.16666666666666663,0.8333333333333334
5084,0.25,0.75
5085,0.5,0.5
5086,0.0,1.0
5087,0.0,1.0
5088,0.75,0.25
5089,1.0,0.0
5090,0.5,0.5
5091,0.5,0.5
5092,0.25,0.75
5093,0.0,1.0
5094,0.5,0.5
5095,0.8333333333333334,0.16666666666666666
5096,1.0,0.0
5097,0.75,0.25
5098,1.0,0.0
5099,0.5,0.5
5100,0.5,0.5
5101,0.5,0.5
5102,0.5,0.5
5103,0.5,0.5
5104,0.0,1.0
5105,0.625,0.375
5106,0.0,1.0
5107,1.0,0.0
5108,0.75,0.25
5109,0.5,0.5
5110,1.0,0.0
5111,0.5,0.5
5112,0.5,0.5
5113,0.5,0.5
5114,0.5,0.5
5115,0.5,0.5
5116,0.5,0.5
5117,0.0,1.0
5118,0.7083333333333333,0.2916666666666667
5119,1.0,0.0
5120,1.0,0.0
5121,1.0,0.0
5122,0.5,0.5
5123,0.5,0.5
5124,0.5,0.5
5125,1.0,0.0
5126,0.5,0.5
5127,0.0,1.0
5128,1.0,0.0
5129,0.5,0.5
5130,0.8333333333333334,0.16666666666666666
5131,0.75,0.25
5132,1.0,0.0
5133,0.5,0.5
5134,1.0,0.0
5135,0.5,0.5
5136,0.48809523809523814,0.5119047619047619
5137,0.4,0.6
5138,0.5,0.5
5139,0.0,1.0
5140,0.0,1.0
5141,0.5,0.5
5142,0.0,1.0
5143,1.0,0.0
5144,1.0,0.0
5145,1.0,0.0
5146,0.0,1.0
5147,0.5,0.5
5148,1.0,0.0
5149,0.0,1.0
5150,0.6,0.4
5151,1.0,0.0
5152,1.0,0.0
5153,0.25,0.75
5154,0.5,0.5
5155,0.0,1.0
5156,0.5,0.5
5157,0.5357142857142857,0.4642857142857143
5158,0.6,0.4
5159,0.33333333333333337,0.6666666666666666
5160,0.0,1.0
5161,0.5,0.5
5162,0.5,0.5
5163,0.5,0.5
5164,0.7142857142857143,0.2857142857142857
5165,0.6666666666666667,0.3333333333333333
5166,0.5,0.5
5167,0.7,0.3
5168,1.0,0.0
5169,0.625,0.375
5170,0.5,0.5
5171,1.0,0.0
5172,0.5,0.5
5173,0.0,1.0
5174,1.0,0.0
5175,1.0,0.0
5176,0.375,0.625
5177,0.33333333333333337,0.6666666666666666
5178,0.0,1.0
5179,0.0,1.0
5180,0.0,1.0
5181,1.0,0.0
5182,0.5,0.5
5183,0.7,0.3
5184,0.5,0.5
5185,1.0,0.0
5186,0.5,0.5
5187,0.0,1.0
5188,1.0,0.0
5189,1.0,0.0
5190,0.3076923076923077,0.6923076923076923
5191,0.25,0.75
5192,0.5,0.5
5193,0.0,1.0
5194,0.5,0.5
5195,0.5,0.5
5196,1.0,0.0
5197,0.0,1.0
5198,0.5,0.5
5199,0.25,0.75
5200,0.25,0.75
5201,0.5,0.5
5202,0.0,1.0
5203,0.25,0.75
5204,0.25,0.75
5205,0.0,1.0
5206,0.5,0.5
5207,0.25,0.75
5208,0.0,1.0
5209,0.5,0.5
5210,0.25,0.75
5211,0.0,1.0
5212,0.5,0.5
5213,1.0,0.0
5214,1.0,0.0
5215,1.0,0.0
5216,1.0,0.0
5217,1.0,0.0
5218,0.31818181818181823,0.6818181818181818
5219,0.0,1.0
5220,0.6666666666666667,0.3333333333333333
5221,1.0,0.0
5222,0.5,0.5
5223,1.0,0.0
5224,0.0,1.0
5225,0.375,0.625
5226,0.33333333333333337,0.6666666666666666
5227,0.5,0.5
5228,0.25,0.75
5229,0.0,1.0
5230,0.5,0.5
5231,0.5,0.5
5232,0.0,1.0
5233,0.0,1.0
5234,0.0,1.0
5235,0.0,1.0
5236,0.0,1.0
5237,0.59375,0.40625
5238,0.0,1.0
5239,0.5,0.5
5240,0.5,0.5
5241,0.8333333333333334,0.16666666666666666
5242,0.8,0.2
5243,1.0,0.0
5244,1.0,0.0
5245,1.0,0.0
5246,1.0,0.0
5247,0.5,0.5
5248,1.0,0.0
5249,0.0,1.0
5250,1.0,0.0
5251,0.25,0.75
5252,0.5,0.5
5253,0.16666666666666663,0.8333333333333334
5254,0.25,0.75
5255,0.5,0.5
5256,0.0,1.0
5257,0.0,1.0
5258,0.8333333333333334,0.16666666666666666
5259,1.0,0.0
5260,0.75,0.25
5261,0.5,0.5
5262,1.0,0.0
5263,0.33333333333333337,0.6666666666666666
5264,0.0,1.0
5265,0.0,1.0
5266,0.0,1.0
5267,0.25,0.75
5268,0.5,0.5
5269,0.0,1.0
5270,0.75,0.25
5271,0.5,0.5
5272,1.0,0.0
5273,0.4726224783861671,0.5273775216138329
5274,0.5,0.5
5275,0.543859649122807,0.45614035087719296
5276,0.75,0.25
5277,1.0,0.0
5278,0.5,0.5
5279,0.0,1.0
5280,1.0,0.0
5281,1.0,0.0
5282,0.5,0.5
5283,1.0,0.0
5284,0.0,1.0
5285,0.5,0.5
5286,0.5,0.5
5287,0.5,0.5
5288,0.5,0.5
5289,0.5,0.5
5290,0.0,1.0
5291,1.0,0.0
5292,0.5,0.5
5293,0.5,0.5
5294,1.0,0.0
5295,0.5,0.5
5296,0.5,0.5
5297,0.41666666666666663,0.5833333333333334
5298,0.0,1.0
5299,0.0,1.0
5300,0.0,1.0
5301,0.625,0.375
5302,1.0,0.0
5303,0.0,1.0
5304,0.75,0.25
5305,0.5,0.5
5306,1.0,0.0
5307,1.0,0.0
5308,0.5,0.5
5309,1.0,0.0
5310,0.0,1.0
5311,1.0,0.0
5312,0.0,1.0
5313,0.0,1.0
5314,0.0,1.0
5315,0.5,0.5
5316,0.5,0.5
5317,0.5,0.5
5318,0.42307692307692313,0.5769230769230769
5319,0.4545454545454546,0.5454545454545454
5320,0.0,1.0
5321,1.0,0.0
5322,0.75,0.25
5323,1.0,0.0
5324,0.5,0.5
5325,0.0,1.0
5326,0.0,1.0
5327,0.0,1.0
5328,0.5,0.5
5329,0.5,0.5
5330,0.5,0.5
5331,1.0,0.0
5332,0.33333333333333337,0.6666666666666666
5333,1.0,0.0
5334,0.0,1.0
5335,0.0,1.0
5336,0.0,1.0
5337,0.25,0.75
5338,0.0,1.0
5339,0.5,0.5
5340,0.25,0.75
5341,0.5,0.5
5342,0.0,1.0
5343,1.0,0.0
5344,0.6666666666666667,0.3333333333333333
5345,1.0,0.0
5346,0.0,1.0
5347,0.75,0.25
5348,1.0,0.0
5349,0.6666666666666667,0.3333333333333333
5350,0.0,1.0
5351,1.0,0.0
5352,1.0,0.0
5353,1.0,0.0
5354,0.7142857142857143,0.2857142857142857
5355,1.0,0.0
5356,1.0,0.0
5357,1.0,0.0
5358,1.0,0.0
5359,0.5,0.5
5360,1.0,0.0
5361,0.5,0.5
5362,0.25,0.75
5363,0.0,1.0
5364,0.5,0.5
5365,0.44897959183673475,0.5510204081632653
5366,0.75,0.25
5367,1.0,0.0
5368,1.0,0.0
5369,1.0,0.0
5370,1.0,0.0
5371,1.0,0.0
5372,0.0,1.0
5373,0.33333333333333337,0.6666666666666666
5374,0.5,0.5
5375,0.25,0.75
5376,0.0,1.0
5377,0.5,0.5
5378,0.375,0.625
5379,0.5,0.5
5380,1.0,0.0
5381,0.25,0.75
5382,0.0,1.0
5383,0.5,0.5
5384,0.0,1.0
5385,0.09999999999999998,0.9
5386,0.0,1.0
5387,0.0,1.0
5388,0.0,1.0
5389,0.0,1.0
5390,0.5,0.5
5391,0.0,1.0
5392,0.25,0.75
5393,0.0,1.0
5394,0.5,0.5
5395,0.0,1.0
5396,1.0,0.0
5397,0.0,1.0
5398,0.0,1.0
5399,0.0,1.0
5400,0.5,0.5
5401,0.5,0.5
5402,0.5,0.5
5403,1.0,0.0
5404,0.0,1.0
5405,0.5,0.5
5406,0.75,0.25
5407,1.0,0.0
5408,0.5,0.5
5409,0.6666666666666667,0.3333333333333333
5410,0.75,0.25
5411,0.6666666666666667,0.3333333333333333
5412,1.0,0.0
5413,1.0,0.0
5414,1.0,0.0
5415,0.0,1.0
5416,1.0,0.0
5417,0.75,0.25
5418,0.5,0.5
5419,1.0,0.0
5420,0.5,0.5
5421,0.625,0.375
5422,0.0,1.0
5423,0.8333333333333334,0.16666666666666666
5424,1.0,0.0
5425,0.5,0.5
5426,1.0,0.0
5427,0.0,1.0
5428,1.0,0.0
5429,0.33333333333333337,0.6666666666666666
5430,0.5,0.5
5431,0.0,1.0
5432,1.0,0.0
5433,0.4,0.6
5434,0.5,0.5
5435,0.5,0.5
5436,0.5,0.5
5437,1.0,0.0
5438,0.25,0.75
5439,0.0,1.0
5440,0.5,0.5
5441,0.0,1.0
5442,0.0,1.0
5443,0.0,1.0
5444,0.0,1.0
5445,0.4571428571428572,0.5428571428571428
5446,0.4,0.6
5447,0.5,0.5
5448,0.0,1.0
5449,0.75,0.25
5450,1.0,0.0
5451,0.5,0.5
5452,0.0,1.0
5453,0.40476190476190477,0.5952380952380952
5454,0.0,1.0
5455,0.0,1.0
5456,0.0,1.0
5457,0.40625,0.59375
5458,0.3666666666666667,0.6333333333333333
5459,0.375,0.625
5460,0.5,0.5
5461,1.0,0.0
5462,0.0,1.0
5463,0.5,0.5
5464,0.0,1.0
5465,0.0,1.0
5466,1.0,0.0
5467,0.0,1.0
5468,0.0,1.0
5469,0.0,1.0
5470,0.0,1.0
5471,0.5,0.5
5472,1.0,0.0
5473,0.0,1.0
5474,1.0,0.0
5475,0.33333333333333337,0.6666666666666666
5476,0.5,0.5
5477,0.25,0.75
5478,0.0,1.0
5479,0.5,0.5
5480,1.0,0.0
5481,0.6666666666666667,0.3333333333333333
5482,0.5,0.5
5483,0.0,1.0
5484,1.0,0.0
5485,1.0,0.0
5486,0.5,0.5
5487,0.7083333333333333,0.2916666666666667
5488,0.8333333333333334,0.16666666666666666
5489,1.0,0.0
5490,1.0,0.0
5491,1.0,0.0
5492,0.5,0.5
5493,0.7142857142857143,0.2857142857142857
5494,0.5,0.5
5495,0.0,1.0
5496,1.0,0.0
5497,0.5,0.5
5498,1.0,0.0
5499,1.0,0.0
5500,1.0,0.0
5501,1.0,0.0
5502,0.5,0.5
5503,0.0,1.0
5504,1.0,0.0
5505,0.375,0.625
5506,0.0,1.0
5507,1.0,0.0
5508,0.5,0.5
5509,0.0,1.0
5510,0.0,1.0
5511,0.0,1.0
5512,0.4,0.6
5513,0.5,0.5
5514,1.0,0.0
5515,0.0,1.0
5516,0.5,0.5
5517,1.0,0.0
5518,0.0,1.0
5519,0.0,1.0
5520,0.5,0.5
5521,1.0,0.0
5522,0.0,1.0
5523,0.5,0.5
5524,0.0,1.0
5525,1.0,0.0
5526,0.5,0.5
5527,1.0,0.0
5528,0.75,0.25
5529,0.5,0.5
5530,1.0,0.0
5531,0.16666666666666663,0.8333333333333334
5532,0.0,1.0
5533,0.0,1.0
5534,0.0,1.0
5535,0.5,0.5
5536,0.5,0.5
5537,1.0,0.0
5538,0.25,0.75
5539,0.0,1.0
5540,0.5,0.5
5541,0.125,0.875
5542,0.25,0.75
5543,0.0,1.0
5544,0.5,0.5
5545,0.0,1.0
5546,0.0,1.0
5547,0.0,1.0
5548,0.5,0.5
5549,0.5,0.5
5550,1.0,0.0
5551,0.25,0.75
5552,0.0,1.0
5553,0.5,0.5
5554,0.5,0.5
5555,0.5094339622641509,0.49056603773584906
5556,0.38235294117647056,0.6176470588235294
5557,0.4285714285714286,0.5714285714285714
5558,0.0,1.0
5559,1.0,0.0
5560,0.0,1.0
5561,1.0,0.0
5562,1.0,0.0
5563,0.0,1.0
5564,0.0,1.0
5565,0.0,1.0
5566,0.4,0.6
5567,0.5,0.5
5568,0.0,1.0
5569,1.0,0.0
5570,0.25,0.75
5571,0.0,1.0
5572,0.5,0.5
5573,0.75,0.25
5574,0.5,0.5
5575,1.0,0.0
5576,0.5,0.5
5577,0.25,0.75
5578,0.09999999999999998,0.9
5579,0.0,1.0
5580,0.0,1.0
5581,0.0,1.0
5582,0.0,1.0
5583,0.25,0.75
5584,0.0,1.0
5585,0.5,0.5
5586,1.0,0.0
5587,0.5,0.5
5588,0.19999999999999996,0.8
5589,0.0,1.0
5590,0.25,0.75
5591,0.0,1.0
5592,0.33333333333333337,0.6666666666666666
5593,1.0,0.0
5594,0.0,1.0
5595,0.0,1.0
5596,0.0,1.0
5597,0.5,0.5
5598,1.0,0.0
5599,0.25,0.75
5600,0.0,1.0
5601,0.5,0.5
5602,0.375,0.625
5603,0.16666666666666663,0.8333333333333334
5604,0.0,1.0
5605,0.25,0.75
5606,0.0,1.0
5607,0.5,0.5
5608,1.0,0.0
5609,0.736842105263158,0.2631578947368421
5610,0.75,0.25
5611,1.0,0.0
5612,0.5,0.5
5613,1.0,0.0
5614,0.75,0.25
5615,0.5,0.5
5616,1.0,0.0
5617,0.7,0.3
5618,0.625,0.375
5619,0.6666666666666667,0.3333333333333333
5620,0.75,0.25
5621,0.5,0.5
5622,1.0,0.0
5623,0.5,0.5
5624,0.5,0.5
5625,1.0,0.0
5626,1.0,0.0
5627,0.7,0.3
5628,0.75,0.25
5629,0.5,0.5
5630,1.0,0.0
5631,0.6666666666666667,0.3333333333333333
5632,0.5,0.5
5633,0.75,0.25
5634,1.0,0.0
5635,0.5,0.5
5636,1.0,0.0
5637,1.0,0.0
5638,1.0,0.0
5639,0.0,1.0
5640,0.36904761904761907,0.6309523809523809
5641,0.16666666666666663,0.8333333333333334
5642,0.0,1.0
5643,0.25,0.75
5644,0.5,0.5
5645,0.0,1.0
5646,1.0,0.0
5647,0.125,0.875
5648,0.0,1.0
5649,0.16666666666666663,0.8333333333333334
5650,0.5,0.5
5651,0.0,1.0
5652,0.0,1.0
5653,0.0,1.0
5654,0.0,1.0
5655,0.0,1.0
5656,0.5,0.5
5657,0.5,0.5
5658,0.5,0.5
5659,0.4375,0.5625
5660,0.5,0.5
5661,0.0,1.0
5662,1.0,0.0
5663,0.0,1.0
5664,1.0,0.0
5665,0.33333333333333337,0.6666666666666666
5666,0.0,1.0
5667,0.0,1.0
5668,0.0,1.0
5669,1.0,0.0
5670,0.5,0.5
5671,0.3571428571428571,0.6428571428571429
5672,0.5,0.5
5673,0.25,0.75
5674,0.5,0.5
5675,0.0,1.0
5676,0.5,0.5
5677,0.0,1.0
5678,0.0,1.0
5679,0.0,1.0
5680,1.0,0.0
5681,0.5,0.5
5682,0.0,1.0
5683,0.0,1.0
5684,0.0,1.0
5685,0.6428571428571428,0.35714285714285715
5686,0.0,1.0
5687,1.0,0.0
5688,0.5,0.5
5689,0.5,0.5
5690,0.8333333333333334,0.16666666666666666
5691,0.5,0.5
5692,1.0,0.0
5693,1.0,0.0
5694,1.0,0.0
5695,0.0,1.0
5696,0.0,1.0
5697,0.0,1.0
5698,0.5,0.5
5699,0.6666666666666667,0.3333333333333333
5700,1.0,0.0
5701,0.5,0.5
5702,0.5,0.5
5703,0.5,0.5
5704,0.25,0.75
5705,0.0,1.0
5706,0.5,0.5
5707,0.48026315789473684,0.5197368421052632
5708,0.7,0.3
5709,0.5,0.5
5710,1.0,0.0
5711,0.0,1.0
5712,0.8333333333333334,0.16666666666666666
5713,1.0,0.0
5714,1.0,0.0
5715,1.0,0.0
5716,0.5,0.5
5717,0.5294117647058824,0.47058823529411764
5718,0.5454545454545454,0.45454545454545453
5719,0.5833333333333333,0.4166666666666667
5720,0.5,0.5
5721,1.0,0.0
5722,0.0,1.0
5723,0.5,0.5
5724,0.0,1.0
5725,1.0,0.0
5726,1.0,0.0
5727,0.5,0.5
5728,0.5,0.5
5729,0.5,0.5
5730,0.5,0.5
5731,0.0,1.0
5732,1.0,0.0
5733,0.5,0.5
5734,1.0,0.0
5735,0.0,1.0
5736,0.5,0.5
5737,0.33333333333333337,0.6666666666666666
5738,0.5,0.5
5739,0.0,1.0
5740,1.0,0.0
5741,0.0,1.0
5742,0.6666666666666667,0.3333333333333333
5743,1.0,0.0
5744,1.0,0.0
5745,1.0,0.0
5746,0.0,1.0
5747,0.41666666666666663,0.5833333333333334
5748,1.0,0.0
5749,1.0,0.0
5750,0.25,0.75
5751,0.5,0.5
5752,0.0,1.0
5753,0.0,1.0
5754,0.0,1.0
5755,0.625,0.375
5756,1.0,0.0
5757,0.5,0.5
5758,0.75,0.25
5759,1.0,0.0
5760,0.5,0.5
5761,0.0,1.0
5762,0.2857142857142857,0.7142857142857143
5763,0.0,1.0
5764,0.0,1.0
5765,0.0,1.0
5766,0.0,1.0
5767,0.0,1.0
5768,0.75,0.25
5769,0.5,0.5
5770,1.0,0.0
5771,0.25,0.75
5772,0.0,1.0
5773,0.5,0.5
5774,0.3214285714285714,0.6785714285714286
5775,0.0,1.0
5776,0.34615384615384615,0.6538461538461539
5777,0.0,1.0
5778,0.0,1.0
5779,0.0,1.0
5780,0.33333333333333337,0.6666666666666666
5781,0.25,0.75
5782,0.5,0.5
5783,0.0,1.0
5784,0.5,0.5
5785,0.0,1.0
5786,0.33333333333333337,0.6666666666666666
5787,0.25,0.75
5788,0.0,1.0
5789,0.5,0.5
5790,0.5,0.5
5791,0.5,0.5
5792,1.0,0.0
5793,0.0,1.0
5794,0.75,0.25
5795,0.5,0.5
5796,1.0,0.0
5797,0.5,0.5
5798,1.0,0.0
5799,0.25,0.75
5800,0.0,1.0
5801,0.5,0.5
5802,0.5,0.5
5803,0.6538461538461539,0.34615384615384615
5804,0.0,1.0
5805,1.0,0.0
5806,1.0,0.0
5807,1.0,0.0
5808,1.0,0.0
5809,1.0,0.0
5810,0.0,1.0
5811,1.0,0.0
5812,0.5,0.5
5813,0.75,0.25
5814,1.0,0.0
5815,0.5,0.5
5816,0.5,0.5
5817,0.6666666666666667,0.3333333333333333
5818,0.5,0.5
5819,1.0,0.0
5820,0.0,1.0
5821,1.0,0.0
5822,0.33333333333333337,0.6666666666666666
5823,0.33333333333333337,0.6666666666666666
5824,0.25,0.75
5825,0.0,1.0
5826,0.5,0.5
5827,0.5,0.5
5828,0.33333333333333337,0.6666666666666666
5829,0.0,1.0
5830,0.0,1.0
5831,1.0,0.0
5832,0.388235294117647,0.611764705882353
5833,0.47777777777777775,0.5222222222222223
5834,0.4285714285714286,0.5714285714285714
5835,0.5,0.5
5836,1.0,0.0
5837,0.0,1.0
5838,0.40909090909090906,0.5909090909090909
5839,0.0,1.0
5840,0.44999999999999996,0.55
5841,0.5,0.5
5842,0.0,1.0
5843,1.0,0.0
5844,0.0,1.0
5845,1.0,0.0
5846,0.5,0.5
5847,0.75,0.25
5848,1.0,0.0
5849,0.5,0.5
5850,0.25,0.75
5851,0.5,0.5
5852,0.0,1.0
5853,0.0,1.0
5854,0.625,0.375
5855,1.0,0.0
5856,0.5,0.5
5857,0.5,0.5
5858,0.5,0.5
5859,0.0,1.0
5860,1.0,0.0
5861,0.33333333333333337,0.6666666666666666
5862,1.0,0.0
5863,0.0,1.0
5864,0.0,1.0
5865,0.0,1.0
5866,0.625,0.375
5867,0.5,0.5
5868,0.75,0.25
5869,1.0,0.0
5870,0.5,0.5
5871,0.0,1.0
5872,1.0,0.0
5873,0.75,0.25
5874,0.5,0.5
5875,1.0,0.0
5876,0.6666666666666667,0.3333333333333333
5877,0.5,0.5
5878,0.7,0.3
5879,1.0,0.0
5880,0.625,0.375
5881,1.0,0.0
5882,1.0,0.0
5883,0.25,0.75
5884,0.0,1.0
5885,0.5,0.5
5886,0.25,0.75
5887,0.0,1.0
5888,0.30000000000000004,0.7
5889,0.375,0.625
5890,0.5,0.5
5891,1.0,0.0
5892,0.0,1.0
5893,0.25,0.75
5894,0.0,1.0
5895,0.5,0.5
5896,0.0,1.0
5897,0.4,0.6
5898,0.0,1.0
5899,1.0,0.0
5900,0.5,0.5
5901,1.0,0.0
5902,0.0,1.0
5903,0.0,1.0
5904,0.5,0.5
5905,0.375,0.625
5906,0.36363636363636365,0.6363636363636364
5907,0.33720930232558144,0.6627906976744186
5908,0.3571428571428571,0.6428571428571429
5909,0.0,1.0
5910,0.41666666666666663,0.5833333333333334
5911,0.75,0.25
5912,0.5,0.5
5913,1.0,0.0
5914,0.25,0.75
5915,0.25,0.75
5916,0.0,1.0
5917,0.5,0.5
5918,0.25,0.75
5919,0.5,0.5
5920,0.0,1.0
5921,0.3035714285714286,0.6964285714285714
5922,0.0,1.0
5923,1.0,0.0
5924,0.6666666666666667,0.3333333333333333
5925,1.0,0.0
5926,0.5,0.5
5927,0.0,1.0
5928,1.0,0.0
5929,0.0,1.0
5930,0.0,1.0
5931,0.16666666666666663,0.8333333333333334
5932,0.5,0.5
5933,0.0,1.0
5934,0.0,1.0
5935,1.0,0.0
5936,0.125,0.875
5937,0.16666666666666663,0.8333333333333334
5938,0.25,0.75
5939,0.0,1.0
5940,0.5,0.5
5941,0.0,1.0
5942,0.0,1.0
5943,0.29166666666666663,0.7083333333333334
5944,0.5,0.5
5945,0.5,0.5
5946,0.5,0.5
5947,0.0,1.0
5948,0.0,1.0
5949,0.0,1.0
5950,0.0,1.0
5951,0.0,1.0
5952,0.4,0.6
5953,0.5,0.5
5954,0.5,0.5
5955,0.5,0.5
5956,0.5,0.5
5957,0.0,1.0
5958,0.5,0.5
5959,0.0,1.0
5960,0.4375,0.5625
5961,1.0,0.0
5962,0.25,0.75
5963,0.0,1.0
5964,0.5,0.5
5965,0.25,0.75
5966,0.5,0.5
5967,0.0,1.0
5968,0.5,0.5
5969,0.25,0.75
5970,0.5,0.5
5971,0.0,1.0
5972,1.0,0.0
5973,0.3970588235294118,0.6029411764705882
5974,0.0,1.0
5975,1.0,0.0
5976,1.0,0.0
5977,0.75,0.25
5978,1.0,0.0
5979,0.6666666666666667,0.3333333333333333
5980,1.0,0.0
5981,0.5,0.5
5982,0.0,1.0
5983,1.0,0.0
5984,0.09999999999999998,0.9
5985,0.125,0.875
5986,0.0,1.0
5987,0.0,1.0
5988,0.0,1.0
5989,0.0,1.0
5990,0.0,1.0
5991,0.5,0.5
5992,0.0,1.0
5993,0.375,0.625
5994,0.16666666666666663,0.8333333333333334
5995,0.25,0.75
5996,0.0,1.0
5997,0.5,0.5
5998,0.0,1.0
5999,1.0,0.0
6000,0.30000000000000004,0.7
6001,0.5,0.5
6002,0.5,0.5
6003,1.0,0.0
6004,0.0,1.0
6005,0.0,1.0
6006,0.0,1.0
6007,0.0714285714285714,0.9285714285714286
6008,0.25,0.75
6009,0.0,1.0
6010,0.5,0.5
6011,0.0,1.0
6012,0.0,1.0
6013,0.0,1.0
6014,0.0,1.0
6015,0.0,1.0
6016,0.0,1.0
6017,0.75,0.25
6018,0.9,0.1
6019,0.5,0.5
6020,1.0,0.0
6021,1.0,0.0
6022,1.0,0.0
6023,1.0,0.0
6024,1.0,0.0
6025,0.0,1.0
6026,0.5,0.5
6027,1.0,0.0
6028,1.0,0.0
6029,0.30000000000000004,0.7
6030,0.25,0.75
6031,0.0,1.0
6032,0.5,0.5
6033,0.33333333333333337,0.6666666666666666
6034,0.0,1.0
6035,0.5,0.5
6036,0.0,1.0
6037,1.0,0.0
6038,0.3650793650793651,0.6349206349206349
6039,0.38983050847457623,0.6101694915254238
6040,0.4285714285714286,0.5714285714285714
6041,0.5,0.5
6042,0.5714285714285714,0.42857142857142855
6043,0.5,0.5
6044,0.5,0.5
6045,0.0,1.0
6046,1.0,0.0
6047,0.625,0.375
6048,0.5,0.5
6049,0.5,0.5
6050,0.75,0.25
6051,1.0,0.0
6052,0.5,0.5
6053,0.0,1.0
6054,0.33333333333333337,0.6666666666666666
6055,0.16666666666666663,0.8333333333333334
6056,0.25,0.75
6057,0.0,1.0
6058,0.5,0.5
6059,0.0,1.0
6060,0.5,0.5
6061,0.5,0.5
6062,0.5,0.5
6063,1.0,0.0
6064,0.0,1.0
6065,0.4,0.6
6066,0.0,1.0
6067,0.5,0.5
6068,0.5,0.5
6069,0.5,0.5
6070,0.5,0.5
6071,0.5,0.5
6072,0.5,0.5
6073,0.5,0.5
6074,0.5,0.5
6075,0.5,0.5
6076,1.0,0.0
6077,0.0,1.0
6078,0.4285714285714286,0.5714285714285714
6079,0.33333333333333337,0.6666666666666666
6080,0.5,0.5
6081,1.0,0.0
6082,0.5,0.5
6083,0.0,1.0
6084,0.16666666666666663,0.8333333333333334
6085,0.0,1.0
6086,0.25,0.75
6087,0.0,1.0
6088,0.5,0.5
6089,1.0,0.0
6090,0.6666666666666667,0.3333333333333333
6091,0.5,0.5
6092,0.5,0.5
6093,1.0,0.0
6094,0.0,1.0
6095,0.0,1.0
6096,0.0,1.0
6097,0.5714285714285714,0.42857142857142855
6098,0.6666666666666667,0.3333333333333333
6099,0.5,0.5
6100,1.0,0.0
6101,0.0,1.0
6102,1.0,0.0
6103,0.5,0.5
6104,0.0,1.0
6105,1.0,0.0
6106,0.5,0.5
6107,0.0,1.0
6108,1.0,0.0
6109,0.25,0.75
6110,0.0,1.0
6111,1.0,0.0
6112,0.0,1.0
6113,0.19999999999999996,0.8
6114,0.0,1.0
6115,0.0,1.0
6116,0.0,1.0
6117,0.0,1.0
6118,0.0,1.0
6119,0.0,1.0
6120,0.0,1.0
6121,1.0,0.0
6122,0.8333333333333334,0.16666666666666666
6123,1.0,0.0
6124,0.75,0.25
6125,0.5,0.5
6126,1.0,0.0
6127,0.0,1.0
6128,0.0,1.0
6129,0.0,1.0
6130,0.0,1.0
6131,0.0,1.0
6132,0.0,1.0
6133,0.0,1.0
6134,0.0,1.0
6135,0.0,1.0
6136,0.0,1.0
6137,0.34328358208955223,0.6567164179104478
6138,0.34523809523809523,0.6547619047619048
6139,0.16666666666666663,0.8333333333333334
6140,0.0,1.0
6141,0.0,1.0
6142,0.0,1.0
6143,0.0,1.0
6144,0.5,0.5
6145,0.5,0.5
6146,0.5,0.5
6147,0.0,1.0
6148,0.375,0.625
6149,0.2857142857142857,0.7142857142857143
6150,0.09999999999999998,0.9
6151,0.125,0.875
6152,0.0,1.0
6153,0.16666666666666663,0.8333333333333334
6154,0.0,1.0
6155,0.25,0.75
6156,0.0,1.0
6157,0.5,0.5
6158,0.0,1.0
6159,0.75,0.25
6160,0.5,0.5
6161,1.0,0.0
6162,0.39655172413793105,0.603448275862069
6163,0.33333333333333337,0.6666666666666666
6164,0.5,0.5
6165,0.5,0.5
6166,0.5,0.5
6167,0.0,1.0
6168,0.0,1.0
6169,0.5,0.5
6170,0.5,0.5
6171,1.0,0.0
6172,0.0,1.0
6173,0.5,0.5
6174,0.25,0.75
6175,0.0,1.0
6176,0.5,0.5
6177,0.5,0.5
6178,1.0,0.0
6179,0.25,0.75
6180,0.5,0.5
6181,0.0,1.0
6182,0.0,1.0
6183,0.75,0.25
6184,1.0,0.0
6185,0.5,0.5
6186,0.5,0.5
6187,1.0,0.0
6188,0.0,1.0
6189,0.4,0.6
6190,0.0,1.0
6191,0.6666666666666667,0.3333333333333333
6192,0.0,1.0
6193,1.0,0.0
6194,1.0,0.0
6195,1.0,0.0
6196,0.0,1.0
6197,1.0,0.0
6198,0.30000000000000004,0.7
6199,0.25,0.75
6200,0.0,1.0
6201,0.33333333333333337,0.6666666666666666
6202,0.5,0.5
6203,0.0,1.0
6204,1.0,0.0
6205,0.0,1.0
6206,0.5,0.5
6207,0.0,1.0
6208,0.33999999999999997,0.66
6209,0.75,0.25
6210,0.5,0.5
6211,1.0,0.0
6212,1.0,0.0
6213,0.0,1.0
6214,0.16666666666666663,0.8333333333333334
6215,0.25,0.75
6216,0.5,0.5
6217,0.0,1.0
6218,0.0,1.0
6219,0.0,1.0
6220,0.5,0.5
6221,0.0,1.0
6222,1.0,0.0
6223,0.25,0.75
6224,0.5,0.5
6225,0.5,0.5
6226,0.5,0.5
6227,0.0,1.0
6228,0.0,1.0
6229,0.0,1.0
6230,0.33333333333333337,0.6666666666666666
6231,1.0,0.0
6232,0.25,0.75
6233,0.25,0.75
6234,0.5,0.5
6235,0.0,1.0
6236,0.0,1.0
6237,0.0,1.0
6238,0.0,1.0
6239,0.5,0.5
6240,0.0,1.0
6241,1.0,0.0
6242,0.25,0.75
6243,0.0,1.0
6244,0.5,0.5
6245,0.25,0.75
6246,0.5,0.5
6247,0.0,1.0
6248,0.5798429319371727,0.4201570680628272
6249,0.5681818181818181,0.4318181818181818
6250,0.59375,0.40625
6251,0.8333333333333334,0.16666666666666666
6252,0.75,0.25
6253,0.5,0.5
6254,1.0,0.0
6255,1.0,0.0
6256,0.4,0.6
6257,0.0,1.0
6258,0.5,0.5
6259,0.0,1.0
6260,0.0,1.0
6261,0.25,0.75
6262,0.0,1.0
6263,0.5,0.5
6264,0.8333333333333334,0.16666666666666666
6265,1.0,0.0
6266,0.75,0.25
6267,0.5,0.5
6268,1.0,0.0
6269,0.5,0.5
6270,1.0,0.0
6271,1.0,0.0
6272,1.0,0.0
6273,1.0,0.0
6274,1.0,0.0
6275,0.5,0.5
6276,0.5,0.5
6277,0.375,0.625
6278,0.0,1.0
6279,0.5,0.5
6280,1.0,0.0
6281,0.25,0.75
6282,0.0,1.0
6283,0.5,0.5
6284,1.0,0.0
6285,0.5,0.5
6286,0.603448275862069,0.39655172413793105
6287,0.5,0.5
6288,1.0,0.0
6289,0.0,1.0
6290,0.6111111111111112,0.3888888888888889
6291,0.33333333333333337,0.6666666666666666
6292,0.5,0.5
6293,0.5,0.5
6294,0.0,1.0
6295,0.0,1.0
6296,0.5,0.5
6297,0.75,0.25
6298,0.5,0.5
6299,0.5,0.5
6300,1.0,0.0
6301,0.0,1.0
6302,1.0,0.0
6303,1.0,0.0
6304,1.0,0.0
6305,1.0,0.0
6306,0.6666666666666667,0.3333333333333333
6307,0.75,0.25
6308,1.0,0.0
6309,0.5,0.5
6310,0.5,0.5
6311,1.0,0.0
6312,0.6666666666666667,0.3333333333333333
6313,1.0,0.0
6314,1.0,0.0
6315,1.0,0.0
6316,0.0,1.0
6317,0.5,0.5
6318,1.0,0.0
6319,1.0,0.0
6320,1.0,0.0
6321,0.0,1.0
6322,0.0,1.0
6323,0.0,1.0
6324,1.0,0.0
6325,1.0,0.0
6326,1.0,0.0
6327,0.5,0.5
6328,0.5,0.5
6329,0.5,0.5
6330,1.0,0.0
6331,0.0,1.0
6332,0.515625,0.484375
6333,0.75,0.25
6334,0.5,0.5
6335,1.0,0.0
6336,0.5,0.5
6337,0.0,1.0
6338,0.5,0.5
6339,0.5714285714285714,0.42857142857142855
6340,0.75,0.25
6341,0.5,0.5
6342,1.0,0.0
6343,1.0,0.0
6344,0.5,0.5
6345,0.5,0.5
6346,0.5,0.5
6347,0.0,1.0
6348,0.25,0.75
6349,0.5,0.5
6350,0.0,1.0
6351,0.625,0.375
6352,0.5,0.5
6353,0.5,0.5
6354,0.75,0.25
6355,1.0,0.0
6356,0.5,0.5
6357,0.6111111111111112,0.3888888888888889
6358,1.0,0.0
6359,0.5,0.5
6360,0.5,0.5
6361,0.5,0.5
6362,0.5,0.5
6363,0.0,1.0
6364,1.0,0.0
6365,0.6666666666666667,0.3333333333333333
6366,1.0,0.0
6367,1.0,0.0
6368,1.0,0.0
6369,0.0,1.0
6370,0.5,0.5
6371,0.33333333333333337,0.6666666666666666
6372,0.0,1.0
6373,1.0,0.0
6374,0.5,0.5
6375,0.0,1.0
6376,1.0,0.0
6377,0.0,1.0
6378,0.0,1.0
6379,0.0,1.0
6380,0.6666666666666667,0.3333333333333333
6381,0.0,1.0
6382,0.6,0.4
6383,1.0,0.0
6384,0.5,0.5
6385,0.5,0.5
6386,0.5,0.5
6387,1.0,0.0
6388,0.25,0.75
6389,0.0,1.0
6390,0.5,0.5
6391,1.0,0.0
6392,1.0,0.0
6393,1.0,0.0
6394,1.0,0.0
6395,1.0,0.0
6396,0.625,0.375
6397,0.75,0.25
6398,0.5,0.5
6399,1.0,0.0
6400,0.5,0.5
6401,0.5,0.5
6402,0.5,0.5
6403,0.5,0.5
6404,0.5,0.5
6405,0.5,0.5
6406,0.30000000000000004,0.7
6407,0.30000000000000004,0.7
6408,1.0,0.0
6409,0.25,0.75
6410,0.0,1.0
6411,0.5,0.5
6412,0.0,1.0
6413,0.0,1.0
6414,0.0,1.0
6415,0.30000000000000004,0.7
6416,0.0,1.0
6417,0.0,1.0
6418,0.0,1.0
6419,0.0,1.0
6420,0.0,1.0
6421,0.75,0.25
6422,1.0,0.0
6423,0.5,0.5
6424,0.5,0.5
6425,0.0,1.0
6426,0.5,0.5
6427,0.5,0.5
6428,0.5,0.5
6429,0.5,0.5
6430,0.5,0.5
6431,0.5,0.5
6432,0.5,0.5
6433,1.0,0.0
6434,1.0,0.0
6435,0.5,0.5
6436,0.5,0.5
6437,0.0,1.0
6438,0.5,0.5
6439,1.0,0.0
6440,0.0,1.0
6441,0.75,0.25
6442,0.5,0.5
6443,1.0,0.0
6444,0.5,0.5
6445,1.0,0.0
6446,1.0,0.0
6447,1.0,0.0
6448,0.0,1.0
6449,1.0,0.0
6450,1.0,0.0
6451,1.0,0.0
6452,1.0,0.0
6453,1.0,0.0
6454,0.0,1.0
6455,0.0,1.0
6456,0.0,1.0
6457,0.0,1.0
6458,0.0,1.0
6459,0.4285714285714286,0.5714285714285714
6460,0.75,0.25
6461,1.0,0.0
6462,0.5,0.5
6463,0.5,0.5
6464,0.25,0.75
6465,0.0,1.0
6466,0.5,0.5
6467,0.25,0.75
6468,0.0,1.0
6469,0.5,0.5
6470,0.6451612903225806,0.3548387096774194
6471,0.4545454545454546,0.5454545454545454
6472,0.4,0.6
6473,0.38888888888888884,0.6111111111111112
6474,0.375,0.625
6475,0.3571428571428571,0.6428571428571429
6476,0.41666666666666663,0.5833333333333334
6477,0.8333333333333334,0.16666666666666666
6478,1.0,0.0
6479,0.5,0.5
6480,1.0,0.0
6481,0.0,1.0
6482,0.0,1.0
6483,0.0,1.0
6484,0.0,1.0
6485,0.0,1.0
6486,0.0,1.0
6487,0.5,0.5
6488,0.5,0.5
6489,0.5,0.5
6490,1.0,0.0
6491,0.75,0.25
6492,0.0,1.0
6493,1.0,0.0
6494,1.0,0.0
6495,1.0,0.0
6496,1.0,0.0
6497,1.0,0.0
6498,0.75,0.25
6499,0.7142857142857143,0.2857142857142857
6500,0.5,0.5
6501,1.0,0.0
6502,0.5,0.5
6503,1.0,0.0
6504,1.0,0.0
6505,1.0,0.0
6506,0.5,0.5
6507,0.0,1.0
6508,1.0,0.0
6509,0.8,0.2
6510,1.0,0.0
6511,1.0,0.0
6512,1.0,0.0
6513,0.5,0.5
6514,1.0,0.0
6515,0.0,1.0
6516,1.0,0.0
6517,0.75,0.25
6518,1.0,0.0
6519,1.0,0.0
6520,0.5,0.5
6521,0.0,1.0
6522,1.0,0.0
6523,0.41666666666666663,0.5833333333333334
6524,0.0,1.0
6525,0.5,0.5
6526,0.5,0.5
6527,0.5,0.5
6528,1.0,0.0
6529,0.25,0.75
6530,0.5,0.5
6531,0.0,1.0
6532,0.5,0.5
6533,0.7,0.3
6534,0.75,0.25
6535,0.6666666666666667,0.3333333333333333
6536,0.5,0.5
6537,0.75,0.25
6538,0.5,0.5
6539,1.0,0.0
6540,1.0,0.0
6541,0.5,0.5
6542,0.16666666666666663,0.8333333333333334
6543,0.0,1.0
6544,0.0,1.0
6545,0.25,0.75
6546,0.33333333333333337,0.6666666666666666
6547,1.0,0.0
6548,0.0,1.0
6549,0.0,1.0
6550,0.0,1.0
6551,0.0,1.0
6552,0.5,0.5
6553,0.6060606060606061,0.3939393939393939
6554,0.2142857142857143,0.7857142857142857
6555,0.5,0.5
6556,0.5,0.5
6557,0.16666666666666663,0.8333333333333334
6558,0.25,0.75
6559,0.5,0.5
6560,0.0,1.0
6561,0.0,1.0
6562,0.0,1.0
6563,0.0,1.0
6564,0.0,1.0
6565,1.0,0.0
6566,1.0,0.0
6567,1.0,0.0
6568,1.0,0.0
6569,1.0,0.0
6570,1.0,0.0
6571,1.0,0.0
6572,1.0,0.0
6573,1.0,0.0
6574,0.7352941176470589,0.2647058823529412
6575,1.0,0.0
6576,0.0,1.0
6577,1.0,0.0
6578,1.0,0.0
6579,0.5,0.5
6580,0.8333333333333334,0.16666666666666666
6581,0.75,0.25
6582,0.5,0.5
6583,1.0,0.0
6584,1.0,0.0
6585,0.5,0.5
6586,1.0,0.0
6587,0.7142857142857143,0.2857142857142857
6588,0.0,1.0
6589,0.0,1.0
6590,1.0,0.0
6591,1.0,0.0
6592,1.0,0.0
6593,1.0,0.0
6594,1.0,0.0
6595,1.0,0.0
6596,0.25,0.75
6597,0.0,1.0
6598,0.0,1.0
6599,0.0,1.0
6600,1.0,0.0
6601,0.0,1.0
6602,0.625,0.375
6603,0.5,0.5
6604,0.0,1.0
6605,1.0,0.0
6606,1.0,0.0
6607,0.5,0.5
6608,0.5,0.5
6609,0.5,0.5
6610,0.6666666666666667,0.3333333333333333
6611,1.0,0.0
6612,0.5,0.5
6613,0.0,1.0
6614,1.0,0.0
6615,0.5714285714285714,0.42857142857142855
6616,1.0,0.0
6617,0.5,0.5
6618,0.5,0.5
6619,1.0,0.0
6620,1.0,0.0
6621,0.16666666666666663,0.8333333333333334
6622,0.5,0.5
6623,0.0,1.0
6624,0.0,1.0
6625,0.33333333333333337,0.6666666666666666
6626,0.5,0.5
6627,0.25,0.75
6628,0.5,0.5
6629,0.0,1.0
6630,0.7,0.3
6631,1.0,0.0
6632,0.625,0.375
6633,1.0,0.0
6634,0.5,0.5
6635,0.25,0.75
6636,0.0,1.0
6637,0.5,0.5
6638,1.0,0.0
6639,0.5833333333333333,0.4166666666666667
6640,1.0,0.0
6641,0.5,0.5
6642,0.0,1.0
6643,1.0,0.0
6644,1.0,0.0
6645,1.0,0.0
6646,0.0,1.0
6647,0.75,0.25
6648,1.0,0.0
6649,0.6666666666666667,0.3333333333333333
6650,1.0,0.0
6651,0.5,0.5
6652,1.0,0.0
6653,0.0,1.0
6654,0.6666666666666667,0.3333333333333333
6655,0.5909090909090908,0.4090909090909091
6656,0.0,1.0
6657,0.0,1.0
6658,0.0,1.0
6659,0.5,0.5
6660,0.625,0.375
6661,0.5,0.5
6662,0.5,0.5
6663,0.0,1.0
6664,1.0,0.0
6665,0.5,0.5
6666,1.0,0.0
6667,1.0,0.0
6668,0.75,0.25
6669,1.0,0.0
6670,0.5,0.5
6671,1.0,0.0
6672,0.7307692307692308,0.2692307692307692
6673,1.0,0.0
6674,0.7083333333333333,0.2916666666666667
6675,0.875,0.125
6676,0.75,0.25
6677,1.0,0.0
6678,0.5,0.5
6679,1.0,0.0
6680,1.0,0.0
6681,0.625,0.375
6682,0.7,0.3
6683,1.0,0.0
6684,0.625,0.375
6685,1.0,0.0
6686,0.0,1.0
6687,0.75,0.25
6688,1.0,0.0
6689,0.5,0.5
6690,0.5,0.5
6691,0.5,0.5
6692,1.0,0.0
6693,0.0,1.0
6694,0.5,0.5
6695,0.6058823529411765,0.3941176470588235
6696,0.6590909090909092,0.3409090909090909
6697,0.0,1.0
6698,0.0,1.0
6699,0.5,0.5
6700,0.5,0.5
6701,0.5,0.5
6702,0.5,0.5
6703,0.5,0.5
6704,0.0,1.0
6705,0.75,0.25
6706,1.0,0.0
6707,0.5,0.5
6708,0.75,0.25
6709,1.0,0.0
6710,0.5,0.5
6711,0.8,0.2
6712,1.0,0.0
6713,1.0,0.0
6714,1.0,0.0
6715,1.0,0.0
6716,1.0,0.0
6717,1.0,0.0
6718,1.0,0.0
6719,1.0,0.0
6720,1.0,0.0
6721,1.0,0.0
6722,0.5,0.5
6723,0.75,0.25
6724,1.0,0.0
6725,0.5,0.5
6726,0.25,0.75
6727,0.0,1.0
6728,0.5,0.5
6729,1.0,0.0
6730,1.0,0.0
6731,1.0,0.0
6732,0.6428571428571428,0.35714285714285715
6733,0.7777777777777778,0.2222222222222222
6734,0.875,0.125
6735,1.0,0.0
6736,1.0,0.0
6737,1.0,0.0
6738,0.75,0.25
6739,1.0,0.0
6740,0.5,0.5
6741,0.7,0.3
6742,1.0,0.0
6743,0.5,0.5
6744,0.6666666666666667,0.3333333333333333
6745,1.0,0.0
6746,1.0,0.0
6747,1.0,0.0
6748,0.0,1.0
6749,0.4,0.6
6750,0.6666666666666667,0.3333333333333333
6751,0.5,0.5
6752,1.0,0.0
6753,0.0,1.0
6754,1.0,0.0
6755,0.0,1.0
6756,0.0,1.0
6757,0.0,1.0
6758,0.5,0.5
6759,0.7222222222222222,0.2777777777777778
6760,1.0,0.0
6761,1.0,0.0
6762,1.0,0.0
6763,1.0,0.0
6764,1.0,0.0
6765,1.0,0.0
6766,0.0,1.0
6767,0.5,0.5
6768,0.0,1.0
6769,1.0,0.0
6770,0.5,0.5
6771,0.375,0.625
6772,0.5,0.5
6773,0.5,0.5
6774,0.4,0.6
6775,0.0,1.0
6776,0.5,0.5
6777,0.5,0.5
6778,0.25,0.75
6779,0.0,1.0
6780,0.5,0.5
6781,1.0,0.0
6782,0.0,1.0
6783,0.0,1.0
6784,0.75,0.25
6785,1.0,0.0
6786,0.5,0.5
6787,0.0,1.0
6788,0.0,1.0
6789,0.0,1.0
6790,0.5,0.5
6791,0.25,0.75
6792,0.0,1.0
6793,0.5,0.5
6794,1.0,0.0
6795,0.6333333333333333,0.36666666666666664
6796,1.0,0.0
6797,0.75,0.25
6798,1.0,0.0
6799,0.5,0.5
6800,0.0,1.0
6801,0.8,0.2
6802,1.0,0.0
6803,0.5,0.5
6804,1.0,0.0
6805,0.75,0.25
6806,1.0,0.0
6807,0.5,0.5
6808,0.5,0.5
6809,0.5,0.5
6810,0.5,0.5
6811,0.5,0.5
6812,0.5,0.5
6813,0.5,0.5
6814,0.5,0.5
6815,0.5,0.5
6816,0.0,1.0
6817,1.0,0.0
6818,0.5833333333333333,0.4166666666666667
6819,0.8333333333333334,0.16666666666666666
6820,1.0,0.0
6821,1.0,0.0
6822,1.0,0.0
6823,0.5,0.5
6824,0.5,0.5
6825,0.5,0.5
6826,0.5,0.5
6827,0.0,1.0
6828,0.8333333333333334,0.16666666666666666
6829,1.0,0.0
6830,0.75,0.25
6831,0.5,0.5
6832,1.0,0.0
6833,0.6,0.4
6834,1.0,0.0
6835,1.0,0.0
6836,1.0,0.0
6837,1.0,0.0
6838,1.0,0.0
6839,0.5,0.5
6840,0.5,0.5
6841,0.0,1.0
6842,1.0,0.0
6843,0.5,0.5
6844,0.75,0.25
6845,0.5,0.5
6846,1.0,0.0
6847,0.0,1.0
6848,0.5,0.5
6849,0.3571428571428571,0.6428571428571429
6850,0.41666666666666663,0.5833333333333334
6851,0.5,0.5
6852,0.4,0.6
6853,0.5,0.5
6854,1.0,0.0
6855,0.25,0.75
6856,0.5,0.5
6857,0.0,1.0
6858,0.25,0.75
6859,0.5,0.5
6860,0.0,1.0
6861,0.0,1.0
6862,0.875,0.125
6863,0.8333333333333334,0.16666666666666666
6864,0.75,0.25
6865,0.5,0.5
6866,1.0,0.0
6867,1.0,0.0
6868,1.0,0.0
6869,0.44940476190476186,0.5505952380952381
6870,0.4626865671641791,0.5373134328358209
6871,0.33333333333333337,0.6666666666666666
6872,0.41666666666666663,0.5833333333333334
6873,0.25,0.75
6874,0.0,1.0
6875,0.0,1.0
6876,0.0,1.0
6877,0.5,0.5
6878,1.0,0.0
6879,0.0,1.0
6880,0.75,0.25
6881,1.0,0.0
6882,0.5,0.5
6883,0.0,1.0
6884,0.0,1.0
6885,0.0,1.0
6886,0.0,1.0
6887,0.0,1.0
6888,0.0,1.0
6889,0.33333333333333337,0.6666666666666666
6890,0.5,0.5
6891,1.0,0.0
6892,0.0,1.0
6893,0.0,1.0
6894,0.2857142857142857,0.7142857142857143
6895,0.16666666666666663,0.8333333333333334
6896,0.19999999999999996,0.8
6897,0.5,0.5
6898,0.125,0.875
6899,0.0,1.0
6900,0.0,1.0
6901,0.0,1.0
6902,0.25,0.75
6903,0.5,0.5
6904,0.0,1.0
6905,0.0,1.0
6906,1.0,0.0
6907,0.625,0.375
6908,0.6666666666666667,0.3333333333333333
6909,1.0,0.0
6910,1.0,0.0
6911,1.0,0.0
6912,0.0,1.0
6913,0.5,0.5
6914,0.4642857142857143,0.5357142857142857
6915,0.5,0.5
6916,0.5,0.5
6917,0.5,0.5
6918,0.5,0.5
6919,0.5416666666666667,0.4583333333333333
6920,1.0,0.0
6921,0.5,0.5
6922,0.0,1.0
6923,0.0,1.0
6924,1.0,0.0
6925,1.0,0.0
6926,1.0,0.0
6927,1.0,0.0
6928,1.0,0.0
6929,0.5,0.5
6930,0.25,0.75
6931,0.33333333333333337,0.6666666666666666
6932,0.0,1.0
6933,0.0,1.0
6934,0.0,1.0
6935,1.0,0.0
6936,0.0,1.0
6937,0.4375,0.5625
6938,0.0,1.0
6939,0.5,0.5
6940,0.0,1.0
6941,0.5,0.5
6942,0.5,0.5
6943,0.5,0.5
6944,0.75,0.25
6945,1.0,0.0
6946,0.5,0.5
6947,0.5,0.5
6948,0.30000000000000004,0.7
6949,0.375,0.625
6950,0.33333333333333337,0.6666666666666666
6951,0.0,1.0
6952,1.0,0.0
6953,0.0,1.0
6954,0.5,0.5
6955,0.0,1.0
6956,0.6666666666666667,0.3333333333333333
6957,1.0,0.0
6958,0.0,1.0
6959,1.0,0.0
6960,1.0,0.0
6961,1.0,0.0
6962,0.75,0.25
6963,1.0,0.0
6964,0.5,0.5
6965,0.0,1.0
6966,0.0,1.0
6967,0.0,1.0
6968,0.875,0.125
6969,0.5,0.5
6970,1.0,0.0
6971,1.0,0.0
6972,1.0,0.0
6973,1.0,0.0
6974,0.0,1.0
6975,1.0,0.0
6976,0.44059405940594054,0.5594059405940595
6977,0.4,0.6
6978,0.30000000000000004,0.7
6979,1.0,0.0
6980,0.0,1.0
6981,0.0,1.0
6982,0.0,1.0
6983,0.5,0.5
6984,0.0,1.0
6985,0.375,0.625
6986,0.4,0.6
6987,1.0,0.0
6988,0.0,1.0
6989,0.5,0.5
6990,1.0,0.0
6991,0.0,1.0
6992,0.0,1.0
6993,0.33333333333333337,0.6666666666666666
6994,0.0,1.0
6995,0.5,0.5
6996,0.5,0.5
6997,0.5,0.5
6998,0.45833333333333337,0.5416666666666666
6999,0.6428571428571428,0.35714285714285715
7000,0.0,1.0
7001,1.0,0.0
7002,0.7,0.3
7003,0.5,0.5
7004,0.75,0.25
7005,1.0,0.0
7006,0.0,1.0
7007,1.0,0.0
7008,1.0,0.0
7009,0.19999999999999996,0.8
7010,0.0,1.0
7011,0.25,0.75
7012,0.0,1.0
7013,0.0,1.0
7014,0.5,0.5
7015,1.0,0.0
7016,0.0,1.0
7017,0.4358974358974359,0.5641025641025641
7018,0.0,1.0
7019,0.0,1.0
7020,0.0,1.0
7021,0.0,1.0
7022,0.0,1.0
7023,0.4722222222222222,0.5277777777777778
7024,0.6666666666666667,0.3333333333333333
7025,0.5,0.5
7026,1.0,0.0
7027,0.0,1.0
7028,1.0,0.0
7029,0.4545454545454546,0.5454545454545454
7030,1.0,0.0
7031,1.0,0.0
7032,1.0,0.0
7033,1.0,0.0
7034,1.0,0.0
7035,0.4,0.6
7036,0.5,0.5
7037,0.5,0.5
7038,0.5,0.5
7039,0.5,0.5
7040,0.5,0.5
7041,0.5,0.5
7042,0.5,0.5
7043,1.0,0.0
7044,0.0,1.0
7045,0.16666666666666663,0.8333333333333334
7046,0.0,1.0
7047,0.25,0.75
7048,0.0,1.0
7049,0.5,0.5
7050,0.25,0.75
7051,0.33333333333333337,0.6666666666666666
7052,0.0,1.0
7053,0.0,1.0
7054,0.0,1.0
7055,1.0,0.0
7056,0.0,1.0
7057,0.5,0.5
7058,0.75,0.25
7059,1.0,0.0
7060,0.75,0.25
7061,1.0,0.0
7062,1.0,0.0
7063,1.0,0.0
7064,1.0,0.0
7065,1.0,0.0
7066,0.0,1.0
7067,0.5,0.5
7068,0.16666666666666663,0.8333333333333334
7069,0.0,1.0
7070,0.25,0.75
7071,0.0,1.0
7072,0.5,0.5
7073,0.33333333333333337,0.6666666666666666
7074,0.0,1.0
7075,0.5,0.5
7076,0.5,0.5
7077,0.25,0.75
7078,0.0,1.0
7079,0.0,1.0
7080,0.0,1.0
7081,0.5,0.5
7082,1.0,0.0
7083,0.0,1.0
7084,0.5,0.5
7085,0.5,0.5
7086,1.0,0.0
7087,0.0,1.0
7088,0.9,0.1
7089,1.0,0.0
7090,0.875,0.125
7091,0.75,0.25
7092,1.0,0.0
7093,0.5,0.5
7094,1.0,0.0
7095,1.0,0.0
7096,1.0,0.0
7097,0.4444444444444444,0.5555555555555556
7098,0.5,0.5
7099,0.5,0.5
7100,0.5,0.5
7101,1.0,0.0
7102,0.0,1.0
7103,0.75,0.25
7104,0.5,0.5
7105,1.0,0.0
7106,0.33333333333333337,0.6666666666666666
7107,0.0,1.0
7108,0.5,0.5
7109,0.5,0.5
7110,0.5,0.5
7111,0.0,1.0
7112,1.0,0.0
7113,0.33333333333333337,0.6666666666666666
7114,0.0,1.0
7115,0.0,1.0
7116,0.0,1.0
7117,0.0,1.0
7118,0.0,1.0
7119,0.0,1.0
7120,1.0,0.0
7121,1.0,0.0
7122,1.0,0.0
7123,0.25,0.75
7124,0.0,1.0
7125,0.33333333333333337,0.6666666666666666
7126,0.5,0.5
7127,1.0,0.0
7128,0.0,1.0
7129,0.0,1.0
7130,0.4,0.6
7131,0.6666666666666667,0.3333333333333333
7132,0.5,0.5
7133,0.0,1.0
7134,1.0,0.0
7135,1.0,0.0
7136,0.2857142857142857,0.7142857142857143
7137,0.5,0.5
7138,0.5,0.5
7139,0.5,0.5
7140,0.19999999999999996,0.8
7141,0.125,0.875
7142,0.0,1.0
7143,0.5,0.5
7144,0.0,1.0
7145,0.0,1.0
7146,0.0,1.0
7147,0.5,0.5
7148,0.5362776025236593,0.4637223974763407
7149,0.4807692307692307,0.5192307692307693
7150,0.6666666666666667,0.3333333333333333
7151,1.0,0.0
7152,0.25,0.75
7153,0.0,1.0
7154,0.5,0.5
7155,0.5,0.5
7156,0.8333333333333334,0.16666666666666666
7157,0.5,0.5
7158,1.0,0.0
7159,1.0,0.0
7160,0.75,0.25
7161,0.5,0.5
7162,1.0,0.0
7163,0.6,0.4
7164,0.5,0.5
7165,0.625,0.375
7166,0.5,0.5
7167,0.6666666666666667,0.3333333333333333
7168,0.5,0.5
7169,1.0,0.0
7170,0.5,0.5
7171,0.5,0.5
7172,0.5,0.5
7173,0.5,0.5
7174,0.5,0.5
7175,0.5,0.5
7176,1.0,0.0
7177,0.0,1.0
7178,0.5,0.5
7179,0.0,1.0
7180,0.6666666666666667,0.3333333333333333
7181,0.0,1.0
7182,1.0,0.0
7183,1.0,0.0
7184,1.0,0.0
7185,0.4285714285714286,0.5714285714285714
7186,0.0,1.0
7187,1.0,0.0
7188,0.5,0.5
7189,0.0,1.0
7190,1.0,0.0
7191,0.5,0.5
7192,0.5,0.5
7193,0.5,0.5
7194,0.0,1.0
7195,0.33333333333333337,0.6666666666666666
7196,0.5,0.5
7197,0.0,1.0
7198,0.0,1.0
7199,0.0,1.0
7200,0.5,0.5
7201,0.5,0.5
7202,0.5,0.5
7203,0.5,0.5
7204,1.0,0.0
7205,0.0,1.0
7206,0.5,0.5
7207,0.0,1.0
7208,0.42307692307692313,0.5769230769230769
7209,0.375,0.625
7210,0.25,0.75
7211,0.5,0.5
7212,0.0,1.0
7213,0.4,0.6
7214,0.5714285714285714,0.42857142857142855
7215,0.5,0.5
7216,0.0,1.0
7217,0.0,1.0
7218,1.0,0.0
7219,0.5,0.5
7220,0.5,0.5
7221,0.5,0.5
7222,1.0,0.0
7223,1.0,0.0
7224,0.0,1.0
7225,0.0,1.0
7226,0.0,1.0
7227,0.0,1.0
7228,0.0,1.0
7229,1.0,0.0
7230,0.5,0.5
7231,0.5795454545454546,0.42045454545454547
7232,0.5666666666666667,0.43333333333333335
7233,0.75,0.25
7234,1.0,0.0
7235,0.5,0.5
7236,0.625,0.375
7237,0.5,0.5
7238,0.6666666666666667,0.3333333333333333
7239,0.0,1.0
7240,1.0,0.0
7241,1.0,0.0
7242,1.0,0.0
7243,0.5,0.5
7244,0.5,0.5
7245,0.5,0.5
7246,1.0,0.0
7247,0.0,1.0
7248,0.5,0.5
7249,0.0,1.0
7250,1.0,0.0
7251,0.5,0.5
7252,0.5,0.5
7253,0.5,0.5
7254,0.5,0.5
7255,0.5,0.5
7256,0.5,0.5
7257,0.5,0.5
7258,0.5,0.5
7259,0.0,1.0
7260,1.0,0.0
7261,0.5,0.5
7262,0.75,0.25
7263,1.0,0.0
7264,0.5,0.5
7265,0.0,1.0
7266,0.6153846153846154,0.38461538461538464
7267,0.25,0.75
7268,0.5,0.5
7269,0.0,1.0
7270,0.5,0.5
7271,0.5,0.5
7272,0.25,0.75
7273,0.5,0.5
7274,0.0,1.0
7275,0.0,1.0
7276,1.0,0.0
7277,1.0,0.0
7278,1.0,0.0
7279,1.0,0.0
7280,1.0,0.0
7281,1.0,0.0
7282,1.0,0.0
7283,1.0,0.0
7284,0.75,0.25
7285,0.5,0.5
7286,1.0,0.0
7287,0.7142857142857143,0.2857142857142857
7288,0.6,0.4
7289,0.5,0.5
7290,0.5,0.5
7291,0.5,0.5
7292,0.5,0.5
7293,1.0,0.0
7294,0.0,1.0
7295,1.0,0.0
7296,1.0,0.0
7297,1.0,0.0
7298,1.0,0.0
7299,0.33333333333333337,0.6666666666666666
7300,0.0,1.0
7301,0.0,1.0
7302,0.0,1.0
7303,1.0,0.0
7304,0.7,0.3
7305,0.5,0.5
7306,1.0,0.0
7307,1.0,0.0
7308,0.5,0.5
7309,1.0,0.0
7310,0.0,1.0
7311,1.0,0.0
7312,1.0,0.0
7313,1.0,0.0
7314,0.5,0.5
7315,1.0,0.0
7316,0.0,1.0
7317,0.5086206896551724,0.49137931034482757
7318,0.5175438596491229,0.4824561403508772
7319,0.5810810810810811,0.4189189189189189
7320,0.5454545454545454,0.45454545454545453
7321,0.0,1.0
7322,0.0,1.0
7323,0.0,1.0
7324,0.0,1.0
7325,0.5,0.5
7326,1.0,0.0
7327,0.5,0.5
7328,1.0,0.0
7329,1.0,0.0
7330,1.0,0.0
7331,0.6666666666666667,0.3333333333333333
7332,1.0,0.0
7333,0.5,0.5
7334,1.0,0.0
7335,0.0,1.0
7336,0.5833333333333333,0.4166666666666667
7337,0.625,0.375
7338,0.75,0.25
7339,1.0,0.0
7340,0.5,0.5
7341,0.5,0.5
7342,1.0,0.0
7343,0.0,1.0
7344,0.5,0.5
7345,0.0,1.0
7346,1.0,0.0
7347,0.5833333333333333,0.4166666666666667
7348,0.625,0.375
7349,0.5,0.5
7350,0.6666666666666667,0.3333333333333333
7351,1.0,0.0
7352,0.5,0.5
7353,1.0,0.0
7354,0.0,1.0
7355,0.5625,0.4375
7356,0.6,0.4
7357,0.625,0.375
7358,1.0,0.0
7359,0.0,1.0
7360,0.75,0.25
7361,1.0,0.0
7362,0.5,0.5
7363,0.5,0.5
7364,0.5,0.5
7365,0.0,1.0
7366,0.75,0.25
7367,1.0,0.0
7368,0.5,0.5
7369,0.625,0.375
7370,0.0,1.0
7371,0.5,0.5
7372,1.0,0.0
7373,0.5,0.5
7374,0.0,1.0
7375,1.0,0.0
7376,1.0,0.0
7377,1.0,0.0
7378,1.0,0.0
7379,0.4,0.6
7380,0.4411764705882353,0.5588235294117647
7381,0.4666666666666667,0.5333333333333333
7382,0.5,0.5
7383,0.6666666666666667,0.3333333333333333
7384,0.0,1.0
7385,1.0,0.0
7386,1.0,0.0
7387,1.0,0.0
7388,0.0,1.0
7389,0.5,0.5
7390,0.5,0.5
7391,0.5,0.5
7392,0.0,1.0
7393,0.0,1.0
7394,1.0,0.0
7395,1.0,0.0
7396,1.0,0.0
7397,1.0,0.0
7398,0.0,1.0
7399,0.375,0.625
7400,0.0,1.0
7401,0.0,1.0
7402,0.75,0.25
7403,0.5,0.5
7404,1.0,0.0
7405,0.25,0.75
7406,0.5,0.5
7407,0.0,1.0
7408,0.16666666666666663,0.8333333333333334
7409,0.0,1.0
7410,0.0,1.0
7411,0.5,0.5
7412,0.0,1.0
7413,0.4464285714285714,0.5535714285714286
7414,0.5,0.5
7415,1.0,0.0
7416,0.0,1.0
7417,0.5714285714285714,0.42857142857142855
7418,0.5,0.5
7419,0.0,1.0
7420,1.0,0.0
7421,0.0,1.0
7422,1.0,0.0
7423,1.0,0.0
7424,1.0,0.0
7425,0.5,0.5
7426,1.0,0.0
7427,0.0,1.0
7428,0.3571428571428571,0.6428571428571429
7429,0.41666666666666663,0.5833333333333334
7430,0.5,0.5
7431,0.25,0.75
7432,0.5,0.5
7433,0.0,1.0
7434,0.6666666666666667,0.3333333333333333
7435,1.0,0.0
7436,1.0,0.0
7437,0.0,1.0
7438,0.0,1.0
7439,0.0,1.0
7440,0.41666666666666663,0.5833333333333334
7441,0.33333333333333337,0.6666666666666666
7442,0.25,0.75
7443,0.0,1.0
7444,0.5,0.5
7445,1.0,0.0
7446,0.0,1.0
7447,0.19999999999999996,0.8
7448,0.0,1.0
7449,0.0,1.0
7450,0.0,1.0
7451,0.33333333333333337,0.6666666666666666
7452,0.5,0.5
7453,0.0,1.0
7454,1.0,0.0
7455,0.0,1.0
7456,1.0,0.0
7457,0.6666666666666667,0.3333333333333333
7458,0.0,1.0
7459,1.0,0.0
7460,1.0,0.0
7461,1.0,0.0
7462,0.47282608695652173,0.5271739130434783
7463,0.43999999999999995,0.56
7464,0.25,0.75
7465,0.0,1.0
7466,0.5,0.5
7467,0.0,1.0
7468,0.0,1.0
7469,0.0,1.0
7470,0.0,1.0
7471,0.25,0.75
7472,0.0,1.0
7473,0.5,0.5
7474,1.0,0.0
7475,1.0,0.0
7476,1.0,0.0
7477,1.0,0.0
7478,1.0,0.0
7479,1.0,0.0
7480,1.0,0.0
7481,0.33333333333333337,0.6666666666666666
7482,0.0,1.0
7483,0.5,0.5
7484,1.0,0.0
7485,0.0,1.0
7486,0.5,0.5
7487,0.0,1.0
7488,0.5,0.5
7489,0.75,0.25
7490,1.0,0.0
7491,0.5,0.5
7492,0.0,1.0
7493,0.25,0.75
7494,0.0,1.0
7495,0.33333333333333337,0.6666666666666666
7496,0.25,0.75
7497,0.5,0.5
7498,0.0,1.0
7499,0.5,0.5
7500,1.0,0.0
7501,1.0,0.0
7502,1.0,0.0
7503,0.44999999999999996,0.55
7504,0.25,0.75
7505,0.0,1.0
7506,0.5,0.5
7507,0.5,0.5
7508,0.0,1.0
7509,0.75,0.25
7510,0.5,0.5
7511,1.0,0.0
7512,1.0,0.0
7513,0.0,1.0
7514,0.0,1.0
7515,0.0,1.0
7516,1.0,0.0
7517,0.46808510638297873,0.5319148936170213
7518,0.48863636363636365,0.5113636363636364
7519,0.0,1.0
7520,0.0,1.0
7521,0.0,1.0
7522,0.375,0.625
7523,0.25,0.75
7524,0.0,1.0
7525,0.5,0.5
7526,0.5,0.5
7527,0.0,1.0
7528,1.0,0.0
7529,0.5,0.5
7530,0.375,0.625
7531,0.25,0.75
7532,0.0,1.0
7533,0.5,0.5
7534,1.0,0.0
7535,0.0,1.0
7536,0.5,0.5
7537,0.0,1.0
7538,1.0,0.0
7539,1.0,0.0
7540,1.0,0.0
7541,1.0,0.0
7542,0.0,1.0
7543,0.0,1.0
7544,0.0,1.0
7545,0.75,0.25
7546,0.5,0.5
7547,1.0,0.0
7548,0.375,0.625
7549,0.33333333333333337,0.6666666666666666
7550,0.5,0.5
7551,1.0,0.0
7552,0.0,1.0
7553,0.0,1.0
7554,0.5,0.5
7555,0.625,0.375
7556,1.0,0.0
7557,0.0,1.0
7558,0.75,0.25
7559,0.5,0.5
7560,1.0,0.0
7561,0.5,0.5
7562,0.5,0.5
7563,0.5,0.5
7564,0.5,0.5
7565,1.0,0.0
7566,0.0,1.0
7567,0.4444444444444444,0.5555555555555556
7568,1.0,0.0
7569,0.5,0.5
7570,1.0,0.0
7571,0.0,1.0
7572,0.5,0.5
7573,0.0,1.0
7574,0.0,1.0
7575,0.0,1.0
7576,0.0,1.0
7577,0.75,0.25
7578,1.0,0.0
7579,0.5,0.5
7580,0.875,0.125
7581,0.8333333333333334,0.16666666666666666
7582,0.75,0.25
7583,0.5,0.5
7584,1.0,0.0
7585,1.0,0.0
7586,1.0,0.0
7587,0.5,0.5
7588,0.16666666666666663,0.8333333333333334
7589,0.25,0.75
7590,0.0,1.0
7591,0.5,0.5
7592,0.0,1.0
7593,0.6,0.4
7594,0.5,0.5
7595,0.5,0.5
7596,1.0,0.0
7597,0.0,1.0
7598,0.6428571428571428,0.35714285714285715
7599,0.5,0.5
7600,0.6666666666666667,0.3333333333333333
7601,1.0,0.0
7602,1.0,0.0
7603,1.0,0.0
7604,0.5,0.5
7605,1.0,0.0
7606,1.0,0.0
7607,0.0,1.0
7608,0.0,1.0
7609,0.0,1.0
7610,0.8181818181818181,0.18181818181818182
7611,1.0,0.0
7612,1.0,0.0
7613,1.0,0.0
7614,0.6666666666666667,0.3333333333333333
7615,1.0,0.0
7616,0.75,0.25
7617,0.5,0.5
7618,1.0,0.0
7619,1.0,0.0
7620,1.0,0.0
7621,1.0,0.0
7622,0.0,1.0
7623,0.0,1.0
7624,0.0,1.0
7625,1.0,0.0
7626,0.8333333333333334,0.16666666666666666
7627,1.0,0.0
7628,0.75,0.25
7629,1.0,0.0
7630,0.5,0.5
7631,0.5,0.5
7632,1.0,0.0
7633,0.0,1.0
7634,1.0,0.0
7635,0.9375,0.0625
7636,0.9333333333333333,0.06666666666666667
7637,0.75,0.25
7638,1.0,0.0
7639,0.5,0.5
7640,0.9615384615384616,0.038461538461538464
7641,1.0,0.0
7642,1.0,0.0
7643,1.0,0.0
7644,1.0,0.0
7645,1.0,0.0
7646,0.95,0.05
7647,1.0,0.0
7648,1.0,0.0
7649,1.0,0.0
7650,0.9375,0.0625
7651,1.0,0.0
7652,0.9166666666666666,0.08333333333333333
7653,1.0,0.0
7654,1.0,0.0
7655,1.0,0.0
7656,1.0,0.0
7657,1.0,0.0
7658,1.0,0.0
7659,0.75,0.25
7660,0.5,0.5
7661,1.0,0.0
7662,1.0,0.0
7663,1.0,0.0
7664,0.463855421686747,0.536144578313253
7665,0.7916666666666666,0.20833333333333334
7666,0.7857142857142857,0.21428571428571427
7667,0.5,0.5
7668,1.0,0.0
7669,1.0,0.0
7670,0.75,0.25
7671,1.0,0.0
7672,1.0,0.0
7673,0.5,0.5
7674,1.0,0.0
7675,0.0,1.0
7676,0.8,0.2
7677,1.0,0.0
7678,1.0,0.0
7679,1.0,0.0
7680,1.0,0.0
7681,1.0,0.0
7682,0.0,1.0
7683,0.23529411764705888,0.7647058823529411
7684,0.5,0.5
7685,0.5,0.5
7686,0.0,1.0
7687,1.0,0.0
7688,0.0,1.0
7689,0.0,1.0
7690,0.0,1.0
7691,0.0,1.0
7692,0.0,1.0
7693,0.0,1.0
7694,0.0,1.0
7695,0.0,1.0
7696,0.0,1.0
7697,0.0,1.0
7698,0.0,1.0
7699,0.5,0.5
7700,0.16666666666666663,0.8333333333333334
7701,0.0,1.0
7702,0.25,0.75
7703,0.5,0.5
7704,0.0,1.0
7705,0.75,0.25
7706,0.5,0.5
7707,1.0,0.0
7708,0.0,1.0
7709,0.43999999999999995,0.56
7710,0.4545454545454546,0.5454545454545454
7711,0.0,1.0
7712,0.0,1.0
7713,0.0,1.0
7714,0.0,1.0
7715,0.0,1.0
7716,1.0,0.0
7717,1.0,0.0
7718,1.0,0.0
7719,0.5,0.5
7720,0.0,1.0
7721,1.0,0.0
7722,0.5,0.5
7723,1.0,0.0
7724,0.0,1.0
7725,0.4696969696969697,0.5303030303030303
7726,1.0,0.0
7727,1.0,0.0
7728,1.0,0.0
7729,1.0,0.0
7730,1.0,0.0
7731,0.0,1.0
7732,1.0,0.0
7733,1.0,0.0
7734,1.0,0.0
7735,1.0,0.0
7736,0.75,0.25
7737,0.5,0.5
7738,1.0,0.0
7739,1.0,0.0
7740,0.30000000000000004,0.7
7741,0.0,1.0
7742,0.5,0.5
7743,0.6666666666666667,0.3333333333333333
7744,0.5,0.5
7745,0.5,0.5
7746,0.5,0.5
7747,1.0,0.0
7748,0.2692307692307693,0.7307692307692307
7749,1.0,0.0
7750,0.0,1.0
7751,0.2777777777777778,0.7222222222222222
7752,0.0,1.0
7753,1.0,0.0
7754,0.30000000000000004,0.7
7755,0.0,1.0
7756,0.375,0.625
7757,0.0,1.0
7758,0.0,1.0
7759,1.0,0.0
7760,0.5,0.5
7761,0.0,1.0
7762,0.0,1.0
7763,0.0,1.0
7764,0.0,1.0
7765,0.0,1.0
7766,0.0,1.0
7767,0.0,1.0
7768,0.0,1.0
7769,0.0,1.0
7770,0.33333333333333337,0.6666666666666666
7771,0.0,1.0
7772,0.5,0.5
7773,0.0,1.0
7774,1.0,0.0
7775,0.5,0.5
7776,0.0,1.0
7777,1.0,0.0
7778,0.125,0.875
7779,0.5,0.5
7780,0.0,1.0
7781,0.0,1.0
7782,0.0,1.0
7783,0.0,1.0
7784,0.0,1.0
7785,0.75,0.25
7786,0.5,0.5
7787,0.5,0.5
7788,0.5,0.5
7789,1.0,0.0
7790,1.0,0.0
7791,1.0,0.0
7792,0.6029532403609517,0.3970467596390484
7793,0.565989847715736,0.434010152284264
7794,0.5194174757281553,0.48058252427184467
7795,0.5689655172413793,0.43103448275862066
7796,0.4,0.6
7797,0.5,0.5
7798,0.0,1.0
7799,0.5,0.5
7800,0.5,0.5
7801,0.5,0.5
7802,0.5,0.5
7803,0.75,0.25
7804,0.5,0.5
7805,0.8333333333333334,0.16666666666666666
7806,0.75,0.25
7807,1.0,0.0
7808,0.5,0.5
7809,1.0,0.0
7810,0.0,1.0
7811,0.6666666666666667,0.3333333333333333
7812,0.5,0.5
7813,0.0,1.0
7814,1.0,0.0
7815,1.0,0.0
7816,0.5,0.5
7817,0.0,1.0
7818,1.0,0.0
7819,0.33333333333333337,0.6666666666666666
7820,0.5,0.5
7821,0.25,0.75
7822,0.5,0.5
7823,0.0,1.0
7824,1.0,0.0
7825,0.8,0.2
7826,0.5,0.5
7827,0.875,0.125
7828,0.75,0.25
7829,1.0,0.0
7830,0.5,0.5
7831,1.0,0.0
7832,1.0,0.0
7833,0.25,0.75
7834,0.0,1.0
7835,0.5,0.5
7836,0.6666666666666667,0.3333333333333333
7837,0.75,0.25
7838,1.0,0.0
7839,0.5,0.5
7840,0.5,0.5
7841,0.4864864864864865,0.5135135135135135
7842,0.7222222222222222,0.2777777777777778
7843,0.8333333333333334,0.16666666666666666
7844,0.5,0.5
7845,1.0,0.0
7846,1.0,0.0
7847,1.0,0.0
7848,0.6666666666666667,0.3333333333333333
7849,0.5,0.5
7850,1.0,0.0
7851,0.5,0.5
7852,0.75,0.25
7853,0.5,0.5
7854,1.0,0.0
7855,0.5,0.5
7856,0.4,0.6
7857,0.5,0.5
7858,0.25,0.75
7859,0.5,0.5
7860,0.0,1.0
7861,0.6,0.4
7862,1.0,0.0
7863,0.5,0.5
7864,1.0,0.0
7865,0.33333333333333337,0.6666666666666666
7866,0.0,1.0
7867,0.5,0.5
7868,0.0,1.0
7869,1.0,0.0
7870,0.16666666666666663,0.8333333333333334
7871,0.0,1.0
7872,0.25,0.75
7873,0.5,0.5
7874,0.0,1.0
7875,0.6428571428571428,0.35714285714285715
7876,1.0,0.0
7877,0.25,0.75
7878,0.5,0.5
7879,0.0,1.0
7880,1.0,0.0
7881,1.0,0.0
7882,1.0,0.0
7883,0.5,0.5
7884,1.0,0.0
7885,0.0,1.0
7886,0.2727272727272727,0.7272727272727273
7887,0.5,0.5
7888,0.25,0.75
7889,1.0,0.0
7890,0.19999999999999996,0.8
7891,0.0,1.0
7892,0.25,0.75
7893,0.0,1.0
7894,0.33333333333333337,0.6666666666666666
7895,0.0,1.0
7896,0.0,1.0
7897,0.0,1.0
7898,1.0,0.0
7899,0.125,0.875
7900,0.0,1.0
7901,0.25,0.75
7902,0.0,1.0
7903,0.5,0.5
7904,0.0,1.0
7905,0.5135135135135135,0.4864864864864865
7906,0.8333333333333334,0.16666666666666666
7907,0.5,0.5
7908,1.0,0.0
7909,1.0,0.0
7910,1.0,0.0
7911,0.5,0.5
7912,0.0,1.0
7913,0.6666666666666667,0.3333333333333333
7914,1.0,0.0
7915,1.0,0.0
7916,0.0,1.0
7917,0.0,1.0
7918,0.0,1.0
7919,0.0,1.0
7920,0.0,1.0
7921,0.0,1.0
7922,0.6666666666666667,0.3333333333333333
7923,1.0,0.0
7924,0.6,0.4
7925,0.0,1.0
7926,0.0,1.0
7927,0.0,1.0
7928,1.0,0.0
7929,1.0,0.0
7930,1.0,0.0
7931,1.0,0.0
7932,1.0,0.0
7933,0.75,0.25
7934,1.0,0.0
7935,0.5,0.5
7936,0.4736842105263158,0.5263157894736842
7937,0.5,0.5
7938,1.0,0.0
7939,0.5,0.5
7940,0.0,1.0
7941,0.75,0.25
7942,1.0,0.0
7943,0.5,0.5
7944,0.5,0.5
7945,1.0,0.0
7946,1.0,0.0
7947,1.0,0.0
7948,1.0,0.0
7949,0.0,1.0
7950,0.0,1.0
7951,0.0,1.0
7952,0.0,1.0
7953,0.0,1.0
7954,1.0,0.0
7955,0.0,1.0
7956,0.0,1.0
7957,0.0,1.0
7958,0.5,0.5
7959,0.5,0.5
7960,0.5,0.5
7961,0.0,1.0
7962,1.0,0.0
7963,0.5837209302325581,0.41627906976744183
7964,0.48913043478260865,0.5108695652173914
7965,0.5113636363636364,0.48863636363636365
7966,0.8,0.2
7967,0.8333333333333334,0.16666666666666666
7968,1.0,0.0
7969,0.6666666666666667,0.3333333333333333
7970,0.5,0.5
7971,1.0,0.0
7972,0.0,1.0
7973,1.0,0.0
7974,0.8333333333333334,0.16666666666666666
7975,1.0,0.0
7976,0.75,0.25
7977,1.0,0.0
7978,0.5,0.5
7979,1.0,0.0
7980,1.0,0.0
7981,1.0,0.0
7982,0.5,0.5
7983,0.40625,0.59375
7984,0.0,1.0
7985,0.4107142857142857,0.5892857142857143
7986,0.42592592592592593,0.5740740740740741
7987,0.45238095238095233,0.5476190476190477
7988,0.0,1.0
7989,0.0,1.0
7990,0.0,1.0
7991,0.0,1.0
7992,0.0,1.0
7993,0.0,1.0
7994,0.5,0.5
7995,1.0,0.0
7996,1.0,0.0
7997,0.5,0.5
7998,0.6666666666666667,0.3333333333333333
7999,1.0,0.0
8000,0.5,0.5
8001,0.0,1.0
8002,1.0,0.0
8003,0.33333333333333337,0.6666666666666666
8004,0.0,1.0
8005,0.0,1.0
8006,0.0,1.0
8007,1.0,0.0
8008,0.375,0.625
8009,0.5,0.5
8010,0.0,1.0
8011,0.5,0.5
8012,0.0,1.0
8013,1.0,0.0
8014,0.5,0.5
8015,1.0,0.0
8016,0.25,0.75
8017,0.0,1.0
8018,0.5,0.5
8019,1.0,0.0
8020,0.33333333333333337,0.6666666666666666
8021,0.0,1.0
8022,0.375,0.625
8023,0.5,0.5
8024,1.0,0.0
8025,0.0,1.0
8026,0.25,0.75
8027,0.5,0.5
8028,0.0,1.0
8029,0.5,0.5
8030,0.0,1.0
8031,0.5,0.5
8032,0.5,0.5
8033,0.5,0.5
8034,0.0,1.0
8035,1.0,0.0
8036,0.75,0.25
8037,1.0,0.0
8038,0.5,0.5
8039,0.0,1.0
8040,0.0,1.0
8041,0.0,1.0
8042,0.5625,0.4375
8043,1.0,0.0
8044,0.5,0.5
8045,1.0,0.0
8046,0.5,0.5
8047,0.0,1.0
8048,1.0,0.0
8049,0.0,1.0
8050,0.5,0.5
8051,1.0,0.0
8052,0.0,1.0
8053,0.7608695652173914,0.2391304347826087
8054,0.75,0.25
8055,1.0,0.0
8056,0.5,0.5
8057,0.875,0.125
8058,0.5,0.5
8059,1.0,0.0
8060,1.0,0.0
8061,1.0,0.0
8062,1.0,0.0
8063,0.6666666666666667,0.3333333333333333
8064,0.5,0.5
8065,0.75,0.25
8066,0.5,0.5
8067,1.0,0.0
8068,0.5,0.5
8069,1.0,0.0
8070,0.0,1.0
8071,1.0,0.0
8072,0.5,0.5
8073,0.0,1.0
8074,1.0,0.0
8075,0.75,0.25
8076,1.0,0.0
8077,0.5,0.5
8078,0.8333333333333334,0.16666666666666666
8079,1.0,0.0
8080,1.0,0.0
8081,1.0,0.0
8082,0.5,0.5
8083,0.875,0.125
8084,0.5,0.5
8085,1.0,0.0
8086,1.0,0.0
8087,1.0,0.0
8088,1.0,0.0
8089,1.0,0.0
8090,0.5731707317073171,0.4268292682926829
8091,0.5616438356164384,0.4383561643835616
8092,0.5641025641025641,0.4358974358974359
8093,0.5526315789473684,0.4473684210526316
8094,1.0,0.0
8095,1.0,0.0
8096,0.5,0.5
8097,1.0,0.0
8098,0.0,1.0
8099,1.0,0.0
8100,1.0,0.0
8101,1.0,0.0
8102,1.0,0.0
8103,0.16666666666666663,0.8333333333333334
8104,0.25,0.75
8105,0.5,0.5
8106,0.0,1.0
8107,0.0,1.0
8108,0.25,0.75
8109,0.5,0.5
8110,0.16666666666666663,0.8333333333333334
8111,0.25,0.75
8112,0.0,1.0
8113,0.5,0.5
8114,0.0,1.0
8115,0.625,0.375
8116,0.5,0.5
8117,0.5,0.5
8118,0.5,0.5
8119,0.75,0.25
8120,1.0,0.0
8121,0.5,0.5
8122,0.575,0.425
8123,0.5,0.5
8124,0.0,1.0
8125,1.0,0.0
8126,0.5,0.5
8127,0.75,0.25
8128,0.5,0.5
8129,1.0,0.0
8130,0.5,0.5
8131,0.25,0.75
8132,0.5,0.5
8133,0.0,1.0
8134,1.0,0.0
8135,1.0,0.0
8136,1.0,0.0
8137,1.0,0.0
8138,0.0,1.0
8139,0.0,1.0
8140,0.0,1.0
8141,0.6428571428571428,0.35714285714285715
8142,0.33333333333333337,0.6666666666666666
8143,0.5,0.5
8144,0.5,0.5
8145,0.5,0.5
8146,0.0,1.0
8147,0.875,0.125
8148,1.0,0.0
8149,0.8333333333333334,0.16666666666666666
8150,0.75,0.25
8151,1.0,0.0
8152,0.5,0.5
8153,1.0,0.0
8154,0.5588235294117647,0.4411764705882353
8155,0.5172413793103448,0.4827586206896552
8156,0.4545454545454546,0.5454545454545454
8157,0.5263157894736843,0.47368421052631576
8158,1.0,0.0
8159,0.0,1.0
8160,0.25,0.75
8161,0.5,0.5
8162,0.0,1.0
8163,0.5,0.5
8164,0.0,1.0
8165,1.0,0.0
8166,0.0,1.0
8167,0.5,0.5
8168,0.6,0.4
8169,1.0,0.0
8170,0.5,0.5
8171,0.5,0.5
8172,0.5,0.5
8173,0.0,1.0
8174,1.0,0.0
8175,0.0,1.0
8176,0.6666666666666667,0.3333333333333333
8177,0.5,0.5
8178,1.0,0.0
8179,0.0,1.0
8180,1.0,0.0
8181,1.0,0.0
8182,1.0,0.0
8183,1.0,0.0
8184,0.0,1.0
8185,0.0,1.0
8186,0.0,1.0
8187,0.0,1.0
8188,0.7142857142857143,0.2857142857142857
8189,0.5,0.5
8190,1.0,0.0
8191,0.5,0.5
8192,0.5,0.5
8193,0.5,0.5
8194,0.5,0.5
8195,0.5,0.5
8196,1.0,0.0
8197,1.0,0.0
8198,1.0,0.0
8199,0.8,0.2
8200,0.6666666666666667,0.3333333333333333
8201,1.0,0.0
8202,1.0,0.0
8203,1.0,0.0
8204,0.0,1.0
8205,1.0,0.0
8206,1.0,0.0
8207,1.0,0.0
8208,0.6666666666666667,0.3333333333333333
8209,1.0,0.0
8210,0.5,0.5
8211,0.5,0.5
8212,1.0,0.0
8213,0.5,0.5
8214,0.0,1.0
8215,0.75,0.25
8216,1.0,0.0
8217,0.5,0.5
8218,1.0,0.0
8219,0.6071428571428572,0.39285714285714285
8220,0.0,1.0
8221,0.9166666666666666,0.08333333333333333
8222,1.0,0.0
8223,1.0,0.0
8224,1.0,0.0
8225,0.875,0.125
8226,0.75,0.25
8227,0.5,0.5
8228,1.0,0.0
8229,1.0,0.0
8230,1.0,0.0
8231,1.0,0.0
8232,0.7,0.3
8233,0.75,0.25
8234,0.5,0.5
8235,1.0,0.0
8236,0.6666666666666667,0.3333333333333333
8237,1.0,0.0
8238,0.5,0.5
8239,1.0,0.0
8240,0.0,1.0
8241,0.75,0.25
8242,1.0,0.0
8243,0.5,0.5
8244,0.5,0.5
8245,0.0,1.0
8246,0.8333333333333334,0.16666666666666666
8247,1.0,0.0
8248,0.75,0.25
8249,1.0,0.0
8250,0.5,0.5
8251,0.0,1.0
8252,0.7142857142857143,0.2857142857142857
8253,1.0,0.0
8254,1.0,0.0
8255,1.0,0.0
8256,1.0,0.0
8257,1.0,0.0
8258,1.0,0.0
8259,1.0,0.0
8260,1.0,0.0
8261,0.0,1.0
8262,0.0,1.0
8263,0.0,1.0
8264,0.5,0.5
8265,1.0,0.0
8266,1.0,0.0
8267,0.5,0.5
8268,1.0,0.0
8269,0.16666666666666663,0.8333333333333334
8270,0.0,1.0
8271,0.25,0.75
8272,0.5,0.5
8273,0.0,1.0
8274,1.0,0.0
8275,0.30000000000000004,0.7
8276,0.25,0.75
8277,0.5,0.5
8278,0.0,1.0
8279,0.33333333333333337,0.6666666666666666
8280,0.0,1.0
8281,0.0,1.0
8282,0.0,1.0
8283,1.0,0.0
8284,0.5,0.5
8285,0.38888888888888884,0.6111111111111112
8286,1.0,0.0
8287,0.0,1.0
8288,0.0,1.0
8289,0.0,1.0
8290,1.0,0.0
8291,0.25,0.75
8292,0.5,0.5
8293,0.0,1.0
8294,0.5,0.5
8295,0.0,1.0
8296,1.0,0.0
8297,0.7,0.3
8298,0.5,0.5
8299,1.0,0.0
8300,0.0,1.0
8301,0.8333333333333334,0.16666666666666666
8302,1.0,0.0
8303,0.75,0.25
8304,1.0,0.0
8305,0.5,0.5
8306,1.0,0.0
8307,1.0,0.0
8308,1.0,0.0
8309,0.5789473684210527,0.42105263157894735
8310,1.0,0.0
8311,1.0,0.0
8312,1.0,0.0
8313,0.55,0.45
8314,0.25,0.75
8315,0.5,0.5
8316,0.0,1.0
8317,0.0,1.0
8318,0.625,0.375
8319,1.0,0.0
8320,0.5,0.5
8321,1.0,0.0
8322,0.25,0.75
8323,0.0,1.0
8324,0.5,0.5
8325,0.75,0.25
8326,1.0,0.0
8327,0.5,0.5
8328,1.0,0.0
8329,0.25,0.75
8330,0.5,0.5
8331,0.16666666666666663,0.8333333333333334
8332,0.25,0.75
8333,0.0,1.0
8334,0.5,0.5
8335,0.0,1.0
8336,0.7666666666666666,0.23333333333333334
8337,1.0,0.0
8338,1.0,0.0
8339,0.5,0.5
8340,0.5,0.5
8341,0.5,0.5
8342,0.0,1.0
8343,1.0,0.0
8344,0.5,0.5
8345,1.0,0.0
8346,0.0,1.0
8347,0.75,0.25
8348,0.5,0.5
8349,1.0,0.0
8350,1.0,0.0
8351,1.0,0.0
8352,1.0,0.0
8353,1.0,0.0
8354,1.0,0.0
8355,1.0,0.0
8356,0.75,0.25
8357,0.5,0.5
8358,1.0,0.0
8359,0.5232558139534884,0.47674418604651164
8360,0.2142857142857143,0.7857142857142857
8361,0.5,0.5
8362,0.0,1.0
8363,1.0,0.0
8364,0.0,1.0
8365,0.0,1.0
8366,0.0,1.0
8367,0.0,1.0
8368,0.25,0.75
8369,0.5,0.5
8370,0.0,1.0
8371,0.5,0.5
8372,0.25,0.75
8373,0.5,0.5
8374,0.0,1.0
8375,0.0,1.0
8376,0.6590909090909092,0.3409090909090909
8377,0.5,0.5
8378,1.0,0.0
8379,0.0,1.0
8380,0.5,0.5
8381,0.0,1.0
8382,1.0,0.0
8383,0.4,0.6
8384,0.0,1.0
8385,0.5,0.5
8386,1.0,0.0
8387,0.0,1.0
8388,0.0,1.0
8389,1.0,0.0
8390,0.8,0.2
8391,1.0,0.0
8392,0.75,0.25
8393,1.0,0.0
8394,0.0,1.0
8395,1.0,0.0
8396,1.0,0.0
8397,0.8333333333333334,0.16666666666666666
8398,0.75,0.25
8399,0.6666666666666667,0.3333333333333333
8400,0.5,0.5
8401,1.0,0.0
8402,0.0,1.0
8403,1.0,0.0
8404,1.0,0.0
8405,1.0,0.0
8406,1.0,0.0
8407,1.0,0.0
8408,1.0,0.0
8409,0.55,0.45
8410,1.0,0.0
8411,1.0,0.0
8412,0.0,1.0
8413,0.75,0.25
8414,1.0,0.0
8415,0.5,0.5
8416,0.5,0.5
8417,0.5,0.5
8418,0.33333333333333337,0.6666666666666666
8419,0.0,1.0
8420,0.0,1.0
8421,1.0,0.0
8422,0.6206060606060606,0.3793939393939394
8423,0.6364902506963788,0.3635097493036212
8424,0.6085972850678734,0.3914027149321267
8425,0.575,0.425
8426,0.5689655172413793,0.43103448275862066
8427,0.5714285714285714,0.42857142857142855
8428,0.5555555555555556,0.4444444444444444
8429,0.5,0.5
8430,0.0,1.0
8431,0.0,1.0
8432,1.0,0.0
8433,0.5,0.5
8434,0.75,0.25
8435,0.5,0.5
8436,1.0,0.0
8437,0.75,0.25
8438,1.0,0.0
8439,0.5,0.5
8440,0.6875,0.3125
8441,0.5,0.5
8442,0.5,0.5
8443,0.5,0.5
8444,0.75,0.25
8445,0.75,0.25
8446,1.0,0.0
8447,0.6666666666666667,0.3333333333333333
8448,1.0,0.0
8449,0.5,0.5
8450,1.0,0.0
8451,0.0,1.0
8452,0.75,0.25
8453,1.0,0.0
8454,0.5,0.5
8455,0.33333333333333337,0.6666666666666666
8456,0.0,1.0
8457,0.5,0.5
8458,0.0,1.0
8459,1.0,0.0
8460,0.603448275862069,0.39655172413793105
8461,0.0,1.0
8462,1.0,0.0
8463,0.0,1.0
8464,1.0,0.0
8465,1.0,0.0
8466,0.75,0.25
8467,0.5,0.5
8468,1.0,0.0
8469,0.5,0.5
8470,0.5,0.5
8471,0.5,0.5
8472,1.0,0.0
8473,0.0,1.0
8474,0.5416666666666667,0.4583333333333333
8475,0.0,1.0
8476,1.0,0.0
8477,0.5,0.5
8478,1.0,0.0
8479,0.5,0.5
8480,0.0,1.0
8481,1.0,0.0
8482,0.5,0.5
8483,0.75,0.25
8484,0.5,0.5
8485,1.0,0.0
8486,0.33333333333333337,0.6666666666666666
8487,0.0,1.0
8488,0.5,0.5
8489,0.0,1.0
8490,1.0,0.0
8491,0.7142857142857143,0.2857142857142857
8492,1.0,0.0
8493,0.6666666666666667,0.3333333333333333
8494,1.0,0.0
8495,0.0,1.0
8496,0.0,1.0
8497,1.0,0.0
8498,1.0,0.0
8499,1.0,0.0
8500,1.0,0.0
8501,0.5238095238095238,0.47619047619047616
8502,0.5,0.5
8503,0.25,0.75
8504,0.0,1.0
8505,0.5,0.5
8506,0.75,0.25
8507,0.5,0.5
8508,1.0,0.0
8509,0.5,0.5
8510,0.5,0.5
8511,0.5,0.5
8512,0.5,0.5
8513,0.0,1.0
8514,1.0,0.0
8515,0.5,0.5
8516,0.6,0.4
8517,0.6666666666666667,0.3333333333333333
8518,0.5,0.5
8519,1.0,0.0
8520,0.0,1.0
8521,1.0,0.0
8522,0.5,0.5
8523,1.0,0.0
8524,0.0,1.0
8525,0.5,0.5
8526,0.0,1.0
8527,0.5,0.5
8528,1.0,0.0
8529,0.0,1.0
8530,0.625,0.375
8531,0.8333333333333334,0.16666666666666666
8532,0.75,0.25
8533,1.0,0.0
8534,0.5,0.5
8535,1.0,0.0
8536,0.0,1.0
8537,0.5652173913043479,0.43478260869565216
8538,0.5595238095238095,0.44047619047619047
8539,0.5625,0.4375
8540,0.625,0.375
8541,1.0,0.0
8542,0.5714285714285714,0.42857142857142855
8543,0.0,1.0
8544,1.0,0.0
8545,0.5,0.5
8546,0.0,1.0
8547,1.0,0.0
8548,0.6666666666666667,0.3333333333333333
8549,1.0,0.0
8550,0.5,0.5
8551,0.5,0.5
8552,0.5,0.5
8553,0.33333333333333337,0.6666666666666666
8554,0.0,1.0
8555,0.5,0.5
8556,1.0,0.0
8557,0.0,1.0
8558,0.9166666666666666,0.08333333333333333
8559,1.0,0.0
8560,0.8333333333333334,0.16666666666666666
8561,1.0,0.0
8562,0.5,0.5
8563,1.0,0.0
8564,1.0,0.0
8565,1.0,0.0
8566,1.0,0.0
8567,0.75,0.25
8568,0.5,0.5
8569,1.0,0.0
8570,0.6666666666666667,0.3333333333333333
8571,0.5,0.5
8572,0.75,0.25
8573,1.0,0.0
8574,0.5,0.5
8575,0.40625,0.59375
8576,0.0,1.0
8577,0.0,1.0
8578,0.5,0.5
8579,0.375,0.625
8580,0.0,1.0
8581,1.0,0.0
8582,0.25,0.75
8583,0.0,1.0
8584,0.5,0.5
8585,0.0,1.0
8586,0.5,0.5
8587,1.0,0.0
8588,0.0,1.0
8589,0.75,0.25
8590,1.0,0.0
8591,0.5,0.5
8592,0.5,0.5
8593,0.75,0.25
8594,0.5,0.5
8595,1.0,0.0
8596,0.25,0.75
8597,0.0,1.0
8598,0.5,0.5
8599,0.5,0.5
8600,1.0,0.0
8601,0.0,1.0
8602,0.5,0.5
8603,1.0,0.0
8604,0.0,1.0
8605,0.625,0.375
8606,1.0,0.0
8607,0.5,0.5
8608,0.5,0.5
8609,0.5,0.5
8610,1.0,0.0
8611,0.0,1.0
8612,0.75,0.25
8613,0.5,0.5
8614,1.0,0.0
8615,1.0,0.0
8616,0.5,0.5
8617,0.6485148514851485,0.35148514851485146
8618,0.6101694915254237,0.3898305084745763
8619,0.6052631578947368,0.39473684210526316
8620,0.75,0.25
8621,1.0,0.0
8622,0.5,0.5
8623,0.5,0.5
8624,1.0,0.0
8625,0.375,0.625
8626,0.5,0.5
8627,0.75,0.25
8628,1.0,0.0
8629,0.5,0.5
8630,0.0,1.0
8631,0.0,1.0
8632,0.33333333333333337,0.6666666666666666
8633,0.5,0.5
8634,0.0,1.0
8635,1.0,0.0
8636,0.0,1.0
8637,0.875,0.125
8638,0.5,0.5
8639,1.0,0.0
8640,1.0,0.0
8641,1.0,0.0
8642,1.0,0.0
8643,0.625,0.375
8644,0.75,0.25
8645,0.5,0.5
8646,1.0,0.0
8647,0.5,0.5
8648,0.0,1.0
8649,1.0,0.0
8650,0.75,0.25
8651,0.6666666666666667,0.3333333333333333
8652,1.0,0.0
8653,1.0,0.0
8654,1.0,0.0
8655,0.0,1.0
8656,1.0,0.0
8657,0.5,0.5
8658,0.5,0.5
8659,0.25,0.75
8660,0.5,0.5
8661,0.0,1.0
8662,1.0,0.0
8663,0.5,0.5
8664,0.0,1.0
8665,0.625,0.375
8666,1.0,0.0
8667,0.5,0.5
8668,0.5,0.5
8669,0.5,0.5
8670,0.5,0.5
8671,0.0,1.0
8672,0.0,1.0
8673,0.0,1.0
8674,0.8333333333333334,0.16666666666666666
8675,1.0,0.0
8676,1.0,0.0
8677,0.75,0.25
8678,0.0,1.0
8679,1.0,0.0
8680,1.0,0.0
8681,1.0,0.0
8682,1.0,0.0
8683,1.0,0.0
8684,0.6190476190476191,0.38095238095238093
8685,0.6666666666666667,0.3333333333333333
8686,0.7,0.3
8687,0.5714285714285714,0.42857142857142855
8688,0.5833333333333333,0.4166666666666667
8689,0.75,0.25
8690,0.5,0.5
8691,0.0,1.0
8692,1.0,0.0
8693,1.0,0.0
8694,1.0,0.0
8695,1.0,0.0
8696,0.25,0.75
8697,0.0,1.0
8698,0.5,0.5
8699,0.5,0.5
8700,1.0,0.0
8701,1.0,0.0
8702,1.0,0.0
8703,1.0,0.0
8704,1.0,0.0
8705,0.6,0.4
8706,1.0,0.0
8707,0.5,0.5
8708,0.0,1.0
8709,0.6666666666666667,0.3333333333333333
8710,1.0,0.0
8711,0.5,0.5
8712,0.0,1.0
8713,1.0,0.0
8714,0.5,0.5
8715,0.6,0.4
8716,0.5,0.5
8717,1.0,0.0
8718,0.33333333333333337,0.6666666666666666
8719,0.25,0.75
8720,0.5,0.5
8721,0.0,1.0
8722,0.5,0.5
8723,1.0,0.0
8724,0.0,1.0
8725,0.7023809523809523,0.2976190476190476
8726,0.5,0.5
8727,0.5,0.5
8728,0.0,1.0
8729,1.0,0.0
8730,0.5,0.5
8731,0.8,0.2
8732,1.0,0.0
8733,0.75,0.25
8734,1.0,0.0
8735,0.6666666666666667,0.3333333333333333
8736,0.0,1.0
8737,1.0,0.0
8738,1.0,0.0
8739,1.0,0.0
8740,1.0,0.0
8741,1.0,0.0
8742,1.0,0.0
8743,0.0,1.0
8744,0.0,1.0
8745,0.0,1.0
8746,0.5,0.5
8747,0.5,0.5
8748,0.5,0.5
8749,1.0,0.0
8750,0.0,1.0
8751,0.7142857142857143,0.2857142857142857
8752,1.0,0.0
8753,1.0,0.0
8754,1.0,0.0
8755,1.0,0.0
8756,0.33333333333333337,0.6666666666666666
8757,0.0,1.0
8758,0.5,0.5
8759,0.0,1.0
8760,1.0,0.0
8761,0.75,0.25
8762,0.5,0.5
8763,1.0,0.0
8764,0.0,1.0
8765,1.0,0.0
8766,1.0,0.0
8767,1.0,0.0
8768,1.0,0.0
8769,0.5,0.5
8770,0.75,0.25
8771,0.5,0.5
8772,1.0,0.0
8773,0.75,0.25
8774,1.0,0.0
8775,0.625,0.375
8776,1.0,0.0
8777,0.25,0.75
8778,0.5,0.5
8779,0.0,1.0
8780,1.0,0.0
8781,0.8333333333333334,0.16666666666666666
8782,1.0,0.0
8783,0.75,0.25
8784,0.5,0.5
8785,1.0,0.0
8786,0.875,0.125
8787,1.0,0.0
8788,0.8333333333333334,0.16666666666666666
8789,0.5,0.5
8790,1.0,0.0
8791,1.0,0.0
8792,1.0,0.0
8793,0.6811594202898551,0.3188405797101449
8794,0.6375,0.3625
8795,0.8333333333333334,0.16666666666666666
8796,0.75,0.25
8797,1.0,0.0
8798,0.5,0.5
8799,1.0,0.0
8800,0.5,0.5
8801,0.0,1.0
8802,1.0,0.0
8803,0.0,1.0
8804,0.625,0.375
8805,1.0,0.0
8806,0.5,0.5
8807,1.0,0.0
8808,0.25,0.75
8809,0.5,0.5
8810,0.0,1.0
8811,1.0,0.0
8812,1.0,0.0
8813,1.0,0.0
8814,0.6363636363636364,0.36363636363636365
8815,1.0,0.0
8816,1.0,0.0
8817,1.0,0.0
8818,0.33333333333333337,0.6666666666666666
8819,1.0,0.0
8820,0.0,1.0
8821,0.0,1.0
8822,0.0,1.0
8823,0.625,0.375
8824,1.0,0.0
8825,0.75,0.25
8826,0.5,0.5
8827,1.0,0.0
8828,0.0,1.0
8829,0.75,0.25
8830,0.5,0.5
8831,1.0,0.0
8832,0.5,0.5
8833,0.5,0.5
8834,0.5,0.5
8835,0.5,0.5
8836,0.5,0.5
8837,0.0,1.0
8838,0.5,0.5
8839,1.0,0.0
8840,0.0,1.0
8841,1.0,0.0
8842,0.7,0.3
8843,0.0,1.0
8844,0.7777777777777778,0.2222222222222222
8845,1.0,0.0
8846,0.5,0.5
8847,1.0,0.0
8848,1.0,0.0
8849,1.0,0.0
8850,1.0,0.0
8851,1.0,0.0
8852,1.0,0.0
8853,0.25,0.75
8854,0.0,1.0
8855,0.5,0.5
8856,0.7375,0.2625
8857,0.25,0.75
8858,0.5,0.5
8859,0.0,1.0
8860,0.6,0.4
8861,0.5,0.5
8862,0.0,1.0
8863,1.0,0.0
8864,0.6666666666666667,0.3333333333333333
8865,0.5,0.5
8866,0.75,0.25
8867,0.5,0.5
8868,1.0,0.0
8869,0.868421052631579,0.13157894736842105
8870,1.0,0.0
8871,1.0,0.0
8872,1.0,0.0
8873,0.9166666666666666,0.08333333333333333
8874,0.875,0.125
8875,1.0,0.0
8876,0.8333333333333334,0.16666666666666666
8877,0.5,0.5
8878,1.0,0.0
8879,1.0,0.0
8880,1.0,0.0
8881,1.0,0.0
8882,1.0,0.0
8883,0.5,0.5
8884,1.0,0.0
8885,1.0,0.0
8886,1.0,0.0
8887,1.0,0.0
8888,1.0,0.0
8889,1.0,0.0
8890,1.0,0.0
8891,1.0,0.0
8892,0.7,0.3
8893,0.5,0.5
8894,0.5,0.5
8895,0.5,0.5
8896,1.0,0.0
8897,0.0,1.0
8898,1.0,0.0
8899,1.0,0.0
8900,1.0,0.0
8901,0.625,0.375
8902,1.0,0.0
8903,1.0,0.0
8904,0.5,0.5
8905,0.25,0.75
8906,0.5,0.5
8907,0.0,1.0
8908,0.6666666666666667,0.3333333333333333
8909,0.5,0.5
8910,0.0,1.0
8911,1.0,0.0
8912,1.0,0.0
8913,0.7916666666666666,0.20833333333333334
8914,0.6666666666666667,0.3333333333333333
8915,0.0,1.0
8916,1.0,0.0
8917,1.0,0.0
8918,1.0,0.0
8919,1.0,0.0
8920,0.5,0.5
8921,0.0,1.0
8922,1.0,0.0
8923,1.0,0.0
8924,1.0,0.0
8925,1.0,0.0
8926,0.875,0.125
8927,1.0,0.0
8928,1.0,0.0
8929,0.75,0.25
8930,1.0,0.0
8931,0.5,0.5
8932,0.75,0.25
8933,1.0,0.0
8934,0.5,0.5
8935,0.625,0.375
8936,0.5,0.5
8937,0.6363636363636364,0.36363636363636365
8938,0.5,0.5
8939,1.0,0.0
8940,0.25,0.75
8941,0.0,1.0
8942,0.5,0.5
8943,1.0,0.0
8944,1.0,0.0
8945,1.0,0.0
8946,0.6,0.4
8947,0.5,0.5
8948,0.625,0.375
8949,0.0,1.0
8950,1.0,0.0
8951,0.75,0.25
8952,1.0,0.0
8953,0.5,0.5
8954,0.75,0.25
8955,1.0,0.0
8956,1.0,0.0
8957,1.0,0.0
8958,1.0,0.0
8959,1.0,0.0
8960,0.6,0.4
8961,0.0,1.0
8962,0.0,1.0
8963,0.0,1.0
8964,1.0,0.0
8965,1.0,0.0
8966,1.0,0.0
8967,1.0,0.0
8968,1.0,0.0
8969,0.6875,0.3125
8970,0.5,0.5
8971,0.5,0.5
8972,0.0,1.0
8973,0.0,1.0
8974,0.0,1.0
8975,1.0,0.0
8976,1.0,0.0
8977,1.0,0.0
8978,1.0,0.0
8979,1.0,0.0
8980,1.0,0.0
8981,1.0,0.0
8982,1.0,0.0
8983,1.0,0.0
8984,1.0,0.0
8985,1.0,0.0
8986,1.0,0.0
8987,1.0,0.0
8988,0.5277777777777778,0.4722222222222222
8989,1.0,0.0
8990,0.0,1.0
8991,1.0,0.0
8992,1.0,0.0
8993,1.0,0.0
8994,0.0,1.0
8995,0.6666666666666667,0.3333333333333333
8996,1.0,0.0
8997,0.5,0.5
8998,0.5,0.5
8999,0.5,0.5
9000,0.0,1.0
9001,0.5,0.5
9002,0.0,1.0
9003,1.0,0.0
9004,0.5,0.5
9005,0.33333333333333337,0.6666666666666666
9006,0.25,0.75
9007,0.5,0.5
9008,0.0,1.0
9009,0.5,0.5
9010,0.6666666666666667,0.3333333333333333
9011,1.0,0.0
9012,0.5,0.5
9013,1.0,0.0
9014,0.0,1.0
9015,0.6083690987124464,0.3916309012875536
9016,0.5910714285714286,0.4089285714285714
9017,0.5588235294117647,0.4411764705882353
9018,0.55,0.45
9019,0.75,0.25
9020,1.0,0.0
9021,0.5,0.5
9022,0.5,0.5
9023,1.0,0.0
9024,0.5,0.5
9025,1.0,0.0
9026,1.0,0.0
9027,1.0,0.0
9028,1.0,0.0
9029,0.5,0.5
9030,0.5,0.5
9031,0.33333333333333337,0.6666666666666666
9032,0.5,0.5
9033,0.0,1.0
9034,0.5,0.5
9035,1.0,0.0
9036,0.5,0.5
9037,0.0,1.0
9038,0.75,0.25
9039,0.5,0.5
9040,1.0,0.0
9041,0.125,0.875
9042,0.0,1.0
9043,0.5,0.5
9044,0.0,1.0
9045,0.0,1.0
9046,0.0,1.0
9047,0.6052631578947368,0.39473684210526316
9048,1.0,0.0
9049,0.6666666666666667,0.3333333333333333
9050,0.5,0.5
9051,0.0,1.0
9052,1.0,0.0
9053,1.0,0.0
9054,0.5,0.5
9055,0.0,1.0
9056,0.33333333333333337,0.6666666666666666
9057,0.0,1.0
9058,0.5,0.5
9059,1.0,0.0
9060,0.0,1.0
9061,0.5,0.5
9062,0.5,0.5
9063,0.8333333333333334,0.16666666666666666
9064,1.0,0.0
9065,1.0,0.0
9066,0.5,0.5
9067,0.0,1.0
9068,1.0,0.0
9069,1.0,0.0
9070,1.0,0.0
9071,1.0,0.0
9072,0.5,0.5
9073,1.0,0.0
9074,0.0,1.0
9075,0.5263157894736843,0.47368421052631576
9076,1.0,0.0
9077,0.75,0.25
9078,0.5,0.5
9079,0.0,1.0
9080,1.0,0.0
9081,0.875,0.125
9082,1.0,0.0
9083,1.0,0.0
9084,0.75,0.25
9085,0.5,0.5
9086,1.0,0.0
9087,0.375,0.625
9088,0.36363636363636365,0.6363636363636364
9089,0.5,0.5
9090,1.0,0.0
9091,0.0,1.0
9092,0.0,1.0
9093,0.5,0.5
9094,0.5,0.5
9095,0.0,1.0
9096,1.0,0.0
9097,0.0,1.0
9098,0.0,1.0
9099,0.0,1.0
9100,0.5,0.5
9101,1.0,0.0
9102,0.0,1.0
9103,0.5,0.5
9104,0.7222222222222222,0.2777777777777778
9105,0.0,1.0
9106,1.0,0.0
9107,1.0,0.0
9108,1.0,0.0
9109,1.0,0.0
9110,0.7,0.3
9111,1.0,0.0
9112,1.0,0.0
9113,1.0,0.0
9114,0.5,0.5
9115,0.5,0.5
9116,0.5,0.5
9117,0.5,0.5
9118,0.5,0.5
9119,0.4473684210526315,0.5526315789473685
9120,0.5,0.5
9121,0.0,1.0
9122,0.0,1.0
9123,0.0,1.0
9124,0.25,0.75
9125,0.0,1.0
9126,0.5,0.5
9127,0.875,0.125
9128,1.0,0.0
9129,0.75,0.25
9130,0.5,0.5
9131,1.0,0.0
9132,1.0,0.0
9133,1.0,0.0
9134,1.0,0.0
9135,0.25,0.75
9136,0.0,1.0
9137,0.5,0.5
9138,0.25,0.75
9139,0.5,0.5
9140,0.0,1.0
9141,0.30000000000000004,0.7
9142,0.5,0.5
9143,0.0,1.0
9144,1.0,0.0
9145,0.16666666666666663,0.8333333333333334
9146,0.0,1.0
9147,0.25,0.75
9148,0.0,1.0
9149,0.5,0.5
9150,0.44999999999999996,0.55
9151,1.0,0.0
9152,0.0,1.0
9153,1.0,0.0
9154,1.0,0.0
9155,0.0,1.0
9156,0.0,1.0
9157,0.0,1.0
9158,0.0,1.0
9159,0.0,1.0
9160,0.75,0.25
9161,0.5,0.5
9162,1.0,0.0
9163,0.5,0.5
9164,0.5,0.5
9165,0.5,0.5
9166,0.0,1.0
9167,0.75,0.25
9168,1.0,0.0
9169,0.5,0.5
9170,0.5,0.5
9171,0.45833333333333337,0.5416666666666666
9172,0.5,0.5
9173,0.5,0.5
9174,0.5,0.5
9175,0.25,0.75
9176,0.5,0.5
9177,0.0,1.0
9178,1.0,0.0
9179,0.5,0.5
9180,0.5,0.5
9181,0.0,1.0
9182,0.5,0.5
9183,1.0,0.0
9184,0.0,1.0
9185,0.75,0.25
9186,1.0,0.0
9187,0.5,0.5
9188,0.0,1.0
9189,0.6666666666666667,0.3333333333333333
9190,0.5,0.5
9191,0.75,0.25
9192,1.0,0.0
9193,0.5,0.5
9194,0.4666666666666667,0.5333333333333333
9195,0.45833333333333337,0.5416666666666666
9196,0.4,0.6
9197,0.0,1.0
9198,0.5,0.5
9199,0.5,0.5
9200,0.5,0.5
9201,0.0,1.0
9202,0.5,0.5
9203,0.0,1.0
9204,0.75,0.25
9205,0.5,0.5
9206,1.0,0.0
9207,0.5,0.5
9208,0.75,0.25
9209,0.5,0.5
9210,1.0,0.0
9211,0.5,0.5
9212,1.0,0.0
9213,0.25,0.75
9214,0.0,1.0
9215,0.5,0.5
9216,0.6190476190476191,0.38095238095238093
9217,0.25,0.75
9218,0.0,1.0
9219,0.5,0.5
9220,0.6578947368421053,0.34210526315789475
9221,1.0,0.0
9222,1.0,0.0
9223,1.0,0.0
9224,1.0,0.0
9225,0.6666666666666667,0.3333333333333333
9226,1.0,0.0
9227,1.0,0.0
9228,0.0,1.0
9229,0.5,0.5
9230,0.75,0.25
9231,1.0,0.0
9232,0.5,0.5
9233,0.0,1.0
9234,0.6666666666666667,0.3333333333333333
9235,1.0,0.0
9236,0.5,0.5
9237,1.0,0.0
9238,0.0,1.0
9239,0.25,0.75
9240,0.5,0.5
9241,0.0,1.0
9242,0.0,1.0
9243,0.75,0.25
9244,1.0,0.0
9245,0.5,0.5
9246,1.0,0.0
9247,1.0,0.0
9248,1.0,0.0
9249,0.7105263157894737,0.2894736842105263
9250,0.75,0.25
9251,1.0,0.0
9252,0.5,0.5
9253,1.0,0.0
9254,0.0,1.0
9255,1.0,0.0
9256,1.0,0.0
9257,1.0,0.0
9258,1.0,0.0
9259,0.5,0.5
9260,0.6818181818181819,0.3181818181818182
9261,1.0,0.0
9262,0.65,0.35
9263,0.7142857142857143,0.2857142857142857
9264,0.6,0.4
9265,1.0,0.0
9266,0.5,0.5
9267,1.0,0.0
9268,0.33333333333333337,0.6666666666666666
9269,0.5,0.5
9270,0.0,1.0
9271,0.5,0.5
9272,1.0,0.0
9273,1.0,0.0
9274,1.0,0.0
9275,0.5,0.5
9276,0.25,0.75
9277,0.5,0.5
9278,0.0,1.0
9279,1.0,0.0
9280,0.6409090909090909,0.35909090909090907
9281,0.6186440677966102,0.3813559322033898
9282,0.6363636363636364,0.36363636363636365
9283,0.75,0.25
9284,0.5,0.5
9285,1.0,0.0
9286,0.6,0.4
9287,1.0,0.0
9288,0.5,0.5
9289,0.75,0.25
9290,0.5,0.5
9291,1.0,0.0
9292,0.0,1.0
9293,0.6666666666666667,0.3333333333333333
9294,0.5,0.5
9295,0.5,0.5
9296,1.0,0.0
9297,0.5,0.5
9298,0.0,1.0
9299,0.75,0.25
9300,0.5,0.5
9301,1.0,0.0
9302,0.6666666666666667,0.3333333333333333
9303,0.75,0.25
9304,1.0,0.0
9305,0.5,0.5
9306,0.5,0.5
9307,1.0,0.0
9308,0.0,1.0
9309,0.7,0.3
9310,1.0,0.0
9311,1.0,0.0
9312,1.0,0.0
9313,0.5,0.5
9314,0.5,0.5
9315,0.5,0.5
9316,0.0,1.0
9317,1.0,0.0
9318,0.6363636363636364,0.36363636363636365
9319,0.75,0.25
9320,0.5,0.5
9321,1.0,0.0
9322,0.6111111111111112,0.3888888888888889
9323,1.0,0.0
9324,0.6428571428571428,0.35714285714285715
9325,0.0,1.0
9326,0.75,0.25
9327,0.5,0.5
9328,0.0,1.0
9329,1.0,0.0
9330,1.0,0.0
9331,1.0,0.0
9332,1.0,0.0
9333,1.0,0.0
9334,1.0,0.0
9335,1.0,0.0
9336,0.0,1.0
9337,0.5961538461538461,0.40384615384615385
9338,0.5,0.5
9339,0.5357142857142857,0.4642857142857143
9340,0.0,1.0
9341,1.0,0.0
9342,0.5,0.5
9343,0.0,1.0
9344,0.6666666666666667,0.3333333333333333
9345,1.0,0.0
9346,1.0,0.0
9347,0.0,1.0
9348,1.0,0.0
9349,0.0,1.0
9350,0.0,1.0
9351,1.0,0.0
9352,1.0,0.0
9353,1.0,0.0
9354,1.0,0.0
9355,1.0,0.0
9356,0.0,1.0
9357,0.33333333333333337,0.6666666666666666
9358,0.25,0.75
9359,0.0,1.0
9360,0.5,0.5
9361,0.5,0.5
9362,0.7777777777777778,0.2222222222222222
9363,1.0,0.0
9364,0.75,0.25
9365,1.0,0.0
9366,1.0,0.0
9367,0.6,0.4
9368,0.5,0.5
9369,1.0,0.0
9370,0.5,0.5
9371,0.0,1.0
9372,0.75,0.25
9373,1.0,0.0
9374,0.5,0.5
9375,1.0,0.0
9376,0.6666666666666667,0.3333333333333333
9377,0.6666666666666667,0.3333333333333333
9378,0.75,0.25
9379,0.8333333333333334,0.16666666666666666
9380,0.5,0.5
9381,0.75,0.25
9382,1.0,0.0
9383,0.5,0.5
9384,1.0,0.0
9385,1.0,0.0
9386,1.0,0.0
9387,1.0,0.0
9388,0.625,0.375
9389,0.0,1.0
9390,1.0,0.0
9391,1.0,0.0
9392,1.0,0.0
9393,0.5,0.5
9394,0.25,0.75
9395,0.0,1.0
9396,0.5,0.5
9397,0.625,0.375
9398,0.6666666666666667,0.3333333333333333
9399,0.75,0.25
9400,1.0,0.0
9401,0.5,0.5
9402,0.5,0.5
9403,0.5,0.5
9404,0.6739130434782609,0.32608695652173914
9405,0.65,0.35
9406,0.5,0.5
9407,1.0,0.0
9408,0.25,0.75
9409,0.5,0.5
9410,0.0,1.0
9411,1.0,0.0
9412,1.0,0.0
9413,1.0,0.0
9414,1.0,0.0
9415,1.0,0.0
9416,0.25,0.75
9417,0.0,1.0
9418,0.5,0.5
9419,0.6666666666666667,0.3333333333333333
9420,0.6,0.4
9421,1.0,0.0
9422,0.5,0.5
9423,0.0,1.0
9424,1.0,0.0
9425,0.5,0.5
9426,0.0,1.0
9427,1.0,0.0
9428,1.0,0.0
9429,0.7142857142857143,0.2857142857142857
9430,0.5,0.5
9431,1.0,0.0
9432,1.0,0.0
9433,1.0,0.0
9434,0.625,0.375
9435,1.0,0.0
9436,1.0,0.0
9437,1.0,0.0
9438,0.25,0.75
9439,0.0,1.0
9440,0.5,0.5
9441,0.6666666666666667,0.3333333333333333
9442,0.8333333333333334,0.16666666666666666
9443,1.0,0.0
9444,1.0,0.0
9445,1.0,0.0
9446,0.5,0.5
9447,0.6111111111111112,0.3888888888888889
9448,0.5625,0.4375
9449,0.0,1.0
9450,0.6428571428571428,0.35714285714285715
9451,0.5,0.5
9452,0.6666666666666667,0.3333333333333333
9453,0.75,0.25
9454,1.0,0.0
9455,0.5,0.5
9456,1.0,0.0
9457,0.5,0.5
9458,0.5,0.5
9459,1.0,0.0
9460,0.0,1.0
9461,1.0,0.0
9462,0.6344086021505376,0.3655913978494624
9463,0.4444444444444444,0.5555555555555556
9464,0.6,0.4
9465,0.5,0.5
9466,0.33333333333333337,0.6666666666666666
9467,0.0,1.0
9468,0.0,1.0
9469,0.0,1.0
9470,1.0,0.0
9471,1.0,0.0
9472,1.0,0.0
9473,0.25,0.75
9474,0.5,0.5
9475,0.5,0.5
9476,0.0,1.0
9477,0.0,1.0
9478,0.0,1.0
9479,0.5526315789473684,0.4473684210526316
9480,0.5714285714285714,0.42857142857142855
9481,0.0,1.0
9482,1.0,0.0
9483,1.0,0.0
9484,1.0,0.0
9485,0.75,0.25
9486,1.0,0.0
9487,0.5,0.5
9488,0.0,1.0
9489,0.5,0.5
9490,0.0,1.0
9491,1.0,0.0
9492,1.0,0.0
9493,0.5,0.5
9494,0.5,0.5
9495,0.5,0.5
9496,0.75,0.25
9497,0.5,0.5
9498,1.0,0.0
9499,0.0,1.0
9500,0.5,0.5
9501,0.5,0.5
9502,0.5,0.5
9503,0.5,0.5
9504,0.0,1.0
9505,1.0,0.0
9506,0.5,0.5
9507,0.0,1.0
9508,1.0,0.0
9509,0.65,0.35
9510,1.0,0.0
9511,1.0,0.0
9512,1.0,0.0
9513,1.0,0.0
9514,1.0,0.0
9515,0.8181818181818181,0.18181818181818182
9516,0.85,0.15
9517,1.0,0.0
9518,0.5,0.5
9519,0.5,0.5
9520,1.0,0.0
9521,0.5,0.5
9522,1.0,0.0
9523,1.0,0.0
9524,1.0,0.0
9525,1.0,0.0
9526,1.0,0.0
9527,1.0,0.0
9528,0.5,0.5
9529,0.25,0.75
9530,0.5,0.5
9531,0.0,1.0
9532,0.16666666666666663,0.8333333333333334
9533,0.0,1.0
9534,0.0,1.0
9535,0.0,1.0
9536,0.5,0.5
9537,0.5,0.5
9538,0.5,0.5
9539,0.5,0.5
9540,0.625,0.375
9541,0.5714285714285714,0.42857142857142855
9542,1.0,0.0
9543,0.4,0.6
9544,1.0,0.0
9545,0.25,0.75
9546,0.5,0.5
9547,0.0,1.0
9548,0.0,1.0
9549,0.5,0.5
9550,1.0,0.0
9551,1.0,0.0
9552,0.5,0.5
9553,0.5,0.5
9554,0.375,0.625
9555,0.0,1.0
9556,0.5,0.5
9557,0.25,0.75
9558,0.0,1.0
9559,0.5,0.5
9560,1.0,0.0
9561,0.0,1.0
9562,0.5,0.5
9563,1.0,0.0
9564,0.5,0.5
9565,0.25,0.75
9566,0.0,1.0
9567,0.5,0.5
9568,0.625,0.375
9569,0.6666666666666667,0.3333333333333333
9570,0.5,0.5
9571,0.5,0.5
9572,0.5,0.5
9573,1.0,0.0
9574,0.5,0.5
9575,0.75,0.25
9576,1.0,0.0
9577,0.5,0.5
9578,0.6625,0.3375
9579,0.5,0.5
9580,0.25,0.75
9581,0.5,0.5
9582,0.0,1.0
9583,0.875,0.125
9584,1.0,0.0
9585,0.75,0.25
9586,0.5,0.5
9587,1.0,0.0
9588,1.0,0.0
9589,0.5,0.5
9590,0.5,0.5
9591,0.5,0.5
9592,0.4285714285714286,0.5714285714285714
9593,0.5,0.5
9594,0.5,0.5
9595,0.0,1.0
9596,0.5,0.5
9597,0.5,0.5
9598,1.0,0.0
9599,0.0,1.0
9600,0.5,0.5
9601,0.8,0.2
9602,1.0,0.0
9603,1.0,0.0
9604,0.0,1.0
9605,0.5,0.5
9606,0.8333333333333334,0.16666666666666666
9607,1.0,0.0
9608,1.0,0.0
9609,0.5,0.5
9610,1.0,0.0
9611,1.0,0.0
9612,1.0,0.0
9613,0.5,0.5
9614,0.5,0.5
9615,1.0,0.0
9616,1.0,0.0
9617,1.0,0.0
9618,1.0,0.0
9619,1.0,0.0
9620,1.0,0.0
9621,0.5,0.5
9622,0.6666666666666667,0.3333333333333333
9623,0.75,0.25
9624,1.0,0.0
9625,0.5,0.5
9626,0.5,0.5
9627,0.75,0.25
9628,1.0,0.0
9629,1.0,0.0
9630,0.5,0.5
9631,0.0,1.0
9632,1.0,0.0
9633,0.5,0.5
9634,0.78125,0.21875
9635,1.0,0.0
9636,1.0,0.0
9637,1.0,0.0
9638,0.8333333333333334,0.16666666666666666
9639,0.5,0.5
9640,1.0,0.0
9641,1.0,0.0
9642,1.0,0.0
9643,0.5,0.5
9644,0.0,1.0
9645,1.0,0.0
9646,0.5,0.5
9647,0.5,0.5
9648,0.8333333333333334,0.16666666666666666
9649,0.5,0.5
9650,1.0,0.0
9651,1.0,0.0
9652,1.0,0.0
9653,1.0,0.0
9654,0.75,0.25
9655,1.0,0.0
9656,0.5,0.5
9657,0.875,0.125
9658,1.0,0.0
9659,1.0,0.0
9660,1.0,0.0
9661,1.0,0.0
9662,0.8,0.2
9663,1.0,0.0
9664,0.75,0.25
9665,0.0,1.0
9666,1.0,0.0
9667,1.0,0.0
9668,1.0,0.0
9669,1.0,0.0
9670,1.0,0.0
9671,0.5476190476190477,0.4523809523809524
9672,1.0,0.0
9673,0.8125,0.1875
9674,1.0,0.0
9675,1.0,0.0
9676,1.0,0.0
9677,1.0,0.0
9678,0.625,0.375
9679,0.25,0.75
9680,0.5,0.5
9681,0.0,1.0
9682,1.0,0.0
9683,1.0,0.0
9684,1.0,0.0
9685,1.0,0.0
9686,0.33333333333333337,0.6666666666666666
9687,0.0,1.0
9688,0.0,1.0
9689,0.5,0.5
9690,0.0,1.0
9691,0.0,1.0
9692,0.0,1.0
9693,0.0,1.0
9694,0.5,0.5
9695,0.5,0.5
9696,0.5,0.5
9697,0.5,0.5
9698,1.0,0.0
9699,0.5,0.5
9700,1.0,0.0
9701,0.0,1.0
9702,0.6730769230769231,0.3269230769230769
9703,1.0,0.0
9704,0.0,1.0
9705,0.5,0.5
9706,1.0,0.0
9707,1.0,0.0
9708,1.0,0.0
9709,0.5,0.5
9710,0.7083333333333333,0.2916666666666667
9711,1.0,0.0
9712,0.6818181818181819,0.3181818181818182
9713,0.5,0.5
9714,1.0,0.0
9715,1.0,0.0
9716,1.0,0.0
9717,0.0,1.0
9718,1.0,0.0
9719,1.0,0.0
9720,1.0,0.0
9721,1.0,0.0
9722,0.0,1.0
9723,0.6666666666666667,0.3333333333333333
9724,0.0,1.0
9725,1.0,0.0
9726,1.0,0.0
9727,1.0,0.0
9728,0.6,0.4
9729,0.625,0.375
9730,1.0,0.0
9731,0.5,0.5
9732,0.5,0.5
9733,0.0,1.0
9734,1.0,0.0
9735,0.5,0.5
9736,0.6666666666666667,0.3333333333333333
9737,1.0,0.0
9738,0.5,0.5
9739,1.0,0.0
9740,0.0,1.0
9741,1.0,0.0
9742,0.6170130869899924,0.3829869130100077
9743,0.6233766233766234,0.37662337662337664
9744,0.6058394160583942,0.39416058394160586
9745,0.5833333333333333,0.4166666666666667
9746,0.0,1.0
9747,0.5932203389830508,0.4067796610169492
9748,1.0,0.0
9749,1.0,0.0
9750,1.0,0.0
9751,0.8,0.2
9752,0.5,0.5
9753,0.8333333333333334,0.16666666666666666
9754,0.875,0.125
9755,0.8571428571428572,0.14285714285714285
9756,0.75,0.25
9757,1.0,0.0
9758,0.5,0.5
9759,0.5,0.5
9760,1.0,0.0
9761,1.0,0.0
9762,1.0,0.0
9763,1.0,0.0
9764,1.0,0.0
9765,1.0,0.0
9766,1.0,0.0
9767,0.5,0.5
9768,1.0,0.0
9769,0.30000000000000004,0.7
9770,0.5,0.5
9771,1.0,0.0
9772,0.0,1.0
9773,0.16666666666666663,0.8333333333333334
9774,0.0,1.0
9775,0.0,1.0
9776,0.0,1.0
9777,0.5,0.5
9778,0.5,0.5
9779,0.5,0.5
9780,0.5,0.5
9781,0.625,0.375
9782,0.75,0.25
9783,0.5,0.5
9784,1.0,0.0
9785,0.0,1.0
9786,1.0,0.0
9787,1.0,0.0
9788,1.0,0.0
9789,0.5,0.5
9790,0.5,0.5
9791,0.5,0.5
9792,0.0,1.0
9793,0.75,0.25
9794,1.0,0.0
9795,0.5,0.5
9796,0.38888888888888884,0.6111111111111112
9797,0.0,1.0
9798,0.5833333333333333,0.4166666666666667
9799,0.5,0.5
9800,0.5,0.5
9801,0.0,1.0
9802,1.0,0.0
9803,0.75,0.25
9804,1.0,0.0
9805,0.5,0.5
9806,0.5,0.5
9807,0.0,1.0
9808,0.0,1.0
9809,0.0,1.0
9810,0.5869565217391304,0.41304347826086957
9811,0.5476190476190477,0.4523809523809524
9812,0.5526315789473684,0.4473684210526316
9813,0.6333333333333333,0.36666666666666664
9814,0.5833333333333333,0.4166666666666667
9815,0.5,0.5
9816,0.5909090909090908,0.4090909090909091
9817,1.0,0.0
9818,0.5,0.5
9819,0.0,1.0
9820,0.75,0.25
9821,1.0,0.0
9822,0.6666666666666667,0.3333333333333333
9823,1.0,0.0
9824,0.5,0.5
9825,0.5,0.5
9826,0.5,0.5
9827,0.33333333333333337,0.6666666666666666
9828,0.0,1.0
9829,0.0,1.0
9830,0.0,1.0
9831,1.0,0.0
9832,1.0,0.0
9833,0.8333333333333334,0.16666666666666666
9834,0.5,0.5
9835,1.0,0.0
9836,1.0,0.0
9837,1.0,0.0
9838,0.25,0.75
9839,0.0,1.0
9840,0.33333333333333337,0.6666666666666666
9841,0.0,1.0
9842,0.5,0.5
9843,0.0,1.0
9844,1.0,0.0
9845,0.5,0.5
9846,0.0,1.0
9847,1.0,0.0
9848,1.0,0.0
9849,1.0,0.0
9850,1.0,0.0
9851,0.6233766233766234,0.37662337662337664
9852,0.6538461538461539,0.34615384615384615
9853,1.0,0.0
9854,1.0,0.0
9855,0.5,0.5
9856,0.5,0.5
9857,0.5,0.5
9858,0.5,0.5
9859,0.5,0.5
9860,0.5,0.5
9861,0.5,0.5
9862,0.5,0.5
9863,0.75,0.25
9864,1.0,0.0
9865,0.5,0.5
9866,0.5,0.5
9867,0.5,0.5
9868,0.75,0.25
9869,0.5,0.5
9870,1.0,0.0
9871,0.5833333333333333,0.4166666666666667
9872,0.7,0.3
9873,0.6666666666666667,0.3333333333333333
9874,1.0,0.0
9875,0.5,0.5
9876,1.0,0.0
9877,0.0,1.0
9878,0.75,0.25
9879,0.5,0.5
9880,1.0,0.0
9881,0.0,1.0
9882,0.9,0.1
9883,1.0,0.0
9884,0.875,0.125
9885,0.75,0.25
9886,0.5,0.5
9887,1.0,0.0
9888,1.0,0.0
9889,1.0,0.0
9890,1.0,0.0
9891,0.5,0.5
9892,0.5,0.5
9893,0.5,0.5
9894,0.0,1.0
9895,0.6,0.4
9896,0.5,0.5
9897,0.5,0.5
9898,0.5,0.5
9899,0.5,0.5
9900,0.5,0.5
9901,0.75,0.25
9902,1.0,0.0
9903,0.5,0.5
9904,0.7272727272727273,0.2727272727272727
9905,0.5,0.5
9906,1.0,0.0
9907,0.0,1.0
9908,0.7777777777777778,0.2222222222222222
9909,0.75,0.25
9910,1.0,0.0
9911,0.5,0.5
9912,0.7857142857142857,0.21428571428571427
9913,1.0,0.0
9914,1.0,0.0
9915,0.5,0.5
9916,1.0,0.0
9917,0.5,0.5
9918,0.5,0.5
9919,0.5,0.5
9920,1.0,0.0
9921,0.5909090909090908,0.4090909090909091
9922,0.5,0.5
9923,0.6666666666666667,0.3333333333333333
9924,0.0,1.0
9925,0.0,1.0
9926,0.0,1.0
9927,1.0,0.0
9928,0.5,0.5
9929,1.0,0.0
9930,0.5,0.5
9931,1.0,0.0
9932,1.0,0.0
9933,1.0,0.0
9934,1.0,0.0
9935,0.0,1.0
9936,0.5,0.5
9937,0.5,0.5
9938,1.0,0.0
9939,0.5,0.5
9940,0.5,0.5
9941,0.5,0.5
9942,0.0,1.0
9943,0.6,0.4
9944,0.6666666666666667,0.3333333333333333
9945,0.5,0.5
9946,0.0,1.0
9947,1.0,0.0
9948,1.0,0.0
9949,0.5,0.5
9950,0.0,1.0
9951,1.0,0.0
9952,0.4545454545454546,0.5454545454545454
9953,0.41666666666666663,0.5833333333333334
9954,0.4,0.6
9955,0.0,1.0
9956,0.0,1.0
9957,0.0,1.0
9958,0.5,0.5
9959,0.0,1.0
9960,1.0,0.0
9961,1.0,0.0
9962,0.5,0.5
9963,0.5,0.5
9964,0.625,0.375
9965,0.5,0.5
9966,0.5,0.5
9967,0.5,0.5
9968,0.75,0.25
9969,1.0,0.0
9970,0.5,0.5
9971,0.0,1.0
9972,1.0,0.0
9973,1.0,0.0
9974,1.0,0.0
9975,1.0,0.0
9976,1.0,0.0
9977,0.648936170212766,0.35106382978723405
9978,0.625,0.375
9979,0.625,0.375
9980,0.6666666666666667,0.3333333333333333
9981,0.5,0.5
9982,1.0,0.0
9983,0.0,1.0
9984,1.0,0.0
9985,0.5700000000000001,0.43
9986,0.6666666666666667,0.3333333333333333
9987,0.0,1.0
9988,1.0,0.0
9989,1.0,0.0
9990,1.0,0.0
9991,1.0,0.0
9992,1.0,0.0
9993,1.0,0.0
9994,0.0,1.0
9995,0.5568181818181819,0.4431818181818182
9996,0.5,0.5
9997,0.5,0.5
9998,0.5,0.5
9999,0.3125,0.6875
10000,0.0,1.0
10001,0.3571428571428571,0.6428571428571429
10002,0.375,0.625
10003,0.33333333333333337,0.6666666666666666
10004,0.5,0.5
10005,0.25,0.75
10006,0.5,0.5
10007,0.0,1.0
10008,0.5,0.5
10009,0.33333333333333337,0.6666666666666666
10010,0.0,1.0
10011,0.0,1.0
10012,0.0,1.0
10013,1.0,0.0
10014,0.625,0.375
10015,0.5,0.5
10016,1.0,0.0
10017,0.5,0.5
10018,0.0,1.0
10019,1.0,0.0
10020,0.75,0.25
10021,1.0,0.0
10022,0.6666666666666667,0.3333333333333333
10023,1.0,0.0
10024,0.5,0.5
10025,1.0,0.0
10026,0.0,1.0
10027,0.5,0.5
10028,0.75,0.25
10029,1.0,0.0
10030,0.5,0.5
10031,1.0,0.0
10032,0.0,1.0
10033,0.5,0.5
10034,0.0,1.0
10035,1.0,0.0
10036,0.0,1.0
10037,0.5,0.5
10038,0.625,0.375
10039,0.0,1.0
10040,0.0,1.0
10041,0.0,1.0
10042,0.6944444444444444,0.3055555555555556
10043,0.6428571428571428,0.35714285714285715
10044,0.5,0.5
10045,1.0,0.0
10046,0.0,1.0
10047,0.5,0.5
10048,1.0,0.0
10049,0.0,1.0
10050,1.0,0.0
10051,1.0,0.0
10052,0.5,0.5
10053,0.5,0.5
10054,0.5,0.5
10055,0.5,0.5
10056,1.0,0.0
10057,1.0,0.0
10058,1.0,0.0
10059,1.0,0.0
10060,1.0,0.0
10061,0.0,1.0
10062,0.875,0.125
10063,0.75,0.25
10064,1.0,0.0
10065,0.5,0.5
10066,1.0,0.0
10067,1.0,0.0
10068,1.0,0.0
10069,1.0,0.0
10070,1.0,0.0
10071,1.0,0.0
10072,1.0,0.0
10073,1.0,0.0
10074,0.75,0.25
10075,1.0,0.0
10076,1.0,0.0
10077,1.0,0.0
10078,0.6666666666666667,0.3333333333333333
10079,0.5,0.5
10080,0.0,1.0
10081,1.0,0.0
10082,1.0,0.0
10083,0.625,0.375
10084,0.5,0.5
10085,0.5,0.5
10086,0.5,0.5
10087,0.75,0.25
10088,0.5,0.5
10089,1.0,0.0
10090,0.8333333333333334,0.16666666666666666
10091,1.0,0.0
10092,1.0,0.0
10093,0.5,0.5
10094,0.625,0.375
10095,0.5,0.5
10096,0.5,0.5
10097,0.0,1.0
10098,1.0,0.0
10099,0.5,0.5
10100,1.0,0.0
10101,0.7272727272727273,0.2727272727272727
10102,1.0,0.0
10103,0.375,0.625
10104,0.5,0.5
10105,0.5,0.5
10106,0.5,0.5
10107,0.25,0.75
10108,0.5,0.5
10109,0.0,1.0
10110,1.0,0.0
10111,1.0,0.0
10112,1.0,0.0
10113,1.0,0.0
10114,1.0,0.0
10115,1.0,0.0
10116,0.5,0.5
10117,0.5,0.5
10118,1.0,0.0
10119,0.0,1.0
10120,1.0,0.0
10121,0.9166666666666666,0.08333333333333333
10122,1.0,0.0
10123,1.0,0.0
10124,1.0,0.0
10125,0.75,0.25
10126,1.0,0.0
10127,0.5,0.5
10128,1.0,0.0
10129,0.5,0.5
10130,0.5,0.5
10131,0.5,0.5
10132,0.5,0.5
10133,0.6014925373134328,0.39850746268656717
10134,0.6666666666666667,0.3333333333333333
10135,0.6851851851851851,0.3148148148148148
10136,0.5,0.5
10137,0.75,0.25
10138,0.5,0.5
10139,1.0,0.0
10140,0.0,1.0
10141,0.75,0.25
10142,0.6666666666666667,0.3333333333333333
10143,0.5,0.5
10144,0.5,0.5
10145,1.0,0.0
10146,1.0,0.0
10147,0.25,0.75
10148,0.0,1.0
10149,0.5,0.5
10150,0.0,1.0
10151,0.5,0.5
10152,1.0,0.0
10153,1.0,0.0
10154,1.0,0.0
10155,0.7857142857142857,0.21428571428571427
10156,1.0,0.0
10157,0.0,1.0
10158,1.0,0.0
10159,0.0,1.0
10160,0.5,0.5
10161,1.0,0.0
10162,1.0,0.0
10163,1.0,0.0
10164,1.0,0.0
10165,0.875,0.125
10166,0.8333333333333334,0.16666666666666666
10167,1.0,0.0
10168,0.75,0.25
10169,0.5,0.5
10170,1.0,0.0
10171,1.0,0.0
10172,1.0,0.0
10173,1.0,0.0
10174,1.0,0.0
10175,0.5,0.5
10176,0.75,0.25
10177,0.5,0.5
10178,1.0,0.0
10179,0.0,1.0
10180,0.6129032258064516,0.3870967741935484
10181,0.8333333333333334,0.16666666666666666
10182,0.5,0.5
10183,1.0,0.0
10184,1.0,0.0
10185,0.5,0.5
10186,1.0,0.0
10187,0.4375,0.5625
10188,0.5,0.5
10189,0.5,0.5
10190,0.5,0.5
10191,0.5,0.5
10192,0.0,1.0
10193,0.6666666666666667,0.3333333333333333
10194,0.5,0.5
10195,0.0,1.0
10196,1.0,0.0
10197,1.0,0.0
10198,0.0,1.0
10199,0.5,0.5
10200,0.5,0.5
10201,0.0,1.0
10202,1.0,0.0
10203,0.5,0.5
10204,0.5,0.5
10205,0.5,0.5
10206,0.7142857142857143,0.2857142857142857
10207,0.75,0.25
10208,1.0,0.0
10209,0.5,0.5
10210,0.0,1.0
10211,1.0,0.0
10212,1.0,0.0
10213,0.6666666666666667,0.3333333333333333
10214,0.0,1.0
10215,1.0,0.0
10216,1.0,0.0
10217,1.0,0.0
10218,0.6428571428571428,0.35714285714285715
10219,0.5,0.5
10220,0.6666666666666667,0.3333333333333333
10221,0.5,0.5
10222,0.7,0.3
10223,0.625,0.375
10224,0.8333333333333334,0.16666666666666666
10225,1.0,0.0
10226,0.75,0.25
10227,1.0,0.0
10228,0.5,0.5
10229,0.0,1.0
10230,1.0,0.0
10231,0.609375,0.390625
10232,0.5,0.5
10233,0.6666666666666667,0.3333333333333333
10234,1.0,0.0
10235,1.0,0.0
10236,1.0,0.0
10237,1.0,0.0
10238,0.5,0.5
10239,0.0,1.0
10240,1.0,0.0
10241,0.0,1.0
10242,0.5,0.5
10243,0.0,1.0
10244,1.0,0.0
10245,1.0,0.0
10246,1.0,0.0
10247,0.0,1.0
10248,0.0,1.0
10249,0.0,1.0
10250,0.0,1.0
10251,0.6470588235294117,0.35294117647058826
10252,0.5,0.5
10253,0.5,0.5
10254,0.5,0.5
10255,1.0,0.0
10256,1.0,0.0
10257,1.0,0.0
10258,0.75,0.25
10259,0.5,0.5
10260,0.0,1.0
10261,1.0,0.0
10262,1.0,0.0
10263,1.0,0.0
10264,1.0,0.0
10265,1.0,0.0
10266,1.0,0.0
10267,0.5,0.5
10268,0.5,0.5
10269,0.75,0.25
10270,0.5,0.5
10271,1.0,0.0
10272,0.5,0.5
10273,1.0,0.0
10274,0.0,1.0
10275,1.0,0.0
10276,0.25,0.75
10277,0.5,0.5
10278,0.0,1.0
10279,1.0,0.0
10280,0.5,0.5
10281,0.0,1.0
10282,0.0,1.0
10283,0.0,1.0
10284,0.6666666666666667,0.3333333333333333
10285,1.0,0.0
10286,1.0,0.0
10287,0.5,0.5
10288,0.5,0.5
10289,0.5,0.5
10290,0.0,1.0
10291,0.7142857142857143,0.2857142857142857
10292,0.5,0.5
10293,1.0,0.0
10294,0.33333333333333337,0.6666666666666666
10295,0.0,1.0
10296,0.5,0.5
10297,0.0,1.0
10298,1.0,0.0
10299,1.0,0.0
10300,1.0,0.0
10301,1.0,0.0
10302,1.0,0.0
10303,0.6111111111111112,0.3888888888888889
10304,0.8333333333333334,0.16666666666666666
10305,1.0,0.0
10306,1.0,0.0
10307,1.0,0.0
10308,1.0,0.0
10309,1.0,0.0
10310,1.0,0.0
10311,0.5,0.5
10312,1.0,0.0
10313,0.0,1.0
10314,0.5,0.5
10315,0.0,1.0
10316,0.5,0.5
10317,1.0,0.0
10318,0.5,0.5
10319,0.5,0.5
10320,0.5,0.5
10321,0.25,0.75
10322,0.0,1.0
10323,0.25,0.75
10324,0.0,1.0
10325,0.5,0.5
10326,0.5,0.5
10327,1.0,0.0
10328,1.0,0.0
10329,1.0,0.0
10330,0.7019230769230769,0.2980769230769231
10331,0.696969696969697,0.30303030303030304
10332,0.5714285714285714,0.42857142857142855
10333,1.0,0.0
10334,0.0,1.0
10335,0.5,0.5
10336,1.0,0.0
10337,0.5,0.5
10338,1.0,0.0
10339,0.0,1.0
10340,0.5,0.5
10341,1.0,0.0
10342,1.0,0.0
10343,1.0,0.0
10344,1.0,0.0
10345,1.0,0.0
10346,1.0,0.0
10347,0.875,0.125
10348,0.5,0.5
10349,1.0,0.0
10350,1.0,0.0
10351,1.0,0.0
10352,1.0,0.0
10353,1.0,0.0
10354,0.75,0.25
10355,0.5,0.5
10356,1.0,0.0
10357,0.8333333333333334,0.16666666666666666
10358,0.5,0.5
10359,1.0,0.0
10360,1.0,0.0
10361,1.0,0.0
10362,0.5,0.5
10363,0.0,1.0
10364,0.75,0.25
10365,1.0,0.0
10366,0.5,0.5
10367,0.5,0.5
10368,0.625,0.375
10369,1.0,0.0
10370,0.5,0.5
10371,0.5,0.5
10372,0.5,0.5
10373,0.5,0.5
10374,1.0,0.0
10375,1.0,0.0
10376,1.0,0.0
10377,0.33333333333333337,0.6666666666666666
10378,0.25,0.75
10379,0.0,1.0
10380,0.5,0.5
10381,0.5,0.5
10382,0.7105263157894737,0.2894736842105263
10383,0.6785714285714286,0.32142857142857145
10384,1.0,0.0
10385,0.5,0.5
10386,0.75,0.25
10387,1.0,0.0
10388,0.5,0.5
10389,0.5,0.5
10390,0.75,0.25
10391,1.0,0.0
10392,0.5,0.5
10393,0.5,0.5
10394,0.0,1.0
10395,1.0,0.0
10396,1.0,0.0
10397,1.0,0.0
10398,0.25,0.75
10399,0.0,1.0
10400,0.5,0.5
10401,1.0,0.0
10402,0.8,0.2
10403,1.0,0.0
10404,0.75,0.25
10405,0.5,0.5
10406,1.0,0.0
10407,0.75,0.25
10408,0.5,0.5
10409,1.0,0.0
10410,0.6,0.4
10411,0.5,0.5
10412,0.5,0.5
10413,1.0,0.0
10414,0.0,1.0
10415,0.5,0.5
10416,1.0,0.0
10417,0.25,0.75
10418,0.0,1.0
10419,0.5,0.5
10420,0.5555555555555556,0.4444444444444444
10421,0.625,0.375
10422,1.0,0.0
10423,0.5,0.5
10424,0.5,0.5
10425,0.5,0.5
10426,0.5,0.5
10427,0.25,0.75
10428,0.0,1.0
10429,0.5,0.5
10430,1.0,0.0
10431,0.5,0.5
10432,1.0,0.0
10433,0.0,1.0
10434,0.8333333333333334,0.16666666666666666
10435,0.5,0.5
10436,1.0,0.0
10437,0.5,0.5
10438,1.0,0.0
10439,1.0,0.0
10440,1.0,0.0
10441,1.0,0.0
10442,0.41666666666666663,0.5833333333333334
10443,0.25,0.75
10444,0.5,0.5
10445,0.0,1.0
10446,0.5,0.5
10447,0.5,0.5
10448,0.5,0.5
10449,0.5,0.5
10450,0.5,0.5
10451,0.5,0.5
10452,0.7857142857142857,0.21428571428571427
10453,1.0,0.0
10454,0.5,0.5
10455,0.0,1.0
10456,1.0,0.0
10457,0.75,0.25
10458,1.0,0.0
10459,0.5,0.5
10460,1.0,0.0
10461,1.0,0.0
10462,1.0,0.0
10463,0.5625,0.4375
10464,1.0,0.0
10465,1.0,0.0
10466,1.0,0.0
10467,0.5,0.5
10468,1.0,0.0
10469,0.16666666666666663,0.8333333333333334
10470,0.25,0.75
10471,0.0,1.0
10472,0.5,0.5
10473,0.0,1.0
10474,0.5,0.5
10475,0.75,0.25
10476,1.0,0.0
10477,0.5,0.5
10478,0.5,0.5
10479,1.0,0.0
10480,0.0,1.0
10481,1.0,0.0
10482,1.0,0.0
10483,1.0,0.0
10484,0.5833333333333333,0.4166666666666667
10485,0.0,1.0
10486,0.7,0.3
10487,1.0,0.0
10488,0.5,0.5
10489,0.5,0.5
10490,0.0,1.0
10491,1.0,0.0
10492,1.0,0.0
10493,0.41666666666666663,0.5833333333333334
10494,1.0,0.0
10495,0.0,1.0
10496,0.0,1.0
10497,0.0,1.0
10498,0.75,0.25
10499,0.5,0.5
10500,1.0,0.0
10501,0.0,1.0
10502,0.5238095238095238,0.47619047619047616
10503,1.0,0.0
10504,0.5,0.5
10505,0.0,1.0
10506,1.0,0.0
10507,0.5,0.5
10508,0.5,0.5
10509,0.5,0.5
10510,0.0,1.0
10511,1.0,0.0
10512,0.75,0.25
10513,1.0,0.0
10514,0.6666666666666667,0.3333333333333333
10515,0.5,0.5
10516,1.0,0.0
10517,0.5,0.5
10518,0.25,0.75
10519,0.0,1.0
10520,0.5,0.5
10521,1.0,0.0
10522,0.5,0.5
10523,0.5,0.5
10524,0.5,0.5
10525,0.5,0.5
10526,0.5,0.5
10527,0.25,0.75
10528,0.0,1.0
10529,0.5,0.5
10530,1.0,0.0
10531,0.0,1.0
10532,0.0,1.0
10533,0.0,1.0
10534,0.4782608695652174,0.5217391304347826
10535,0.52,0.48
10536,0.625,0.375
10537,0.7222222222222222,0.2777777777777778
10538,0.6666666666666667,0.3333333333333333
10539,1.0,0.0
10540,1.0,0.0
10541,0.0,1.0
10542,0.5,0.5
10543,0.6666666666666667,0.3333333333333333
10544,1.0,0.0
10545,0.5,0.5
10546,0.0,1.0
10547,1.0,0.0
10548,1.0,0.0
10549,1.0,0.0
10550,1.0,0.0
10551,0.33333333333333337,0.6666666666666666
10552,0.0,1.0
10553,0.5,0.5
10554,0.5,0.5
10555,0.5,0.5
10556,0.42307692307692313,0.5769230769230769
10557,0.75,0.25
10558,1.0,0.0
10559,0.5,0.5
10560,0.5,0.5
10561,0.0,1.0
10562,1.0,0.0
10563,0.0,1.0
10564,0.0,1.0
10565,0.0,1.0
10566,0.25,0.75
10567,0.0,1.0
10568,0.5,0.5
10569,0.5,0.5
10570,0.0,1.0
10571,1.0,0.0
10572,0.5,0.5
10573,0.5,0.5
10574,0.5,0.5
10575,0.5,0.5
10576,0.43333333333333335,0.5666666666666667
10577,0.0,1.0
10578,0.2857142857142857,0.7142857142857143
10579,0.0,1.0
10580,0.33333333333333337,0.6666666666666666
10581,0.0,1.0
10582,0.5,0.5
10583,0.0,1.0
10584,0.5,0.5
10585,1.0,0.0
10586,0.0,1.0
10587,0.5,0.5
10588,0.6428571428571428,0.35714285714285715
10589,0.25,0.75
10590,0.0,1.0
10591,0.5,0.5
10592,1.0,0.0
10593,0.5,0.5
10594,0.5,0.5
10595,1.0,0.0
10596,1.0,0.0
10597,1.0,0.0
10598,0.41666666666666663,0.5833333333333334
10599,0.6666666666666667,0.3333333333333333
10600,1.0,0.0
10601,0.5,0.5
10602,1.0,0.0
10603,0.0,1.0
10604,0.16666666666666663,0.8333333333333334
10605,0.5,0.5
10606,0.0,1.0
10607,0.0,1.0
10608,0.0,1.0
10609,0.5806451612903225,0.41935483870967744
10610,0.0,1.0
10611,0.0,1.0
10612,0.0,1.0
10613,0.6666666666666667,0.3333333333333333
10614,0.5,0.5
10615,0.75,0.25
10616,0.5,0.5
10617,1.0,0.0
10618,0.6666666666666667,0.3333333333333333
10619,1.0,0.0
10620,1.0,0.0
10621,1.0,0.0
10622,0.0,1.0
10623,0.5,0.5
10624,0.75,0.25
10625,0.5,0.5
10626,1.0,0.0
10627,0.0,1.0
10628,0.5,0.5
10629,0.5,0.5
10630,1.0,0.0
10631,0.0,1.0
10632,0.5,0.5
10633,0.0,1.0
10634,1.0,0.0
10635,0.75,0.25
10636,1.0,0.0
10637,0.6666666666666667,0.3333333333333333
10638,0.0,1.0
10639,1.0,0.0
10640,1.0,0.0
10641,0.33333333333333337,0.6666666666666666
10642,0.5,0.5
10643,0.0,1.0
10644,1.0,0.0
10645,0.0,1.0
10646,0.75,0.25
10647,0.5,0.5
10648,0.5,0.5
10649,0.8333333333333334,0.16666666666666666
10650,0.5,0.5
10651,1.0,0.0
10652,1.0,0.0
10653,1.0,0.0
10654,0.75,0.25
10655,0.5,0.5
10656,1.0,0.0
10657,1.0,0.0
10658,0.5,0.5
10659,0.6885714285714286,0.31142857142857144
10660,0.8,0.2
10661,1.0,0.0
10662,1.0,0.0
10663,0.5,0.5
10664,0.0,1.0
10665,1.0,0.0
10666,1.0,0.0
10667,0.8125,0.1875
10668,0.5,0.5
10669,0.8333333333333334,0.16666666666666666
10670,1.0,0.0
10671,0.8214285714285714,0.17857142857142858
10672,0.75,0.25
10673,0.5,0.5
10674,1.0,0.0
10675,1.0,0.0
10676,0.5,0.5
10677,0.85,0.15
10678,0.75,0.25
10679,1.0,0.0
10680,0.5,0.5
10681,1.0,0.0
10682,1.0,0.0
10683,0.0,1.0
10684,1.0,0.0
10685,1.0,0.0
10686,1.0,0.0
10687,1.0,0.0
10688,1.0,0.0
10689,1.0,0.0
10690,1.0,0.0
10691,0.7727272727272727,0.22727272727272727
10692,0.75,0.25
10693,0.5,0.5
10694,1.0,0.0
10695,0.7777777777777778,0.2222222222222222
10696,0.5,0.5
10697,1.0,0.0
10698,1.0,0.0
10699,1.0,0.0
10700,0.75,0.25
10701,0.5,0.5
10702,0.5,0.5
10703,0.5,0.5
10704,0.875,0.125
10705,1.0,0.0
10706,1.0,0.0
10707,1.0,0.0
10708,0.75,0.25
10709,0.5,0.5
10710,1.0,0.0
10711,0.6052631578947368,0.39473684210526316
10712,1.0,0.0
10713,0.5,0.5
10714,1.0,0.0
10715,0.0,1.0
10716,0.5,0.5
10717,1.0,0.0
10718,1.0,0.0
10719,1.0,0.0
10720,1.0,0.0
10721,1.0,0.0
10722,1.0,0.0
10723,0.5,0.5
10724,1.0,0.0
10725,0.25,0.75
10726,0.0,1.0
10727,0.5,0.5
10728,0.33333333333333337,0.6666666666666666
10729,0.5,0.5
10730,1.0,0.0
10731,0.0,1.0
10732,0.0,1.0
10733,0.75,0.25
10734,1.0,0.0
10735,0.5,0.5
10736,0.5,0.5
10737,1.0,0.0
10738,0.0,1.0
10739,0.0,1.0
10740,0.7307692307692308,0.2692307692307692
10741,1.0,0.0
10742,0.6,0.4
10743,0.5,0.5
10744,0.6666666666666667,0.3333333333333333
10745,0.75,0.25
10746,0.5,0.5
10747,1.0,0.0
10748,0.5,0.5
10749,0.0,1.0
10750,1.0,0.0
10751,0.7857142857142857,0.21428571428571427
10752,0.0,1.0
10753,1.0,0.0
10754,0.5,0.5
10755,1.0,0.0
10756,1.0,0.0
10757,1.0,0.0
10758,1.0,0.0
10759,1.0,0.0
10760,0.6704545454545454,0.32954545454545453
10761,0.6875,0.3125
10762,0.5,0.5
10763,0.0,1.0
10764,0.5,0.5
10765,0.5,0.5
10766,0.5,0.5
10767,1.0,0.0
10768,0.33333333333333337,0.6666666666666666
10769,0.25,0.75
10770,0.5,0.5
10771,0.0,1.0
10772,0.5,0.5
10773,0.75,0.25
10774,0.5,0.5
10775,0.8333333333333334,0.16666666666666666
10776,1.0,0.0
10777,0.75,0.25
10778,1.0,0.0
10779,0.5,0.5
10780,1.0,0.0
10781,1.0,0.0
10782,1.0,0.0
10783,1.0,0.0
10784,1.0,0.0
10785,1.0,0.0
10786,1.0,0.0
10787,1.0,0.0
10788,0.6607142857142857,0.3392857142857143
10789,0.16666666666666663,0.8333333333333334
10790,0.0,1.0
10791,0.0,1.0
10792,0.0,1.0
10793,0.5,0.5
10794,0.75,0.25
10795,0.5,0.5
10796,0.5,0.5
10797,1.0,0.0
10798,1.0,0.0
10799,1.0,0.0
10800,1.0,0.0
10801,0.5,0.5
10802,0.0,1.0
10803,1.0,0.0
10804,1.0,0.0
10805,1.0,0.0
10806,1.0,0.0
10807,0.0,1.0
10808,1.0,0.0
10809,1.0,0.0
10810,1.0,0.0
10811,1.0,0.0
10812,0.7222222222222222,0.2777777777777778
10813,0.5,0.5
10814,0.5,0.5
10815,0.5,0.5
10816,0.7,0.3
10817,0.5,0.5
10818,1.0,0.0
10819,0.75,0.25
10820,1.0,0.0
10821,0.5,0.5
10822,0.5,0.5
10823,1.0,0.0
10824,1.0,0.0
10825,1.0,0.0
10826,0.5,0.5
10827,1.0,0.0
10828,0.0,1.0
10829,0.368421052631579,0.631578947368421
10830,0.75,0.25
10831,1.0,0.0
10832,0.5,0.5
10833,1.0,0.0
10834,0.5,0.5
10835,0.5,0.5
10836,0.5,0.5
10837,0.5,0.5
10838,0.0,1.0
10839,1.0,0.0
10840,0.5,0.5
10841,0.25,0.75
10842,0.0,1.0
10843,0.5,0.5
10844,1.0,0.0
10845,0.11111111111111116,0.8888888888888888
10846,0.5,0.5
10847,0.0,1.0
10848,0.0,1.0
10849,0.0,1.0
10850,0.0,1.0
10851,0.0,1.0
10852,0.0,1.0
10853,0.0,1.0
10854,0.25,0.75
10855,0.0,1.0
10856,0.5,0.5
10857,0.8333333333333334,0.16666666666666666
10858,0.875,0.125
10859,0.8636363636363636,0.13636363636363635
10860,1.0,0.0
10861,1.0,0.0
10862,1.0,0.0
10863,0.9166666666666666,0.08333333333333333
10864,1.0,0.0
10865,1.0,0.0
10866,1.0,0.0
10867,0.5,0.5
10868,1.0,0.0
10869,1.0,0.0
10870,1.0,0.0
10871,1.0,0.0
10872,1.0,0.0
10873,1.0,0.0
10874,1.0,0.0
10875,1.0,0.0
10876,0.75,0.25
10877,1.0,0.0
10878,0.5,0.5
10879,0.5,0.5
10880,1.0,0.0
10881,0.0,1.0
10882,1.0,0.0
10883,1.0,0.0
10884,1.0,0.0
10885,1.0,0.0
10886,1.0,0.0
10887,0.6666666666666667,0.3333333333333333
10888,1.0,0.0
10889,1.0,0.0
10890,0.0,1.0
10891,1.0,0.0
10892,1.0,0.0
10893,1.0,0.0
10894,0.5,0.5
10895,0.0,1.0
10896,1.0,0.0
10897,0.5,0.5
10898,0.7142857142857143,0.2857142857142857
10899,0.71875,0.28125
10900,0.6785714285714286,0.32142857142857145
10901,0.6666666666666667,0.3333333333333333
10902,0.7,0.3
10903,0.5,0.5
10904,0.75,0.25
10905,0.75,0.25
10906,0.5,0.5
10907,1.0,0.0
10908,0.75,0.25
10909,1.0,0.0
10910,0.5,0.5
10911,0.5,0.5
10912,0.75,0.25
10913,1.0,0.0
10914,0.75,0.25
10915,1.0,0.0
10916,0.5,0.5
10917,0.6666666666666667,0.3333333333333333
10918,0.5,0.5
10919,0.75,0.25
10920,1.0,0.0
10921,0.5,0.5
10922,0.5,0.5
10923,0.5,0.5
10924,0.5,0.5
10925,1.0,0.0
10926,1.0,0.0
10927,1.0,0.0
10928,0.7,0.3
10929,0.6666666666666667,0.3333333333333333
10930,0.75,0.25
10931,0.5,0.5
10932,1.0,0.0
10933,0.5,0.5
10934,0.75,0.25
10935,1.0,0.0
10936,0.5,0.5
10937,0.4301075268817204,0.5698924731182796
10938,0.4565217391304348,0.5434782608695652
10939,0.5,0.5
10940,0.375,0.625
10941,0.75,0.25
10942,0.5,0.5
10943,1.0,0.0
10944,0.0,1.0
10945,0.0,1.0
10946,0.75,0.25
10947,0.5,0.5
10948,1.0,0.0
10949,0.5,0.5
10950,0.5,0.5
10951,1.0,0.0
10952,0.0,1.0
10953,0.5,0.5
10954,0.0,1.0
10955,1.0,0.0
10956,0.625,0.375
10957,0.6666666666666667,0.3333333333333333
10958,1.0,0.0
10959,0.5,0.5
10960,1.0,0.0
10961,0.0,1.0
10962,0.5,0.5
10963,0.5,0.5
10964,1.0,0.0
10965,0.25,0.75
10966,0.0,1.0
10967,0.5,0.5
10968,0.5384615384615384,0.46153846153846156
10969,0.5,0.5
10970,0.0,1.0
10971,0.5,0.5
10972,0.0,1.0
10973,0.8333333333333334,0.16666666666666666
10974,1.0,0.0
10975,1.0,0.0
10976,0.5,0.5
10977,1.0,0.0
10978,1.0,0.0
10979,1.0,0.0
10980,1.0,0.0
10981,0.5,0.5
10982,0.0,1.0
10983,0.0,1.0
10984,0.0,1.0
10985,0.16666666666666663,0.8333333333333334
10986,0.0,1.0
10987,0.0,1.0
10988,0.0,1.0
10989,0.5,0.5
10990,0.16666666666666663,0.8333333333333334
10991,0.5,0.5
10992,0.0,1.0
10993,0.0,1.0
10994,0.0,1.0
10995,0.16666666666666663,0.8333333333333334
10996,0.0,1.0
10997,0.0,1.0
10998,0.0,1.0
10999,0.5,0.5
11000,0.16666666666666663,0.8333333333333334
11001,0.5,0.5
11002,0.0,1.0
11003,0.0,1.0
11004,0.0,1.0
11005,0.8333333333333334,0.16666666666666666
11006,0.75,0.25
11007,1.0,0.0
11008,0.5,0.5
11009,1.0,0.0
11010,0.4042553191489362,0.5957446808510638
11011,0.36764705882352944,0.6323529411764706
11012,1.0,0.0
11013,0.25,0.75
11014,0.5,0.5
11015,0.19999999999999996,0.8
11016,0.5,0.5
11017,1.0,0.0
11018,0.0,1.0
11019,0.0,1.0
11020,0.0,1.0
11021,0.0,1.0
11022,0.0,1.0
11023,0.0,1.0
11024,0.0,1.0
11025,0.0,1.0
11026,0.0,1.0
11027,0.0,1.0
11028,0.0,1.0
11029,0.0,1.0
11030,0.0,1.0
11031,0.5,0.5
11032,0.75,0.25
11033,1.0,0.0
11034,0.5,0.5
11035,0.2142857142857143,0.7857142857142857
11036,1.0,0.0
11037,0.08333333333333337,0.9166666666666666
11038,0.0,1.0
11039,0.09999999999999998,0.9
11040,0.25,0.75
11041,0.0,1.0
11042,0.5,0.5
11043,0.0,1.0
11044,0.0,1.0
11045,0.0,1.0
11046,0.0,1.0
11047,0.0,1.0
11048,0.55,0.45
11049,0.5,0.5
11050,0.0,1.0
11051,1.0,0.0
11052,0.5625,0.4375
11053,0.0,1.0
11054,0.6428571428571428,0.35714285714285715
11055,0.6666666666666667,0.3333333333333333
11056,0.5,0.5
11057,1.0,0.0
11058,0.0,1.0
11059,1.0,0.0
11060,0.625,0.375
11061,0.5,0.5
11062,0.6666666666666667,0.3333333333333333
11063,0.5,0.5
11064,0.5,0.5
11065,1.0,0.0
11066,0.33333333333333337,0.6666666666666666
11067,0.5,0.5
11068,0.5,0.5
11069,0.5,0.5
11070,0.0,1.0
11071,0.5,0.5
11072,0.4545454545454546,0.5454545454545454
11073,1.0,0.0
11074,0.5,0.5
11075,0.16666666666666663,0.8333333333333334
11076,0.25,0.75
11077,0.0,1.0
11078,0.5,0.5
11079,0.0,1.0
11080,1.0,0.0
11081,0.5,0.5
11082,0.0,1.0
11083,1.0,0.0
11084,0.5,0.5
11085,1.0,0.0
11086,0.0,1.0
11087,0.0,1.0
11088,0.75,0.25
11089,0.5,0.5
11090,1.0,0.0
11091,0.5635838150289018,0.43641618497109824
11092,0.4607843137254902,0.5392156862745098
11093,0.6666666666666667,0.3333333333333333
11094,1.0,0.0
11095,1.0,0.0
11096,1.0,0.0
11097,0.0,1.0
11098,0.8333333333333334,0.16666666666666666
11099,0.9,0.1
11100,0.75,0.25
11101,1.0,0.0
11102,0.5,0.5
11103,1.0,0.0
11104,1.0,0.0
11105,1.0,0.0
11106,1.0,0.0
11107,1.0,0.0
11108,0.5,0.5
11109,0.475,0.525
11110,0.5,0.5
11111,1.0,0.0
11112,0.375,0.625
11113,0.5,0.5
11114,0.33333333333333337,0.6666666666666666
11115,0.0,1.0
11116,0.5,0.5
11117,0.0,1.0
11118,1.0,0.0
11119,0.0,1.0
11120,0.625,0.375
11121,1.0,0.0
11122,1.0,0.0
11123,0.25,0.75
11124,0.0,1.0
11125,0.5,0.5
11126,1.0,0.0
11127,0.5,0.5
11128,1.0,0.0
11129,0.0,1.0
11130,0.33333333333333337,0.6666666666666666
11131,0.0,1.0
11132,0.0,1.0
11133,0.0,1.0
11134,1.0,0.0
11135,0.0,1.0
11136,0.0,1.0
11137,0.0,1.0
11138,1.0,0.0
11139,0.6666666666666667,0.3333333333333333
11140,0.5,0.5
11141,1.0,0.0
11142,0.5833333333333333,0.4166666666666667
11143,0.5,0.5
11144,0.5,0.5
11145,1.0,0.0
11146,0.0,1.0
11147,1.0,0.0
11148,0.25,0.75
11149,0.0,1.0
11150,0.5,0.5
11151,1.0,0.0
11152,1.0,0.0
11153,0.1785714285714286,0.8214285714285714
11154,0.0,1.0
11155,0.0,1.0
11156,0.0,1.0
11157,0.0,1.0
11158,0.0,1.0
11159,0.2272727272727273,0.7727272727272727
11160,0.5,0.5
11161,0.5,0.5
11162,0.5,0.5
11163,1.0,0.0
11164,0.0,1.0
11165,0.0,1.0
11166,0.0,1.0
11167,0.0,1.0
11168,0.0,1.0
11169,0.0,1.0
11170,0.25,0.75
11171,0.0,1.0
11172,0.5,0.5
11173,0.25,0.75
11174,0.0,1.0
11175,0.5,0.5
11176,0.5227272727272727,0.4772727272727273
11177,0.5,0.5
11178,0.45833333333333337,0.5416666666666666
11179,0.4444444444444444,0.5555555555555556
11180,0.0,1.0
11181,0.25,0.75
11182,0.25,0.75
11183,0.0,1.0
11184,0.5,0.5
11185,0.25,0.75
11186,0.5,0.5
11187,0.0,1.0
11188,0.75,0.25
11189,0.5,0.5
11190,1.0,0.0
11191,0.75,0.25
11192,0.5,0.5
11193,1.0,0.0
11194,0.5,0.5
11195,0.25,0.75
11196,0.0,1.0
11197,0.5,0.5
11198,1.0,0.0
11199,0.5555555555555556,0.4444444444444444
11200,0.5,0.5
11201,1.0,0.0
11202,0.5,0.5
11203,0.0,1.0
11204,0.6666666666666667,0.3333333333333333
11205,0.0,1.0
11206,1.0,0.0
11207,1.0,0.0
11208,1.0,0.0
11209,1.0,0.0
11210,0.0,1.0
11211,0.0,1.0
11212,0.0,1.0
11213,1.0,0.0
11214,1.0,0.0
11215,0.59375,0.40625
11216,1.0,0.0
11217,1.0,0.0
11218,1.0,0.0
11219,1.0,0.0
11220,1.0,0.0
11221,0.6875,0.3125
11222,0.0,1.0
11223,0.7857142857142857,0.21428571428571427
11224,1.0,0.0
11225,0.75,0.25
11226,1.0,0.0
11227,1.0,0.0
11228,1.0,0.0
11229,1.0,0.0
11230,0.5,0.5
11231,0.75,0.25
11232,0.5,0.5
11233,1.0,0.0
11234,0.0,1.0
11235,0.0,1.0
11236,0.0,1.0
11237,0.0,1.0
11238,0.0,1.0
11239,0.0,1.0
11240,0.0,1.0
11241,0.08333333333333337,0.9166666666666666
11242,0.1428571428571429,0.8571428571428571
11243,0.0,1.0
11244,0.0,1.0
11245,0.0,1.0
11246,0.0,1.0
11247,0.0,1.0
11248,0.33333333333333337,0.6666666666666666
11249,0.0,1.0
11250,0.5,0.5
11251,0.0,1.0
11252,1.0,0.0
11253,0.0,1.0
11254,0.0,1.0
11255,0.0,1.0
11256,0.0,1.0
11257,0.0,1.0
11258,0.0,1.0
11259,0.0,1.0
11260,0.7112676056338028,0.2887323943661972
11261,0.6875,0.3125
11262,0.5,0.5
11263,0.0,1.0
11264,1.0,0.0
11265,0.75,0.25
11266,1.0,0.0
11267,0.5,0.5
11268,1.0,0.0
11269,0.5,0.5
11270,1.0,0.0
11271,0.0,1.0
11272,1.0,0.0
11273,0.6,0.4
11274,0.6666666666666667,0.3333333333333333
11275,0.5,0.5
11276,1.0,0.0
11277,0.0,1.0
11278,1.0,0.0
11279,0.5,0.5
11280,0.0,1.0
11281,1.0,0.0
11282,0.33333333333333337,0.6666666666666666
11283,0.0,1.0
11284,0.5,0.5
11285,1.0,0.0
11286,0.0,1.0
11287,0.75,0.25
11288,0.75,0.25
11289,0.5,0.5
11290,1.0,0.0
11291,0.5,0.5
11292,1.0,0.0
11293,1.0,0.0
11294,1.0,0.0
11295,0.5,0.5
11296,0.7391304347826086,0.2608695652173913
11297,0.4375,0.5625
11298,0.0,1.0
11299,0.5,0.5
11300,0.0,1.0
11301,0.5833333333333333,0.4166666666666667
11302,1.0,0.0
11303,0.5,0.5
11304,1.0,0.0
11305,0.0,1.0
11306,0.5,0.5
11307,0.0,1.0
11308,1.0,0.0
11309,0.5,0.5
11310,0.9,0.1
11311,1.0,0.0
11312,1.0,0.0
11313,1.0,0.0
11314,1.0,0.0
11315,1.0,0.0
11316,1.0,0.0
11317,1.0,0.0
11318,1.0,0.0
11319,1.0,0.0
11320,1.0,0.0
11321,1.0,0.0
11322,1.0,0.0
11323,1.0,0.0
11324,0.75,0.25
11325,0.5,0.5
11326,1.0,0.0
11327,1.0,0.0
11328,1.0,0.0
11329,1.0,0.0
11330,0.5,0.5
11331,0.5,0.5
11332,0.5,0.5
11333,0.725,0.275
11334,0.7105263157894737,0.2894736842105263
11335,0.6666666666666667,0.3333333333333333
11336,0.5,0.5
11337,0.0,1.0
11338,1.0,0.0
11339,1.0,0.0
11340,0.5,0.5
11341,1.0,0.0
11342,1.0,0.0
11343,1.0,0.0
11344,1.0,0.0
11345,1.0,0.0
11346,0.5,0.5
11347,0.0,1.0
11348,1.0,0.0
11349,0.7777777777777778,0.2222222222222222
11350,1.0,0.0
11351,1.0,0.0
11352,1.0,0.0
11353,1.0,0.0
11354,1.0,0.0
11355,0.6666666666666667,0.3333333333333333
11356,1.0,0.0
11357,0.5,0.5
11358,0.0,1.0
11359,1.0,0.0
11360,0.5,0.5
11361,1.0,0.0
11362,0.0,1.0
11363,0.0,1.0
11364,1.0,0.0
11365,0.8333333333333334,0.16666666666666666
11366,1.0,0.0
11367,1.0,0.0
11368,0.6666666666666667,0.3333333333333333
11369,0.5,0.5
11370,0.5,0.5
11371,0.5,0.5
11372,1.0,0.0
11373,1.0,0.0
11374,0.69,0.31
11375,0.7218045112781954,0.2781954887218045
11376,0.7327586206896552,0.2672413793103448
11377,0.9,0.1
11378,1.0,0.0
11379,0.75,0.25
11380,1.0,0.0
11381,0.5,0.5
11382,1.0,0.0
11383,1.0,0.0
11384,1.0,0.0
11385,0.8571428571428572,0.14285714285714285
11386,1.0,0.0
11387,1.0,0.0
11388,1.0,0.0
11389,1.0,0.0
11390,1.0,0.0
11391,1.0,0.0
11392,1.0,0.0
11393,0.6666666666666667,0.3333333333333333
11394,0.5,0.5
11395,0.75,0.25
11396,0.5,0.5
11397,1.0,0.0
11398,1.0,0.0
11399,1.0,0.0
11400,1.0,0.0
11401,1.0,0.0
11402,1.0,0.0
11403,1.0,0.0
11404,1.0,0.0
11405,0.5666666666666667,0.43333333333333335
11406,0.8333333333333334,0.16666666666666666
11407,0.5,0.5
11408,1.0,0.0
11409,1.0,0.0
11410,1.0,0.0
11411,0.5,0.5
11412,0.0,1.0
11413,0.5,0.5
11414,1.0,0.0
11415,0.25,0.75
11416,0.0,1.0
11417,0.5,0.5
11418,0.6666666666666667,0.3333333333333333
11419,0.75,0.25
11420,1.0,0.0
11421,0.5,0.5
11422,0.5,0.5
11423,0.33333333333333337,0.6666666666666666
11424,0.25,0.75
11425,0.5,0.5
11426,0.0,1.0
11427,0.5,0.5
11428,1.0,0.0
11429,0.5909090909090908,0.4090909090909091
11430,0.6666666666666667,0.3333333333333333
11431,1.0,0.0
11432,1.0,0.0
11433,0.5,0.5
11434,1.0,0.0
11435,0.0,1.0
11436,0.5,0.5
11437,0.0,1.0
11438,1.0,0.0
11439,0.5,0.5
11440,0.375,0.625
11441,0.0,1.0
11442,0.5,0.5
11443,0.5,0.5
11444,0.5,0.5
11445,0.5,0.5
11446,1.0,0.0
11447,0.7692307692307692,0.23076923076923078
11448,0.7272727272727273,0.2727272727272727
11449,0.6875,0.3125
11450,0.7142857142857143,0.2857142857142857
11451,1.0,0.0
11452,0.6666666666666667,0.3333333333333333
11453,0.75,0.25
11454,1.0,0.0
11455,0.5,0.5
11456,0.625,0.375
11457,0.8333333333333334,0.16666666666666666
11458,1.0,0.0
11459,0.75,0.25
11460,0.5,0.5
11461,1.0,0.0
11462,0.0,1.0
11463,0.5,0.5
11464,0.8333333333333334,0.16666666666666666
11465,1.0,0.0
11466,0.75,0.25
11467,0.5,0.5
11468,1.0,0.0
11469,1.0,0.0
11470,1.0,0.0
11471,1.0,0.0
11472,1.0,0.0
11473,1.0,0.0
11474,1.0,0.0
11475,1.0,0.0
11476,1.0,0.0
11477,0.7133333333333334,0.2866666666666667
11478,0.8125,0.1875
11479,0.8333333333333334,0.16666666666666666
11480,0.8,0.2
11481,0.5,0.5
11482,1.0,0.0
11483,0.0,1.0
11484,1.0,0.0
11485,1.0,0.0
11486,1.0,0.0
11487,1.0,0.0
11488,1.0,0.0
11489,1.0,0.0
11490,0.75,0.25
11491,0.5,0.5
11492,1.0,0.0
11493,0.4375,0.5625
11494,0.5,0.5
11495,0.5,0.5
11496,0.5,0.5
11497,0.41666666666666663,0.5833333333333334
11498,0.16666666666666663,0.8333333333333334
11499,0.25,0.75
11500,0.5,0.5
11501,0.0,1.0
11502,0.0,1.0
11503,0.6666666666666667,0.3333333333333333
11504,1.0,0.0
11505,0.5,0.5
11506,0.0,1.0
11507,1.0,0.0
11508,0.5,0.5
11509,0.5,0.5
11510,0.5,0.5
11511,0.8333333333333334,0.16666666666666666
11512,0.5,0.5
11513,1.0,0.0
11514,1.0,0.0
11515,0.9166666666666666,0.08333333333333333
11516,1.0,0.0
11517,1.0,0.0
11518,1.0,0.0
11519,1.0,0.0
11520,1.0,0.0
11521,0.8888888888888888,0.1111111111111111
11522,0.875,0.125
11523,0.8333333333333334,0.16666666666666666
11524,0.75,0.25
11525,0.5,0.5
11526,1.0,0.0
11527,1.0,0.0
11528,1.0,0.0
11529,0.9,0.1
11530,1.0,0.0
11531,0.875,0.125
11532,1.0,0.0
11533,0.8333333333333334,0.16666666666666666
11534,1.0,0.0
11535,0.5,0.5
11536,1.0,0.0
11537,0.5,0.5
11538,0.0,1.0
11539,1.0,0.0
11540,0.5,0.5
11541,1.0,0.0
11542,0.0,1.0
11543,0.8,0.2
11544,1.0,0.0
11545,0.5,0.5
11546,0.75,0.25
11547,0.5,0.5
11548,1.0,0.0
11549,0.875,0.125
11550,1.0,0.0
11551,1.0,0.0
11552,0.75,0.25
11553,1.0,0.0
11554,0.5,0.5
11555,1.0,0.0
11556,0.5,0.5
11557,0.7,0.3
11558,0.875,0.125
11559,0.8333333333333334,0.16666666666666666
11560,0.75,0.25
11561,0.5,0.5
11562,1.0,0.0
11563,1.0,0.0
11564,1.0,0.0
11565,0.0,1.0
11566,0.8333333333333334,0.16666666666666666
11567,1.0,0.0
11568,0.75,0.25
11569,1.0,0.0
11570,0.5,0.5
11571,1.0,0.0
11572,1.0,0.0
11573,1.0,0.0
11574,0.5,0.5
11575,0.25,0.75
11576,0.0,1.0
11577,0.5,0.5
11578,1.0,0.0
11579,0.0,1.0
11580,0.25,0.75
11581,0.0,1.0
11582,0.5,0.5
11583,0.0,1.0
11584,1.0,0.0
11585,0.75,0.25
11586,0.5,0.5
11587,1.0,0.0
11588,0.5,0.5
11589,0.75,0.25
11590,1.0,0.0
11591,0.5,0.5
11592,0.9,0.1
11593,1.0,0.0
11594,1.0,0.0
11595,1.0,0.0
11596,1.0,0.0
11597,1.0,0.0
11598,0.75,0.25
11599,0.5,0.5
11600,1.0,0.0
11601,0.6268656716417911,0.373134328358209
11602,0.5714285714285714,0.42857142857142855
11603,1.0,0.0
11604,1.0,0.0
11605,0.6666666666666667,0.3333333333333333
11606,0.0,1.0
11607,1.0,0.0
11608,1.0,0.0
11609,0.0,1.0
11610,0.0,1.0
11611,0.0,1.0
11612,0.5714285714285714,0.42857142857142855
11613,1.0,0.0
11614,0.4,0.6
11615,0.33333333333333337,0.6666666666666666
11616,0.5,0.5
11617,0.25,0.75
11618,0.0,1.0
11619,0.5,0.5
11620,0.5,0.5
11621,0.5,0.5
11622,1.0,0.0
11623,0.5,0.5
11624,0.5,0.5
11625,0.5,0.5
11626,0.5,0.5
11627,0.5,0.5
11628,0.5833333333333333,0.4166666666666667
11629,0.5,0.5
11630,0.6,0.4
11631,0.5,0.5
11632,0.5,0.5
11633,0.75,0.25
11634,1.0,0.0
11635,0.5,0.5
11636,0.0,1.0
11637,1.0,0.0
11638,0.875,0.125
11639,0.75,0.25
11640,1.0,0.0
11641,0.5,0.5
11642,1.0,0.0
11643,1.0,0.0
11644,1.0,0.0
11645,0.8571428571428572,0.14285714285714285
11646,0.8333333333333334,0.16666666666666666
11647,0.75,0.25
11648,0.5,0.5
11649,0.0,1.0
11650,1.0,0.0
11651,1.0,0.0
11652,1.0,0.0
11653,1.0,0.0
11654,1.0,0.0
11655,1.0,0.0
11656,1.0,0.0
11657,0.5625,0.4375
11658,1.0,0.0
11659,0.0,1.0
11660,1.0,0.0
11661,1.0,0.0
11662,1.0,0.0
11663,0.0,1.0
11664,0.33333333333333337,0.6666666666666666
11665,0.0,1.0
11666,0.5,0.5
11667,1.0,0.0
11668,0.0,1.0
11669,0.33333333333333337,0.6666666666666666
11670,0.0,1.0
11671,0.0,1.0
11672,1.0,0.0
11673,0.875,0.125
11674,0.5,0.5
11675,1.0,0.0
11676,1.0,0.0
11677,1.0,0.0
11678,1.0,0.0
11679,1.0,0.0
11680,0.5,0.5
11681,0.55,0.45
11682,0.8333333333333334,0.16666666666666666
11683,1.0,0.0
11684,1.0,0.0
11685,1.0,0.0
11686,1.0,0.0
11687,0.5,0.5
11688,1.0,0.0
11689,0.0,1.0
11690,0.125,0.875
11691,0.0,1.0
11692,0.0,1.0
11693,0.0,1.0
11694,0.25,0.75
11695,0.0,1.0
11696,0.5,0.5
11697,0.6,0.4
11698,0.75,0.25
11699,1.0,0.0
11700,0.5,0.5
11701,0.5,0.5
11702,0.0,1.0
11703,1.0,0.0
11704,0.5,0.5
11705,1.0,0.0
11706,1.0,0.0
11707,1.0,0.0
11708,0.6521739130434783,0.34782608695652173
11709,0.7109375,0.2890625
11710,0.75,0.25
11711,0.5,0.5
11712,1.0,0.0
11713,0.33333333333333337,0.6666666666666666
11714,0.5,0.5
11715,0.25,0.75
11716,0.5,0.5
11717,0.0,1.0
11718,1.0,0.0
11719,0.8125,0.1875
11720,1.0,0.0
11721,0.75,0.25
11722,1.0,0.0
11723,0.5,0.5
11724,1.0,0.0
11725,1.0,0.0
11726,1.0,0.0
11727,1.0,0.0
11728,0.5,0.5
11729,1.0,0.0
11730,0.0,1.0
11731,0.25,0.75
11732,0.0,1.0
11733,0.5,0.5
11734,1.0,0.0
11735,1.0,0.0
11736,1.0,0.0
11737,1.0,0.0
11738,1.0,0.0
11739,1.0,0.0
11740,0.7,0.3
11741,1.0,0.0
11742,0.6842105263157895,0.3157894736842105
11743,1.0,0.0
11744,0.6666666666666667,0.3333333333333333
11745,1.0,0.0
11746,1.0,0.0
11747,1.0,0.0
11748,0.5,0.5
11749,1.0,0.0
11750,0.25,0.75
11751,0.5,0.5
11752,0.0,1.0
11753,0.5,0.5
11754,0.5,0.5
11755,0.5,0.5
11756,0.5,0.5
11757,0.8,0.2
11758,1.0,0.0
11759,1.0,0.0
11760,0.75,0.25
11761,1.0,0.0
11762,0.5,0.5
11763,0.5,0.5
11764,0.625,0.375
11765,0.75,0.25
11766,1.0,0.0
11767,0.5,0.5
11768,0.5,0.5
11769,1.0,0.0
11770,0.0,1.0
11771,0.6842105263157895,0.3157894736842105
11772,0.75,0.25
11773,0.0,1.0
11774,0.8181818181818181,0.18181818181818182
11775,1.0,0.0
11776,0.5,0.5
11777,0.5,0.5
11778,1.0,0.0
11779,0.5,0.5
11780,1.0,0.0
11781,1.0,0.0
11782,1.0,0.0
11783,0.75,0.25
11784,0.5,0.5
11785,1.0,0.0
11786,1.0,0.0
11787,0.5714285714285714,0.42857142857142855
11788,0.0,1.0
11789,0.0,1.0
11790,0.0,1.0
11791,0.8,0.2
11792,1.0,0.0
11793,1.0,0.0
11794,1.0,0.0
11795,0.6666666666666667,0.3333333333333333
11796,1.0,0.0
11797,1.0,0.0
11798,1.0,0.0
11799,0.0,1.0
11800,0.8,0.2
11801,0.75,0.25
11802,0.8333333333333334,0.16666666666666666
11803,1.0,0.0
11804,1.0,0.0
11805,1.0,0.0
11806,0.5,0.5
11807,0.5,0.5
11808,1.0,0.0
11809,0.5178571428571428,0.48214285714285715
11810,0.6666666666666667,0.3333333333333333
11811,0.75,0.25
11812,0.5,0.5
11813,1.0,0.0
11814,0.5,0.5
11815,1.0,0.0
11816,0.5,0.5
11817,1.0,0.0
11818,0.0,1.0
11819,0.5,0.5
11820,0.0,1.0
11821,1.0,0.0
11822,1.0,0.0
11823,1.0,0.0
11824,0.25,0.75
11825,0.5,0.5
11826,0.0,1.0
11827,0.5909090909090908,0.4090909090909091
11828,0.75,0.25
11829,1.0,0.0
11830,0.5,0.5
11831,0.5555555555555556,0.4444444444444444
11832,0.5,0.5
11833,0.5625,0.4375
11834,0.5,0.5
11835,0.5714285714285714,0.42857142857142855
11836,0.0,1.0
11837,0.0,1.0
11838,0.0,1.0
11839,0.8,0.2
11840,1.0,0.0
11841,0.75,0.25
11842,0.75,0.25
11843,0.5,0.5
11844,1.0,0.0
11845,0.75,0.25
11846,0.5,0.5
11847,1.0,0.0
11848,0.33333333333333337,0.6666666666666666
11849,0.5,0.5
11850,0.0,1.0
11851,0.5,0.5
11852,0.16666666666666663,0.8333333333333334
11853,0.25,0.75
11854,0.0,1.0
11855,0.5,0.5
11856,0.0,1.0
11857,0.5817438692098093,0.41825613079019075
11858,0.5966850828729282,0.40331491712707185
11859,0.5963455149501662,0.40365448504983387
11860,0.6551724137931034,0.3448275862068966
11861,0.6538461538461539,0.34615384615384615
11862,0.6190476190476191,0.38095238095238093
11863,0.75,0.25
11864,1.0,0.0
11865,0.5,0.5
11866,0.6052631578947368,0.39473684210526316
11867,1.0,0.0
11868,0.0,1.0
11869,0.5,0.5
11870,0.0,1.0
11871,0.0,1.0
11872,0.875,0.125
11873,1.0,0.0
11874,0.8333333333333334,0.16666666666666666
11875,1.0,0.0
11876,0.75,0.25
11877,1.0,0.0
11878,0.5,0.5
11879,0.8333333333333334,0.16666666666666666
11880,0.75,0.25
11881,1.0,0.0
11882,0.5,0.5
11883,1.0,0.0
11884,0.5,0.5
11885,0.0,1.0
11886,1.0,0.0
11887,0.0,1.0
11888,0.0,1.0
11889,0.0,1.0
11890,1.0,0.0
11891,1.0,0.0
11892,1.0,0.0
11893,1.0,0.0
11894,1.0,0.0
11895,0.6774193548387097,0.3225806451612903
11896,0.5,0.5
11897,1.0,0.0
11898,0.25,0.75
11899,0.0,1.0
11900,0.5,0.5
11901,0.8333333333333334,0.16666666666666666
11902,1.0,0.0
11903,0.75,0.25
11904,0.5,0.5
11905,1.0,0.0
11906,0.5833333333333333,0.4166666666666667
11907,1.0,0.0
11908,0.0,1.0
11909,0.0,1.0
11910,0.0,1.0
11911,0.8333333333333334,0.16666666666666666
11912,0.75,0.25
11913,1.0,0.0
11914,0.5,0.5
11915,1.0,0.0
11916,0.7,0.3
11917,0.0,1.0
11918,0.75,0.25
11919,1.0,0.0
11920,1.0,0.0
11921,1.0,0.0
11922,0.5,0.5
11923,0.0,1.0
11924,1.0,0.0
11925,0.75,0.25
11926,0.8571428571428572,0.14285714285714285
11927,1.0,0.0
11928,0.8333333333333334,0.16666666666666666
11929,0.6666666666666667,0.3333333333333333
11930,0.5,0.5
11931,1.0,0.0
11932,0.0,1.0
11933,1.0,0.0
11934,1.0,0.0
11935,1.0,0.0
11936,1.0,0.0
11937,1.0,0.0
11938,0.5,0.5
11939,0.25,0.75
11940,0.5,0.5
11941,0.0,1.0
11942,1.0,0.0
11943,0.75,0.25
11944,0.5,0.5
11945,0.5,0.5
11946,0.5,0.5
11947,1.0,0.0
11948,1.0,0.0
11949,1.0,0.0
11950,0.6666666666666667,0.3333333333333333
11951,0.5,0.5
11952,1.0,0.0
11953,0.0,1.0
11954,0.6666666666666667,0.3333333333333333
11955,1.0,0.0
11956,1.0,0.0
11957,1.0,0.0
11958,0.0,1.0
11959,0.625,0.375
11960,1.0,0.0
11961,0.5,0.5
11962,0.25,0.75
11963,0.0,1.0
11964,0.5,0.5
11965,1.0,0.0
11966,0.5,0.5
11967,0.5,0.5
11968,0.5,0.5
11969,0.25,0.75
11970,0.0,1.0
11971,0.5,0.5
11972,1.0,0.0
11973,1.0,0.0
11974,1.0,0.0
11975,1.0,0.0
11976,1.0,0.0
11977,1.0,0.0
11978,1.0,0.0
11979,0.5,0.5
11980,1.0,0.0
11981,0.0,1.0
11982,0.75,0.25
11983,0.5,0.5
11984,1.0,0.0
11985,0.6666666666666667,0.3333333333333333
11986,0.5,0.5
11987,0.75,0.25
11988,0.5,0.5
11989,1.0,0.0
11990,0.6363636363636364,0.36363636363636365
11991,1.0,0.0
11992,1.0,0.0
11993,1.0,0.0
11994,0.75,0.25
11995,1.0,0.0
11996,0.5,0.5
11997,1.0,0.0
11998,0.5,0.5
11999,0.0,1.0
12000,1.0,0.0
12001,0.5,0.5
12002,1.0,0.0
12003,0.25,0.75
12004,0.0,1.0
12005,0.5,0.5
12006,0.0,1.0
12007,0.5634920634920635,0.4365079365079365
12008,0.7173913043478262,0.2826086956521739
12009,0.5,0.5
12010,0.0,1.0
12011,1.0,0.0
12012,0.7857142857142857,0.21428571428571427
12013,0.6666666666666667,0.3333333333333333
12014,1.0,0.0
12015,0.5,0.5
12016,1.0,0.0
12017,0.0,1.0
12018,0.875,0.125
12019,1.0,0.0
12020,1.0,0.0
12021,1.0,0.0
12022,0.75,0.25
12023,0.5,0.5
12024,1.0,0.0
12025,0.5,0.5
12026,0.6,0.4
12027,0.5,0.5
12028,0.0,1.0
12029,1.0,0.0
12030,0.6666666666666667,0.3333333333333333
12031,0.5,0.5
12032,1.0,0.0
12033,0.0,1.0
12034,1.0,0.0
12035,0.8333333333333334,0.16666666666666666
12036,1.0,0.0
12037,0.0,1.0
12038,1.0,0.0
12039,1.0,0.0
12040,1.0,0.0
12041,1.0,0.0
12042,1.0,0.0
12043,1.0,0.0
12044,0.75,0.25
12045,0.5,0.5
12046,1.0,0.0
12047,0.475,0.525
12048,0.4772727272727273,0.5227272727272727
12049,0.0,1.0
12050,0.5,0.5
12051,0.5625,0.4375
12052,0.0,1.0
12053,1.0,0.0
12054,0.5833333333333333,0.4166666666666667
12055,1.0,0.0
12056,0.5,0.5
12057,0.0,1.0
12058,1.0,0.0
12059,1.0,0.0
12060,0.25,0.75
12061,0.5,0.5
12062,0.0,1.0
12063,0.46153846153846156,0.5384615384615384
12064,0.5,0.5
12065,0.25,0.75
12066,0.0,1.0
12067,0.5,0.5
12068,0.625,0.375
12069,0.5,0.5
12070,1.0,0.0
12071,0.0,1.0
12072,0.5,0.5
12073,1.0,0.0
12074,0.4285714285714286,0.5714285714285714
12075,0.5,0.5
12076,0.5,0.5
12077,0.5,0.5
12078,0.33333333333333337,0.6666666666666666
12079,0.5,0.5
12080,1.0,0.0
12081,0.0,1.0
12082,0.0,1.0
12083,0.5,0.5
12084,0.4722222222222222,0.5277777777777778
12085,0.47058823529411764,0.5294117647058824
12086,1.0,0.0
12087,0.0,1.0
12088,0.5,0.5
12089,0.5,0.5
12090,0.0,1.0
12091,0.75,0.25
12092,0.5,0.5
12093,1.0,0.0
12094,1.0,0.0
12095,1.0,0.0
12096,0.125,0.875
12097,0.0,1.0
12098,0.16666666666666663,0.8333333333333334
12099,0.0,1.0
12100,0.25,0.75
12101,0.5,0.5
12102,0.0,1.0
12103,0.5,0.5
12104,0.5,0.5
12105,0.5,0.5
12106,0.5,0.5
12107,0.5,0.5
12108,0.5,0.5
12109,0.5,0.5
12110,0.5,0.5
12111,0.5576923076923077,0.4423076923076923
12112,0.4411764705882353,0.5588235294117647
12113,0.5,0.5
12114,0.25,0.75
12115,0.0,1.0
12116,0.5,0.5
12117,1.0,0.0
12118,0.4285714285714286,0.5714285714285714
12119,1.0,0.0
12120,0.5625,0.4375
12121,0.6666666666666667,0.3333333333333333
12122,1.0,0.0
12123,0.5,0.5
12124,1.0,0.0
12125,0.0,1.0
12126,0.0,1.0
12127,0.75,0.25
12128,0.5,0.5
12129,1.0,0.0
12130,0.5,0.5
12131,0.0,1.0
12132,1.0,0.0
12133,0.09999999999999998,0.9
12134,0.0,1.0
12135,0.0,1.0
12136,0.16666666666666663,0.8333333333333334
12137,0.25,0.75
12138,0.0,1.0
12139,0.5,0.5
12140,0.0,1.0
12141,0.6428571428571428,0.35714285714285715
12142,1.0,0.0
12143,0.6296296296296297,0.37037037037037035
12144,0.8333333333333334,0.16666666666666666
12145,1.0,0.0
12146,0.75,0.25
12147,1.0,0.0
12148,0.5,0.5
12149,0.75,0.25
12150,0.5,0.5
12151,1.0,0.0
12152,0.5,0.5
12153,1.0,0.0
12154,0.0,1.0
12155,0.5,0.5
12156,0.5,0.5
12157,0.0,1.0
12158,1.0,0.0
12159,0.6176470588235294,0.38235294117647056
12160,0.625,0.375
12161,1.0,0.0
12162,0.5,0.5
12163,0.6071428571428572,0.39285714285714285
12164,0.41666666666666663,0.5833333333333334
12165,0.4,0.6
12166,0.0,1.0
12167,0.5,0.5
12168,0.5,0.5
12169,0.5,0.5
12170,0.5,0.5
12171,0.5,0.5
12172,0.5,0.5
12173,0.5,0.5
12174,0.75,0.25
12175,0.0,1.0
12176,1.0,0.0
12177,1.0,0.0
12178,1.0,0.0
12179,1.0,0.0
12180,1.0,0.0
12181,1.0,0.0
12182,1.0,0.0
12183,0.5,0.5
12184,0.0,1.0
12185,1.0,0.0
12186,0.5,0.5
12187,0.5,0.5
12188,0.5,0.5
12189,0.5,0.5
12190,0.5,0.5
12191,1.0,0.0
12192,0.0,1.0
12193,0.5,0.5
12194,0.5,0.5
12195,0.75,0.25
12196,1.0,0.0
12197,0.5,0.5
12198,0.0,1.0
12199,0.5858585858585859,0.41414141414141414
12200,0.5614035087719298,0.43859649122807015
12201,0.537037037037037,0.46296296296296297
12202,0.5,0.5
12203,1.0,0.0
12204,1.0,0.0
12205,0.75,0.25
12206,1.0,0.0
12207,0.5,0.5
12208,0.5,0.5
12209,0.5,0.5
12210,0.5,0.5
12211,0.5,0.5
12212,0.5,0.5
12213,0.25,0.75
12214,0.5,0.5
12215,0.0,1.0
12216,0.6666666666666667,0.3333333333333333
12217,0.75,0.25
12218,1.0,0.0
12219,0.5,0.5
12220,0.5,0.5
12221,0.5,0.5
12222,0.0,1.0
12223,0.0,1.0
12224,0.0,1.0
12225,0.75,0.25
12226,0.5,0.5
12227,0.75,0.25
12228,0.5,0.5
12229,1.0,0.0
12230,1.0,0.0
12231,0.375,0.625
12232,0.33333333333333337,0.6666666666666666
12233,1.0,0.0
12234,0.0,1.0
12235,0.0,1.0
12236,0.5,0.5
12237,0.5,0.5
12238,1.0,0.0
12239,0.5,0.5
12240,0.25,0.75
12241,0.5,0.5
12242,0.0,1.0
12243,0.5263157894736843,0.47368421052631576
12244,0.5,0.5
12245,0.5,0.5
12246,0.75,0.25
12247,0.5,0.5
12248,1.0,0.0
12249,1.0,0.0
12250,0.75,0.25
12251,0.75,0.25
12252,1.0,0.0
12253,0.5,0.5
12254,0.75,0.25
12255,0.5,0.5
12256,1.0,0.0
12257,0.3571428571428571,0.6428571428571429
12258,0.41666666666666663,0.5833333333333334
12259,0.0,1.0
12260,0.5,0.5
12261,0.75,0.25
12262,1.0,0.0
12263,0.5,0.5
12264,0.5,0.5
12265,0.0,1.0
12266,1.0,0.0
12267,0.0,1.0
12268,0.0,1.0
12269,0.5,0.5
12270,0.0,1.0
12271,1.0,0.0
12272,0.0,1.0
12273,0.6818181818181819,0.3181818181818182
12274,0.5,0.5
12275,1.0,0.0
12276,0.0,1.0
12277,1.0,0.0
12278,0.0,1.0
12279,1.0,0.0
12280,0.5,0.5
12281,1.0,0.0
12282,1.0,0.0
12283,1.0,0.0
12284,1.0,0.0
12285,1.0,0.0
12286,1.0,0.0
12287,0.0,1.0
12288,0.6190476190476191,0.38095238095238093
12289,0.6388888888888888,0.3611111111111111
12290,0.5909090909090908,0.4090909090909091
12291,0.5,0.5
12292,0.625,0.375
12293,0.875,0.125
12294,1.0,0.0
12295,0.8333333333333334,0.16666666666666666
12296,1.0,0.0
12297,1.0,0.0
12298,1.0,0.0
12299,0.5,0.5
12300,0.375,0.625
12301,0.5,0.5
12302,0.25,0.75
12303,0.0,1.0
12304,0.5,0.5
12305,0.5,0.5
12306,0.5,0.5
12307,1.0,0.0
12308,0.0,1.0
12309,0.6599999999999999,0.34
12310,1.0,0.0
12311,1.0,0.0
12312,0.5,0.5
12313,0.25,0.75
12314,0.5,0.5
12315,0.0,1.0
12316,0.5,0.5
12317,0.5,0.5
12318,0.0,1.0
12319,1.0,0.0
12320,1.0,0.0
12321,1.0,0.0
12322,1.0,0.0
12323,1.0,0.0
12324,0.5555555555555556,0.4444444444444444
12325,0.5,0.5
12326,0.5,0.5
12327,0.5,0.5
12328,0.5,0.5
12329,0.33333333333333337,0.6666666666666666
12330,0.0,1.0
12331,0.5,0.5
12332,1.0,0.0
12333,0.0,1.0
12334,1.0,0.0
12335,0.5,0.5
12336,0.5,0.5
12337,0.5,0.5
12338,1.0,0.0
12339,0.8,0.2
12340,1.0,0.0
12341,0.75,0.25
12342,0.6666666666666667,0.3333333333333333
12343,0.75,0.25
12344,0.5,0.5
12345,1.0,0.0
12346,0.5,0.5
12347,1.0,0.0
12348,0.5,0.5
12349,0.33333333333333337,0.6666666666666666
12350,0.0,1.0
12351,0.0,1.0
12352,0.0,1.0
12353,1.0,0.0
12354,0.6666666666666667,0.3333333333333333
12355,0.5,0.5
12356,0.5,0.5
12357,0.5,0.5
12358,1.0,0.0
12359,0.6139896373056994,0.3860103626943005
12360,0.7115384615384616,0.28846153846153844
12361,0.6111111111111112,0.3888888888888889
12362,0.5,0.5
12363,0.5,0.5
12364,0.5,0.5
12365,0.6428571428571428,0.35714285714285715
12366,0.5,0.5
12367,0.0,1.0
12368,0.6666666666666667,0.3333333333333333
12369,0.0,1.0
12370,1.0,0.0
12371,1.0,0.0
12372,0.8333333333333334,0.16666666666666666
12373,0.5,0.5
12374,1.0,0.0
12375,1.0,0.0
12376,1.0,0.0
12377,0.5,0.5
12378,0.0,1.0
12379,1.0,0.0
12380,0.8,0.2
12381,1.0,0.0
12382,0.7,0.3
12383,0.75,0.25
12384,1.0,0.0
12385,1.0,0.0
12386,1.0,0.0
12387,1.0,0.0
12388,0.5,0.5
12389,0.5,0.5
12390,0.5,0.5
12391,0.5,0.5
12392,0.5,0.5
12393,0.625,0.375
12394,1.0,0.0
12395,0.5,0.5
12396,0.5,0.5
12397,0.5,0.5
12398,0.5,0.5
12399,0.5,0.5
12400,1.0,0.0
12401,1.0,0.0
12402,1.0,0.0
12403,1.0,0.0
12404,1.0,0.0
12405,1.0,0.0
12406,1.0,0.0
12407,0.5606060606060606,0.4393939393939394
12408,0.25,0.75
12409,0.25,0.75
12410,0.0,1.0
12411,0.5,0.5
12412,0.25,0.75
12413,0.0,1.0
12414,0.0,1.0
12415,0.5,0.5
12416,1.0,0.0
12417,0.0,1.0
12418,0.5,0.5
12419,0.0,1.0
12420,1.0,0.0
12421,0.625,0.375
12422,1.0,0.0
12423,1.0,0.0
12424,0.25,0.75
12425,0.5,0.5
12426,0.0,1.0
12427,0.6,0.4
12428,0.5,0.5
12429,0.5,0.5
12430,0.5,0.5
12431,0.0,1.0
12432,1.0,0.0
12433,1.0,0.0
12434,0.0,1.0
12435,0.6785714285714286,0.32142857142857145
12436,0.0,1.0
12437,0.75,0.25
12438,1.0,0.0
12439,0.5,0.5
12440,0.7272727272727273,0.2727272727272727
12441,0.6666666666666667,0.3333333333333333
12442,0.25,0.75
12443,0.0,1.0
12444,0.5,0.5
12445,0.7857142857142857,0.21428571428571427
12446,1.0,0.0
12447,0.5,0.5
12448,0.0,1.0
12449,1.0,0.0
12450,0.75,0.25
12451,0.5,0.5
12452,1.0,0.0
12453,1.0,0.0
12454,1.0,0.0
12455,1.0,0.0
12456,1.0,0.0
12457,1.0,0.0
12458,1.0,0.0
12459,1.0,0.0
12460,0.4473684210526315,0.5526315789473685
12461,0.46875,0.53125
12462,0.0,1.0
12463,0.0,1.0
12464,0.6666666666666667,0.3333333333333333
12465,0.75,0.25
12466,1.0,0.0
12467,0.6666666666666667,0.3333333333333333
12468,0.0,1.0
12469,1.0,0.0
12470,1.0,0.0
12471,1.0,0.0
12472,0.5,0.5
12473,1.0,0.0
12474,0.0,1.0
12475,0.5,0.5
12476,1.0,0.0
12477,0.5,0.5
12478,1.0,0.0
12479,0.5,0.5
12480,0.0,1.0
12481,1.0,0.0
12482,0.0,1.0
12483,0.25,0.75
12484,0.5,0.5
12485,0.0,1.0
12486,0.0,1.0
12487,0.33333333333333337,0.6666666666666666
12488,1.0,0.0
12489,0.0,1.0
12490,0.0,1.0
12491,0.6428571428571428,0.35714285714285715
12492,0.625,0.375
12493,0.5,0.5
12494,0.75,0.25
12495,0.5,0.5
12496,1.0,0.0
12497,0.5,0.5
12498,0.6666666666666667,0.3333333333333333
12499,1.0,0.0
12500,1.0,0.0
12501,1.0,0.0
12502,0.0,1.0
12503,0.5,0.5
12504,0.54,0.46
12505,0.25,0.75
12506,0.0,1.0
12507,0.5,0.5
12508,0.5652173913043479,0.43478260869565216
12509,0.5833333333333333,0.4166666666666667
12510,1.0,0.0
12511,0.5,0.5
12512,0.5,0.5
12513,0.75,0.25
12514,1.0,0.0
12515,0.5,0.5
12516,0.0,1.0
12517,0.5,0.5
12518,0.0,1.0
12519,0.6666666666666667,0.3333333333333333
12520,0.5,0.5
12521,0.0,1.0
12522,1.0,0.0
12523,1.0,0.0
12524,0.5,0.5
12525,0.5,0.5
12526,0.5,0.5
12527,1.0,0.0
12528,0.0,1.0
12529,1.0,0.0
12530,0.5454545454545454,0.45454545454545453
12531,0.5,0.5
12532,0.0,1.0
12533,1.0,0.0
12534,0.625,0.375
12535,0.0,1.0
12536,0.5,0.5
12537,1.0,0.0
12538,1.0,0.0
12539,1.0,0.0
12540,0.5,0.5
12541,1.0,0.0
12542,0.33333333333333337,0.6666666666666666
12543,1.0,0.0
12544,0.0,1.0
12545,0.0,1.0
12546,0.0,1.0
12547,0.5,0.5
12548,0.5,0.5
12549,0.5,0.5
12550,0.5,0.5
12551,0.0,1.0
12552,0.0,1.0
12553,0.0,1.0
12554,0.7,0.3
12555,0.6607142857142857,0.3392857142857143
12556,0.6,0.4
12557,1.0,0.0
12558,0.5,0.5
12559,0.33333333333333337,0.6666666666666666
12560,0.5,0.5
12561,0.5,0.5
12562,0.0,1.0
12563,1.0,0.0
12564,0.0,1.0
12565,0.0,1.0
12566,0.0,1.0
12567,0.6875,0.3125
12568,1.0,0.0
12569,1.0,0.0
12570,0.8333333333333334,0.16666666666666666
12571,1.0,0.0
12572,0.5,0.5
12573,1.0,0.0
12574,0.33333333333333337,0.6666666666666666
12575,1.0,0.0
12576,0.0,1.0
12577,0.0,1.0
12578,0.0,1.0
12579,1.0,0.0
12580,1.0,0.0
12581,1.0,0.0
12582,0.75,0.25
12583,0.5,0.5
12584,0.8333333333333334,0.16666666666666666
12585,1.0,0.0
12586,1.0,0.0
12587,1.0,0.0
12588,0.5,0.5
12589,0.75,0.25
12590,0.5,0.5
12591,0.5,0.5
12592,1.0,0.0
12593,1.0,0.0
12594,1.0,0.0
12595,0.6666666666666667,0.3333333333333333
12596,1.0,0.0
12597,0.5,0.5
12598,1.0,0.0
12599,0.0,1.0
12600,0.8571428571428572,0.14285714285714285
12601,0.9,0.1
12602,0.75,0.25
12603,1.0,0.0
12604,0.5,0.5
12605,1.0,0.0
12606,1.0,0.0
12607,1.0,0.0
12608,1.0,0.0
12609,0.75,0.25
12610,0.5,0.5
12611,1.0,0.0
12612,0.6704545454545454,0.32954545454545453
12613,1.0,0.0
12614,1.0,0.0
12615,1.0,0.0
12616,1.0,0.0
12617,1.0,0.0
12618,1.0,0.0
12619,1.0,0.0
12620,1.0,0.0
12621,0.75,0.25
12622,1.0,0.0
12623,0.6666666666666667,0.3333333333333333
12624,1.0,0.0
12625,1.0,0.0
12626,1.0,0.0
12627,0.0,1.0
12628,0.5,0.5
12629,0.5,0.5
12630,0.5,0.5
12631,0.5,0.5
12632,0.5,0.5
12633,1.0,0.0
12634,0.65625,0.34375
12635,1.0,0.0
12636,1.0,0.0
12637,1.0,0.0
12638,1.0,0.0
12639,1.0,0.0
12640,1.0,0.0
12641,0.0,1.0
12642,0.5833333333333333,0.4166666666666667
12643,0.5,0.5
12644,1.0,0.0
12645,0.5,0.5
12646,1.0,0.0
12647,0.0,1.0
12648,0.5,0.5
12649,0.5,0.5
12650,0.5,0.5
12651,0.6,0.4
12652,0.5,0.5
12653,0.625,0.375
12654,0.0,1.0
12655,1.0,0.0
12656,0.75,0.25
12657,0.5,0.5
12658,1.0,0.0
12659,0.6,0.4
12660,0.0,1.0
12661,1.0,0.0
12662,1.0,0.0
12663,0.5,0.5
12664,1.0,0.0
12665,0.0,1.0
12666,0.5,0.5
12667,0.5,0.5
12668,0.5,0.5
12669,0.5,0.5
12670,0.25,0.75
12671,0.0,1.0
12672,0.5,0.5
12673,0.5,0.5
12674,1.0,0.0
12675,0.0,1.0
12676,1.0,0.0
12677,0.75,0.25
12678,0.5,0.5
12679,1.0,0.0
12680,0.5516304347826086,0.4483695652173913
12681,0.5071428571428571,0.4928571428571429
12682,0.5073529411764706,0.49264705882352944
12683,0.49,0.51
12684,0.5555555555555556,0.4444444444444444
12685,0.5,0.5
12686,0.0,1.0
12687,0.0,1.0
12688,0.0,1.0
12689,1.0,0.0
12690,0.33333333333333337,0.6666666666666666
12691,1.0,0.0
12692,0.0,1.0
12693,0.0,1.0
12694,0.0,1.0
12695,0.0,1.0
12696,0.0,1.0
12697,0.8333333333333334,0.16666666666666666
12698,1.0,0.0
12699,1.0,0.0
12700,0.5,0.5
12701,0.8333333333333334,0.16666666666666666
12702,0.5,0.5
12703,1.0,0.0
12704,1.0,0.0
12705,0.5,0.5
12706,1.0,0.0
12707,0.5,0.5
12708,0.0,1.0
12709,0.75,0.25
12710,1.0,0.0
12711,0.5,0.5
12712,0.0,1.0
12713,0.6153846153846154,0.38461538461538464
12714,0.5,0.5
12715,0.5,0.5
12716,0.5,0.5
12717,0.5,0.5
12718,0.5,0.5
12719,0.6666666666666667,0.3333333333333333
12720,1.0,0.0
12721,0.0,1.0
12722,1.0,0.0
12723,0.5,0.5
12724,0.0,1.0
12725,1.0,0.0
12726,1.0,0.0
12727,1.0,0.0
12728,0.5,0.5
12729,0.5,0.5
12730,0.5,0.5
12731,0.6666666666666667,0.3333333333333333
12732,1.0,0.0
12733,1.0,0.0
12734,1.0,0.0
12735,0.0,1.0
12736,0.36363636363636365,0.6363636363636364
12737,0.5,0.5
12738,0.5,0.5
12739,1.0,0.0
12740,0.0,1.0
12741,0.0,1.0
12742,0.0,1.0
12743,0.25,0.75
12744,0.0,1.0
12745,0.5,0.5
12746,0.5,0.5
12747,0.5,0.5
12748,0.5,0.5
12749,0.5,0.5
12750,0.5,0.5
12751,0.16666666666666663,0.8333333333333334
12752,0.5,0.5
12753,0.0,1.0
12754,0.0,1.0
12755,0.5555555555555556,0.4444444444444444
12756,0.5909090909090908,0.4090909090909091
12757,0.0,1.0
12758,0.5,0.5
12759,0.5,0.5
12760,0.5,0.5
12761,1.0,0.0
12762,1.0,0.0
12763,1.0,0.0
12764,0.0,1.0
12765,0.5,0.5
12766,0.0,1.0
12767,1.0,0.0
12768,1.0,0.0
12769,0.5,0.5
12770,0.5,0.5
12771,0.5,0.5
12772,0.5,0.5
12773,0.5,0.5
12774,0.5,0.5
12775,0.5,0.5
12776,1.0,0.0
12777,0.0,1.0
12778,0.0,1.0
12779,1.0,0.0
12780,0.5,0.5
12781,0.5,0.5
12782,0.5,0.5
12783,0.5789473684210527,0.42105263157894735
12784,0.6129032258064516,0.3870967741935484
12785,0.6083333333333334,0.39166666666666666
12786,0.6016949152542372,0.3983050847457627
12787,0.5,0.5
12788,0.8333333333333334,0.16666666666666666
12789,0.75,0.25
12790,1.0,0.0
12791,0.5,0.5
12792,1.0,0.0
12793,0.5,0.5
12794,0.5,0.5
12795,0.0,1.0
12796,0.0,1.0
12797,1.0,0.0
12798,1.0,0.0
12799,1.0,0.0
12800,0.25,0.75
12801,0.5,0.5
12802,0.5,0.5
12803,0.0,1.0
12804,0.0,1.0
12805,0.0,1.0
12806,0.52,0.48
12807,0.75,0.25
12808,0.5,0.5
12809,1.0,0.0
12810,0.75,0.25
12811,0.5,0.5
12812,1.0,0.0
12813,0.75,0.25
12814,0.5,0.5
12815,1.0,0.0
12816,1.0,0.0
12817,0.25,0.75
12818,0.5,0.5
12819,0.0,1.0
12820,0.5,0.5
12821,0.5,0.5
12822,0.5,0.5
12823,0.5,0.5
12824,0.0,1.0
12825,1.0,0.0
12826,0.0,1.0
12827,0.5,0.5
12828,0.5,0.5
12829,0.0,1.0
12830,0.6666666666666667,0.3333333333333333
12831,1.0,0.0
12832,0.0,1.0
12833,1.0,0.0
12834,0.5,0.5
12835,0.4,0.6
12836,0.5,0.5
12837,0.5,0.5
12838,0.5,0.5
12839,0.5,0.5
12840,0.0,1.0
12841,0.5,0.5
12842,0.7619047619047619,0.23809523809523808
12843,0.75,0.25
12844,0.75,0.25
12845,0.5,0.5
12846,1.0,0.0
12847,0.75,0.25
12848,1.0,0.0
12849,1.0,0.0
12850,0.5,0.5
12851,1.0,0.0
12852,0.0,1.0
12853,1.0,0.0
12854,0.5,0.5
12855,1.0,0.0
12856,0.75,0.25
12857,1.0,0.0
12858,0.7142857142857143,0.2857142857142857
12859,1.0,0.0
12860,0.6666666666666667,0.3333333333333333
12861,0.5,0.5
12862,0.7,0.3
12863,0.75,0.25
12864,1.0,0.0
12865,0.5,0.5
12866,0.75,0.25
12867,0.5,0.5
12868,1.0,0.0
12869,0.5,0.5
12870,0.6666666666666667,0.3333333333333333
12871,1.0,0.0
12872,0.5,0.5
12873,0.0,1.0
12874,1.0,0.0
12875,1.0,0.0
12876,1.0,0.0
12877,0.75,0.25
12878,0.5,0.5
12879,1.0,0.0
12880,0.5384615384615384,0.46153846153846156
12881,0.5348837209302326,0.46511627906976744
12882,0.5238095238095238,0.47619047619047616
12883,0.5694444444444444,0.4305555555555556
12884,0.5,0.5
12885,1.0,0.0
12886,0.5,0.5
12887,0.0,1.0
12888,1.0,0.0
12889,0.0,1.0
12890,0.578125,0.421875
12891,0.75,0.25
12892,1.0,0.0
12893,0.5,0.5
12894,0.5666666666666667,0.43333333333333335
12895,1.0,0.0
12896,0.0,1.0
12897,0.6666666666666667,0.3333333333333333
12898,0.0,1.0
12899,1.0,0.0
12900,1.0,0.0
12901,1.0,0.0
12902,1.0,0.0
12903,0.0,1.0
12904,0.5,0.5
12905,0.0,1.0
12906,1.0,0.0
12907,0.75,0.25
12908,1.0,0.0
12909,0.5,0.5
12910,0.5909090909090908,0.4090909090909091
12911,0.75,0.25
12912,1.0,0.0
12913,0.5,0.5
12914,0.5555555555555556,0.4444444444444444
12915,0.5,0.5
12916,1.0,0.0
12917,0.0,1.0
12918,0.5833333333333333,0.4166666666666667
12919,0.0,1.0
12920,0.7,0.3
12921,0.625,0.375
12922,0.75,0.25
12923,0.5,0.5
12924,1.0,0.0
12925,0.5,0.5
12926,1.0,0.0
12927,0.0,1.0
12928,1.0,0.0
12929,0.5,0.5
12930,0.41666666666666663,0.5833333333333334
12931,0.5,0.5
12932,0.0,1.0
12933,0.5,0.5
12934,0.5,0.5
12935,1.0,0.0
12936,0.0,1.0
12937,1.0,0.0
12938,0.0,1.0
12939,0.75,0.25
12940,0.5,0.5
12941,1.0,0.0
12942,0.25,0.75
12943,1.0,0.0
12944,0.09999999999999998,0.9
12945,0.0,1.0
12946,0.0,1.0
12947,0.0,1.0
12948,0.16666666666666663,0.8333333333333334
12949,0.0,1.0
12950,0.25,0.75
12951,0.0,1.0
12952,0.5,0.5
12953,1.0,0.0
12954,0.5555555555555556,0.4444444444444444
12955,1.0,0.0
12956,0.5,0.5
12957,0.5,0.5
12958,0.0,1.0
12959,0.5833333333333333,0.4166666666666667
12960,0.25,0.75
12961,0.0,1.0
12962,0.5,0.5
12963,1.0,0.0
12964,0.6666666666666667,0.3333333333333333
12965,0.75,0.25
12966,0.5,0.5
12967,1.0,0.0
12968,0.5,0.5
12969,0.6189427312775331,0.381057268722467
12970,0.6666666666666667,0.3333333333333333
12971,0.8,0.2
12972,0.0,1.0
12973,1.0,0.0
12974,1.0,0.0
12975,1.0,0.0
12976,1.0,0.0
12977,1.0,0.0
12978,1.0,0.0
12979,1.0,0.0
12980,0.5833333333333333,0.4166666666666667
12981,0.5,0.5
12982,0.5909090909090908,0.4090909090909091
12983,0.0,1.0
12984,0.5,0.5
12985,1.0,0.0
12986,1.0,0.0
12987,0.16666666666666663,0.8333333333333334
12988,0.5,0.5
12989,0.0,1.0
12990,0.0,1.0
12991,0.0,1.0
12992,1.0,0.0
12993,1.0,0.0
12994,1.0,0.0
12995,0.75,0.25
12996,1.0,0.0
12997,0.5,0.5
12998,0.75,0.25
12999,1.0,0.0
13000,0.5,0.5
13001,0.0,1.0
13002,1.0,0.0
13003,1.0,0.0
13004,0.5555555555555556,0.4444444444444444
13005,0.5238095238095238,0.47619047619047616
13006,0.5,0.5
13007,0.5,0.5
13008,0.5,0.5
13009,0.5,0.5
13010,1.0,0.0
13011,0.5,0.5
13012,0.0,1.0
13013,0.53125,0.46875
13014,0.625,0.375
13015,0.9,0.1
13016,1.0,0.0
13017,1.0,0.0
13018,1.0,0.0
13019,1.0,0.0
13020,1.0,0.0
13021,1.0,0.0
13022,0.5,0.5
13023,0.4285714285714286,0.5714285714285714
13024,0.5,0.5
13025,0.5,0.5
13026,0.25,0.75
13027,0.0,1.0
13028,0.5,0.5
13029,1.0,0.0
13030,0.5,0.5
13031,0.5,0.5
13032,0.5,0.5
13033,0.0,1.0
13034,1.0,0.0
13035,0.0,1.0
13036,0.0,1.0
13037,0.33333333333333337,0.6666666666666666
13038,0.0,1.0
13039,0.0,1.0
13040,1.0,0.0
13041,0.5833333333333333,0.4166666666666667
13042,0.5,0.5
13043,0.0,1.0
13044,1.0,0.0
13045,1.0,0.0
13046,1.0,0.0
13047,1.0,0.0
13048,0.0,1.0
13049,1.0,0.0
13050,1.0,0.0
13051,1.0,0.0
13052,0.75,0.25
13053,1.0,0.0
13054,0.5,0.5
13055,1.0,0.0
13056,1.0,0.0
13057,1.0,0.0
13058,0.5,0.5
13059,0.33333333333333337,0.6666666666666666
13060,1.0,0.0
13061,0.0,1.0
13062,0.0,1.0
13063,0.0,1.0
13064,1.0,0.0
13065,0.75,0.25
13066,0.5,0.5
13067,1.0,0.0
13068,0.30000000000000004,0.7
13069,0.0,1.0
13070,0.375,0.625
13071,0.0,1.0
13072,0.5,0.5
13073,0.5,0.5
13074,0.5,0.5
13075,1.0,0.0
13076,0.0,1.0
13077,0.25,0.75
13078,0.0,1.0
13079,0.5,0.5
13080,0.30000000000000004,0.7
13081,0.0,1.0
13082,0.0,1.0
13083,0.0,1.0
13084,0.5,0.5
13085,0.5,0.5
13086,1.0,0.0
13087,0.0,1.0
13088,0.6964285714285714,0.30357142857142855
13089,1.0,0.0
13090,0.7045454545454546,0.29545454545454547
13091,0.6904761904761905,0.30952380952380953
13092,0.0,1.0
13093,0.0,1.0
13094,1.0,0.0
13095,0.5,0.5
13096,0.5,0.5
13097,0.5,0.5
13098,0.5,0.5
13099,1.0,0.0
13100,0.0,1.0
13101,1.0,0.0
13102,1.0,0.0
13103,1.0,0.0
13104,0.875,0.125
13105,0.8333333333333334,0.16666666666666666
13106,1.0,0.0
13107,0.75,0.25
13108,1.0,0.0
13109,0.5,0.5
13110,1.0,0.0
13111,1.0,0.0
13112,0.9,0.1
13113,1.0,0.0
13114,1.0,0.0
13115,1.0,0.0
13116,0.75,0.25
13117,1.0,0.0
13118,0.5,0.5
13119,1.0,0.0
13120,0.25,0.75
13121,0.0,1.0
13122,0.5,0.5
13123,1.0,0.0
13124,0.6,0.4
13125,1.0,0.0
13126,0.5,0.5
13127,1.0,0.0
13128,0.5,0.5
13129,0.0,1.0
13130,1.0,0.0
13131,0.0,1.0
13132,0.45238095238095233,0.5476190476190477
13133,0.0,1.0
13134,0.0,1.0
13135,0.5,0.5
13136,0.5833333333333333,0.4166666666666667
13137,0.5,0.5
13138,0.5,0.5
13139,0.625,0.375
13140,1.0,0.0
13141,0.5,0.5
13142,0.5,0.5
13143,0.5,0.5
13144,0.5,0.5
13145,0.5,0.5
13146,0.16666666666666663,0.8333333333333334
13147,0.25,0.75
13148,0.0,1.0
13149,0.5,0.5
13150,0.0,1.0
13151,0.75,0.25
13152,0.5,0.5
13153,1.0,0.0
13154,0.375,0.625
13155,1.0,0.0
13156,0.0,1.0
13157,0.0,1.0
13158,0.0,1.0
13159,0.5,0.5
13160,0.75,0.25
13161,1.0,0.0
13162,0.5,0.5
13163,0.875,0.125
13164,0.5,0.5
13165,0.0,1.0
13166,1.0,0.0
13167,1.0,0.0
13168,1.0,0.0
13169,1.0,0.0
13170,1.0,0.0
13171,1.0,0.0
13172,1.0,0.0
13173,1.0,0.0
13174,1.0,0.0
13175,1.0,0.0
13176,0.75,0.25
13177,0.5,0.5
13178,1.0,0.0
13179,1.0,0.0
13180,1.0,0.0
13181,1.0,0.0
13182,1.0,0.0
13183,1.0,0.0
13184,1.0,0.0
13185,1.0,0.0
13186,1.0,0.0
13187,0.7608695652173914,0.2391304347826087
13188,1.0,0.0
13189,0.75,0.25
13190,1.0,0.0
13191,0.5,0.5
13192,0.5,0.5
13193,0.0,1.0
13194,1.0,0.0
13195,1.0,0.0
13196,1.0,0.0
13197,1.0,0.0
13198,1.0,0.0
13199,1.0,0.0
13200,0.5,0.5
13201,1.0,0.0
13202,0.5,0.5
13203,0.0,1.0
13204,1.0,0.0
13205,1.0,0.0
13206,1.0,0.0
13207,0.75,0.25
13208,0.5,0.5
13209,1.0,0.0
13210,0.6666666666666667,0.3333333333333333
13211,0.8,0.2
13212,1.0,0.0
13213,0.5,0.5
13214,1.0,0.0
13215,0.75,0.25
13216,0.5,0.5
13217,1.0,0.0
13218,0.0,1.0
13219,1.0,0.0
13220,1.0,0.0
13221,1.0,0.0
13222,0.5319148936170213,0.46808510638297873
13223,0.6666666666666667,0.3333333333333333
13224,0.5,0.5
13225,0.75,0.25
13226,1.0,0.0
13227,0.5,0.5
13228,0.5227272727272727,0.4772727272727273
13229,0.5217391304347826,0.4782608695652174
13230,0.5333333333333333,0.4666666666666667
13231,0.0,1.0
13232,0.5714285714285714,0.42857142857142855
13233,1.0,0.0
13234,0.0,1.0
13235,1.0,0.0
13236,1.0,0.0
13237,0.75,0.25
13238,0.5,0.5
13239,1.0,0.0
13240,1.0,0.0
13241,0.16666666666666663,0.8333333333333334
13242,0.25,0.75
13243,0.5,0.5
13244,0.0,1.0
13245,0.0,1.0
13246,0.0,1.0
13247,0.5,0.5
13248,1.0,0.0
13249,0.0,1.0
13250,1.0,0.0
13251,0.4,0.6
13252,0.33333333333333337,0.6666666666666666
13253,0.5,0.5
13254,0.5,0.5
13255,0.0,1.0
13256,0.5,0.5
13257,0.0,1.0
13258,1.0,0.0
13259,0.6666666666666667,0.3333333333333333
13260,1.0,0.0
13261,1.0,0.0
13262,1.0,0.0
13263,0.0,1.0
13264,0.5238095238095238,0.47619047619047616
13265,0.16666666666666663,0.8333333333333334
13266,0.5,0.5
13267,0.0,1.0
13268,0.0,1.0
13269,0.5714285714285714,0.42857142857142855
13270,0.0,1.0
13271,1.0,0.0
13272,1.0,0.0
13273,1.0,0.0
13274,0.0,1.0
13275,0.0,1.0
13276,1.0,0.0
13277,0.0,1.0
13278,0.875,0.125
13279,0.5,0.5
13280,1.0,0.0
13281,1.0,0.0
13282,1.0,0.0
13283,1.0,0.0
13284,0.5,0.5
13285,0.5,0.5
13286,0.5,0.5
13287,1.0,0.0
13288,0.0,1.0
13289,0.625,0.375
13290,1.0,0.0
13291,0.5,0.5
13292,0.5,0.5
13293,0.5,0.5
13294,0.0,1.0
13295,1.0,0.0
13296,0.6904761904761905,0.30952380952380953
13297,0.9166666666666666,0.08333333333333333
13298,1.0,0.0
13299,1.0,0.0
13300,1.0,0.0
13301,0.75,0.25
13302,0.5,0.5
13303,1.0,0.0
13304,1.0,0.0
13305,0.5,0.5
13306,1.0,0.0
13307,0.0,1.0
13308,0.5909090909090908,0.4090909090909091
13309,0.5,0.5
13310,0.6,0.4
13311,1.0,0.0
13312,0.0,1.0
13313,0.0,1.0
13314,1.0,0.0
13315,1.0,0.0
13316,1.0,0.0
13317,0.33333333333333337,0.6666666666666666
13318,0.0,1.0
13319,0.0,1.0
13320,1.0,0.0
13321,1.0,0.0
13322,0.75,0.25
13323,1.0,0.0
13324,0.5,0.5
13325,0.6013171225937184,0.39868287740628167
13326,0.6039603960396039,0.39603960396039606
13327,0.5,0.5
13328,0.16666666666666663,0.8333333333333334
13329,0.5,0.5
13330,0.0,1.0
13331,0.0,1.0
13332,0.0,1.0
13333,0.8333333333333334,0.16666666666666666
13334,1.0,0.0
13335,1.0,0.0
13336,1.0,0.0
13337,0.5,0.5
13338,0.8333333333333334,0.16666666666666666
13339,1.0,0.0
13340,0.5,0.5
13341,1.0,0.0
13342,0.0,1.0
13343,0.0,1.0
13344,0.0,1.0
13345,0.6166666666666667,0.38333333333333336
13346,0.6493506493506493,0.35064935064935066
13347,0.6791044776119404,0.3208955223880597
13348,0.75,0.25
13349,0.7558139534883721,0.2441860465116279
13350,1.0,0.0
13351,0.7361111111111112,0.2638888888888889
13352,0.8333333333333334,0.16666666666666666
13353,1.0,0.0
13354,1.0,0.0
13355,1.0,0.0
13356,0.5,0.5
13357,0.7272727272727273,0.2727272727272727
13358,0.8571428571428572,0.14285714285714285
13359,0.8333333333333334,0.16666666666666666
13360,1.0,0.0
13361,1.0,0.0
13362,1.0,0.0
13363,1.0,0.0
13364,1.0,0.0
13365,0.6666666666666667,0.3333333333333333
13366,1.0,0.0
13367,0.5,0.5
13368,1.0,0.0
13369,0.0,1.0
13370,1.0,0.0
13371,0.6923076923076923,0.3076923076923077
13372,0.5,0.5
13373,0.7,0.3
13374,1.0,0.0
13375,0.6875,0.3125
13376,0.6904761904761905,0.30952380952380953
13377,0.675,0.325
13378,0.5,0.5
13379,1.0,0.0
13380,0.0,1.0
13381,0.5,0.5
13382,0.8333333333333334,0.16666666666666666
13383,1.0,0.0
13384,0.6666666666666667,0.3333333333333333
13385,1.0,0.0
13386,1.0,0.0
13387,1.0,0.0
13388,0.0,1.0
13389,1.0,0.0
13390,1.0,0.0
13391,1.0,0.0
13392,0.625,0.375
13393,0.625,0.375
13394,0.75,0.25
13395,0.5,0.5
13396,1.0,0.0
13397,0.5,0.5
13398,0.5,0.5
13399,0.5,0.5
13400,0.5,0.5
13401,0.75,0.25
13402,1.0,0.0
13403,0.5,0.5
13404,0.0,1.0
13405,1.0,0.0
13406,0.75,0.25
13407,1.0,0.0
13408,0.5,0.5
13409,1.0,0.0
13410,0.6666666666666667,0.3333333333333333
13411,0.5,0.5
13412,1.0,0.0
13413,0.0,1.0
13414,1.0,0.0
13415,0.8333333333333334,0.16666666666666666
13416,0.8,0.2
13417,0.5,0.5
13418,1.0,0.0
13419,0.8333333333333334,0.16666666666666666
13420,1.0,0.0
13421,1.0,0.0
13422,1.0,0.0
13423,0.5,0.5
13424,1.0,0.0
13425,0.6666666666666667,0.3333333333333333
13426,0.0,1.0
13427,1.0,0.0
13428,1.0,0.0
13429,1.0,0.0
13430,0.5238095238095238,0.47619047619047616
13431,0.0,1.0
13432,1.0,0.0
13433,1.0,0.0
13434,1.0,0.0
13435,0.0,1.0
13436,1.0,0.0
13437,0.0,1.0
13438,0.5,0.5
13439,0.75,0.25
13440,0.75,0.25
13441,1.0,0.0
13442,0.5,0.5
13443,0.75,0.25
13444,0.5,0.5
13445,1.0,0.0
13446,0.4375,0.5625
13447,0.0,1.0
13448,1.0,0.0
13449,1.0,0.0
13450,0.30000000000000004,0.7
13451,0.0,1.0
13452,0.375,0.625
13453,0.0,1.0
13454,0.0,1.0
13455,0.0,1.0
13456,0.75,0.25
13457,0.5,0.5
13458,1.0,0.0
13459,0.5,0.5
13460,0.5,0.5
13461,0.44999999999999996,0.55
13462,0.0,1.0
13463,0.5,0.5
13464,1.0,0.0
13465,0.0,1.0
13466,0.25,0.75
13467,0.0,1.0
13468,0.5,0.5
13469,0.6,0.4
13470,0.0,1.0
13471,0.75,0.25
13472,1.0,0.0
13473,0.6666666666666667,0.3333333333333333
13474,0.5,0.5
13475,0.75,0.25
13476,0.5,0.5
13477,1.0,0.0
13478,0.42307692307692313,0.5769230769230769
13479,0.5,0.5
13480,0.5,0.5
13481,0.5,0.5
13482,0.5,0.5
13483,0.5,0.5
13484,0.5,0.5
13485,0.38888888888888884,0.6111111111111112
13486,0.0,1.0
13487,0.5,0.5
13488,0.5,0.5
13489,0.5,0.5
13490,0.5,0.5
13491,0.4,0.6
13492,1.0,0.0
13493,0.5,0.5
13494,0.16666666666666663,0.8333333333333334
13495,0.5,0.5
13496,0.0,1.0
13497,0.0,1.0
13498,0.0,1.0
13499,0.6715686274509804,0.3284313725490196
13500,0.6388888888888888,0.3611111111111111
13501,0.65,0.35
13502,1.0,0.0
13503,1.0,0.0
13504,1.0,0.0
13505,1.0,0.0
13506,1.0,0.0
13507,0.33333333333333337,0.6666666666666666
13508,0.0,1.0
13509,0.5,0.5
13510,0.0,1.0
13511,1.0,0.0
13512,0.5,0.5
13513,1.0,0.0
13514,0.25,0.75
13515,0.5,0.5
13516,0.0,1.0
13517,0.625,0.375
13518,0.5,0.5
13519,1.0,0.0
13520,0.5,0.5
13521,0.0,1.0
13522,1.0,0.0
13523,0.625,0.375
13524,0.5,0.5
13525,0.0,1.0
13526,1.0,0.0
13527,1.0,0.0
13528,1.0,0.0
13529,0.675,0.325
13530,0.5909090909090908,0.4090909090909091
13531,0.0,1.0
13532,0.6666666666666667,0.3333333333333333
13533,0.5,0.5
13534,0.5,0.5
13535,0.5,0.5
13536,1.0,0.0
13537,0.5,0.5
13538,1.0,0.0
13539,0.0,1.0
13540,0.5,0.5
13541,0.75,0.25
13542,0.5,0.5
13543,0.8333333333333334,0.16666666666666666
13544,0.75,0.25
13545,0.5,0.5
13546,1.0,0.0
13547,1.0,0.0
13548,0.7777777777777778,0.2222222222222222
13549,0.8333333333333334,0.16666666666666666
13550,0.5,0.5
13551,1.0,0.0
13552,0.0,1.0
13553,1.0,0.0
13554,1.0,0.0
13555,1.0,0.0
13556,1.0,0.0
13557,1.0,0.0
13558,0.6666666666666667,0.3333333333333333
13559,1.0,0.0
13560,1.0,0.0
13561,1.0,0.0
13562,0.0,1.0
13563,0.7037037037037037,0.2962962962962963
13564,0.7173913043478262,0.2826086956521739
13565,0.5,0.5
13566,1.0,0.0
13567,0.75,0.25
13568,0.7307692307692308,0.2692307692307692
13569,0.75,0.25
13570,1.0,0.0
13571,0.5,0.5
13572,1.0,0.0
13573,1.0,0.0
13574,1.0,0.0
13575,1.0,0.0
13576,1.0,0.0
13577,0.5,0.5
13578,1.0,0.0
13579,0.0,1.0
13580,1.0,0.0
13581,0.0,1.0
13582,0.0,1.0
13583,0.0,1.0
13584,1.0,0.0
13585,1.0,0.0
13586,1.0,0.0
13587,0.6428571428571428,0.35714285714285715
13588,0.5,0.5
13589,0.0,1.0
13590,0.5,0.5
13591,0.5,0.5
13592,1.0,0.0
13593,0.8333333333333334,0.16666666666666666
13594,0.5,0.5
13595,1.0,0.0
13596,1.0,0.0
13597,1.0,0.0
13598,0.625,0.375
13599,1.0,0.0
13600,1.0,0.0
13601,1.0,0.0
13602,0.25,0.75
13603,0.0,1.0
13604,0.5,0.5
13605,0.5454545454545454,0.45454545454545453
13606,0.33333333333333337,0.6666666666666666
13607,0.5,0.5
13608,0.25,0.75
13609,0.5,0.5
13610,0.0,1.0
13611,0.8,0.2
13612,0.5,0.5
13613,0.5,0.5
13614,1.0,0.0
13615,1.0,0.0
13616,1.0,0.0
13617,1.0,0.0
13618,0.33333333333333337,0.6666666666666666
13619,0.0,1.0
13620,0.5,0.5
13621,1.0,0.0
13622,0.0,1.0
13623,0.7352941176470589,0.2647058823529412
13624,0.5,0.5
13625,0.75,0.25
13626,1.0,0.0
13627,0.5,0.5
13628,0.75,0.25
13629,1.0,0.0
13630,0.5,0.5
13631,1.0,0.0
13632,1.0,0.0
13633,1.0,0.0
13634,1.0,0.0
13635,1.0,0.0
13636,0.5,0.5
13637,0.625,0.375
13638,0.5,0.5
13639,0.5,0.5
13640,0.75,0.25
13641,1.0,0.0
13642,0.5,0.5
13643,0.6666666666666667,0.3333333333333333
13644,0.0,1.0
13645,1.0,0.0
13646,1.0,0.0
13647,0.6666666666666667,0.3333333333333333
13648,1.0,0.0
13649,1.0,0.0
13650,1.0,0.0
13651,0.625,0.375
13652,1.0,0.0
13653,0.5,0.5
13654,0.5,0.5
13655,0.0,1.0
13656,1.0,0.0
13657,0.5,0.5
13658,0.5,0.5
13659,0.5,0.5
13660,1.0,0.0
13661,0.0,1.0
13662,0.6382978723404256,0.3617021276595745
13663,0.5,0.5
13664,0.41666666666666663,0.5833333333333334
13665,0.0,1.0
13666,0.5,0.5
13667,0.5,0.5
13668,1.0,0.0
13669,0.33333333333333337,0.6666666666666666
13670,0.0,1.0
13671,0.5,0.5
13672,0.0,1.0
13673,1.0,0.0
13674,0.5,0.5
13675,1.0,0.0
13676,0.1875,0.8125
13677,0.25,0.75
13678,0.5,0.5
13679,0.0,1.0
13680,0.16666666666666663,0.8333333333333334
13681,0.0,1.0
13682,0.0,1.0
13683,0.5,0.5
13684,0.0,1.0
13685,1.0,0.0
13686,0.0,1.0
13687,0.0,1.0
13688,0.0,1.0
13689,0.625,0.375
13690,0.7142857142857143,0.2857142857142857
13691,0.6666666666666667,0.3333333333333333
13692,0.75,0.25
13693,1.0,0.0
13694,0.75,0.25
13695,1.0,0.0
13696,0.5,0.5
13697,0.5,0.5
13698,0.5,0.5
13699,0.0,1.0
13700,1.0,0.0
13701,1.0,0.0
13702,0.0,1.0
13703,0.8333333333333334,0.16666666666666666
13704,0.75,0.25
13705,1.0,0.0
13706,0.5,0.5
13707,1.0,0.0
13708,0.8636363636363636,0.13636363636363635
13709,1.0,0.0
13710,1.0,0.0
13711,1.0,0.0
13712,0.5,0.5
13713,1.0,0.0
13714,1.0,0.0
13715,1.0,0.0
13716,0.8,0.2
13717,1.0,0.0
13718,1.0,0.0
13719,0.5,0.5
13720,0.5,0.5
13721,1.0,0.0
13722,1.0,0.0
13723,0.8,0.2
13724,0.75,0.25
13725,1.0,0.0
13726,0.5,0.5
13727,0.8125,0.1875
13728,0.8571428571428572,0.14285714285714285
13729,1.0,0.0
13730,0.8333333333333334,0.16666666666666666
13731,1.0,0.0
13732,0.8,0.2
13733,0.6666666666666667,0.3333333333333333
13734,1.0,0.0
13735,1.0,0.0
13736,1.0,0.0
13737,0.0,1.0
13738,1.0,0.0
13739,1.0,0.0
13740,1.0,0.0
13741,0.5,0.5
13742,0.5695652173913044,0.43043478260869567
13743,0.5714285714285714,0.42857142857142855
13744,0.4,0.6
13745,0.25,0.75
13746,0.5,0.5
13747,0.0,1.0
13748,0.75,0.25
13749,1.0,0.0
13750,1.0,0.0
13751,1.0,0.0
13752,1.0,0.0
13753,1.0,0.0
13754,0.0,1.0
13755,0.125,0.875
13756,0.0,1.0
13757,0.25,0.75
13758,0.5,0.5
13759,0.0,1.0
13760,0.0,1.0
13761,0.25,0.75
13762,0.0,1.0
13763,0.5,0.5
13764,0.25,0.75
13765,0.0,1.0
13766,0.5,0.5
13767,0.5454545454545454,0.45454545454545453
13768,0.0,1.0
13769,1.0,0.0
13770,0.0,1.0
13771,0.5,0.5
13772,1.0,0.0
13773,1.0,0.0
13774,1.0,0.0
13775,0.5,0.5
13776,0.6666666666666667,0.3333333333333333
13777,1.0,0.0
13778,1.0,0.0
13779,0.0,1.0
13780,0.0,1.0
13781,0.6590909090909092,0.3409090909090909
13782,0.0,1.0
13783,0.6666666666666667,0.3333333333333333
13784,0.75,0.25
13785,1.0,0.0
13786,0.5,0.5
13787,0.5,0.5
13788,0.75,0.25
13789,0.5,0.5
13790,1.0,0.0
13791,0.5,0.5
13792,1.0,0.0
13793,0.5,0.5
13794,0.25,0.75
13795,0.5,0.5
13796,0.0,1.0
13797,0.5,0.5
13798,0.0,1.0
13799,1.0,0.0
13800,0.75,0.25
13801,1.0,0.0
13802,0.5,0.5
13803,0.75,0.25
13804,1.0,0.0
13805,0.5,0.5
13806,0.8,0.2
13807,0.5,0.5
13808,0.5,0.5
13809,0.5,0.5
13810,1.0,0.0
13811,1.0,0.0
13812,1.0,0.0
13813,1.0,0.0
13814,1.0,0.0
13815,1.0,0.0
13816,0.6428571428571428,0.35714285714285715
13817,0.0,1.0
13818,1.0,0.0
13819,0.7,0.3
13820,0.5,0.5
13821,0.75,0.25
13822,0.0,1.0
13823,1.0,0.0
13824,1.0,0.0
13825,1.0,0.0
13826,1.0,0.0
13827,0.6052631578947368,0.39473684210526316
13828,0.625,0.375
13829,0.25,0.75
13830,0.0,1.0
13831,0.5,0.5
13832,1.0,0.0
13833,1.0,0.0
13834,1.0,0.0
13835,1.0,0.0
13836,0.125,0.875
13837,0.16666666666666663,0.8333333333333334
13838,0.0,1.0
13839,0.25,0.75
13840,0.0,1.0
13841,0.5,0.5
13842,0.0,1.0
13843,0.7,0.3
13844,1.0,0.0
13845,0.625,0.375
13846,0.5,0.5
13847,0.6666666666666667,0.3333333333333333
13848,1.0,0.0
13849,0.5,0.5
13850,0.5,0.5
13851,0.875,0.125
13852,0.8333333333333334,0.16666666666666666
13853,0.75,0.25
13854,0.5,0.5
13855,1.0,0.0
13856,1.0,0.0
13857,1.0,0.0
13858,0.5,0.5
13859,0.625,0.375
13860,0.75,0.25
13861,0.5,0.5
13862,1.0,0.0
13863,0.5,0.5
13864,0.0,1.0
13865,1.0,0.0
13866,0.5657894736842105,0.4342105263157895
13867,0.625,0.375
13868,0.5,0.5
13869,1.0,0.0
13870,0.0,1.0
13871,0.75,0.25
13872,0.5,0.5
13873,1.0,0.0
13874,0.75,0.25
13875,0.5,0.5
13876,1.0,0.0
13877,0.5,0.5
13878,1.0,0.0
13879,0.25,0.75
13880,0.5,0.5
13881,0.0,1.0
13882,0.6666666666666667,0.3333333333333333
13883,1.0,0.0
13884,1.0,0.0
13885,1.0,0.0
13886,0.0,1.0
13887,0.75,0.25
13888,0.5,0.5
13889,1.0,0.0
13890,0.6666666666666667,0.3333333333333333
13891,1.0,0.0
13892,1.0,0.0
13893,1.0,0.0
13894,0.0,1.0
13895,0.6666666666666667,0.3333333333333333
13896,1.0,0.0
13897,1.0,0.0
13898,0.0,1.0
13899,0.5555555555555556,0.4444444444444444
13900,0.625,0.375
13901,0.5714285714285714,0.42857142857142855
13902,0.5,0.5
13903,0.5,0.5
13904,1.0,0.0
13905,0.5,0.5
13906,0.25,0.75
13907,0.0,1.0
13908,0.5,0.5
13909,1.0,0.0
13910,0.5,0.5
13911,1.0,0.0
13912,0.0,1.0
13913,0.33333333333333337,0.6666666666666666
13914,0.0,1.0
13915,0.0,1.0
13916,1.0,0.0
13917,0.41666666666666663,0.5833333333333334
13918,0.0,1.0
13919,0.5,0.5
13920,1.0,0.0
13921,0.0,1.0
13922,0.5,0.5
13923,1.0,0.0
13924,0.0,1.0
13925,0.5,0.5
13926,0.6148648648648649,0.38513513513513514
13927,0.5789473684210527,0.42105263157894735
13928,0.6166666666666667,0.38333333333333336
13929,0.625,0.375
13930,0.0,1.0
13931,1.0,0.0
13932,0.75,0.25
13933,0.5,0.5
13934,1.0,0.0
13935,0.6153846153846154,0.38461538461538464
13936,0.55,0.45
13937,0.5,0.5
13938,0.0,1.0
13939,0.0,1.0
13940,0.0,1.0
13941,0.0,1.0
13942,0.0,1.0
13943,0.0,1.0
13944,0.0,1.0
13945,0.8333333333333334,0.16666666666666666
13946,0.75,0.25
13947,0.5,0.5
13948,1.0,0.0
13949,1.0,0.0
13950,1.0,0.0
13951,1.0,0.0
13952,1.0,0.0
13953,1.0,0.0
13954,0.65625,0.34375
13955,0.6538461538461539,0.34615384615384615
13956,0.625,0.375
13957,1.0,0.0
13958,0.5909090909090908,0.4090909090909091
13959,0.0,1.0
13960,0.5,0.5
13961,1.0,0.0
13962,0.5,0.5
13963,0.5,0.5
13964,0.0,1.0
13965,1.0,0.0
13966,1.0,0.0
13967,0.75,0.25
13968,1.0,0.0
13969,0.5,0.5
13970,0.5,0.5
13971,0.0,1.0
13972,1.0,0.0
13973,1.0,0.0
13974,0.6666666666666667,0.3333333333333333
13975,1.0,0.0
13976,1.0,0.0
13977,0.0,1.0
13978,0.4375,0.5625
13979,0.5,0.5
13980,0.5,0.5
13981,0.0,1.0
13982,1.0,0.0
13983,0.5,0.5
13984,0.4,0.6
13985,0.0,1.0
13986,0.5,0.5
13987,0.5,0.5
13988,1.0,0.0
13989,0.0,1.0
13990,0.5,0.5
13991,0.0,1.0
13992,1.0,0.0
13993,0.6527777777777778,0.3472222222222222
13994,0.7777777777777778,0.2222222222222222
13995,0.7857142857142857,0.21428571428571427
13996,0.8333333333333334,0.16666666666666666
13997,1.0,0.0
13998,0.75,0.25
13999,1.0,0.0
14000,0.5,0.5
14001,0.75,0.25
14002,1.0,0.0
14003,1.0,0.0
14004,0.5,0.5
14005,0.5,0.5
14006,0.5,0.5
14007,0.75,0.25
14008,0.5,0.5
14009,1.0,0.0
14010,0.55,0.45
14011,0.0,1.0
14012,0.5,0.5
14013,1.0,0.0
14014,1.0,0.0
14015,1.0,0.0
14016,1.0,0.0
14017,1.0,0.0
14018,0.375,0.625
14019,1.0,0.0
14020,0.5,0.5
14021,0.0,1.0
14022,0.0,1.0
14023,0.0,1.0
14024,0.5,0.5
14025,0.6470588235294117,0.35294117647058826
14026,0.625,0.375
14027,0.5,0.5
14028,0.75,0.25
14029,0.5,0.5
14030,1.0,0.0
14031,0.0,1.0
14032,1.0,0.0
14033,1.0,0.0
14034,1.0,0.0
14035,1.0,0.0
14036,0.25,0.75
14037,0.5,0.5
14038,0.0,1.0
14039,0.5,0.5
14040,0.0,1.0
14041,1.0,0.0
14042,1.0,0.0
14043,0.7,0.3
14044,1.0,0.0
14045,0.625,0.375
14046,0.5,0.5
14047,1.0,0.0
14048,1.0,0.0
14049,0.0,1.0
14050,0.5220588235294117,0.47794117647058826
14051,0.5263157894736843,0.47368421052631576
14052,0.5,0.5
14053,0.0,1.0
14054,0.0,1.0
14055,0.5,0.5
14056,1.0,0.0
14057,0.0,1.0
14058,0.5,0.5
14059,0.5,0.5
14060,0.5,0.5
14061,0.0,1.0
14062,0.5,0.5
14063,1.0,0.0
14064,1.0,0.0
14065,1.0,0.0
14066,1.0,0.0
14067,1.0,0.0
14068,0.0,1.0
14069,0.5,0.5
14070,0.5,0.5
14071,0.5,0.5
14072,0.75,0.25
14073,1.0,0.0
14074,1.0,0.0
14075,1.0,0.0
14076,0.5,0.5
14077,0.0,1.0
14078,1.0,0.0
14079,0.5204081632653061,0.47959183673469385
14080,0.4285714285714286,0.5714285714285714
14081,0.75,0.25
14082,1.0,0.0
14083,0.5,0.5
14084,0.0,1.0
14085,0.4411764705882353,0.5588235294117647
14086,0.5,0.5
14087,1.0,0.0
14088,0.33333333333333337,0.6666666666666666
14089,0.0,1.0
14090,0.5,0.5
14091,0.0,1.0
14092,1.0,0.0
14093,0.42307692307692313,0.5769230769230769
14094,0.5,0.5
14095,0.5,0.5
14096,0.5,0.5
14097,1.0,0.0
14098,0.0,1.0
14099,0.5,0.5
14100,0.5,0.5
14101,0.4375,0.5625
14102,0.5,0.5
14103,0.0,1.0
14104,0.5,0.5
14105,0.5,0.5
14106,0.75,0.25
14107,0.5,0.5
14108,1.0,0.0
14109,0.0,1.0
14110,0.5,0.5
14111,1.0,0.0
14112,0.0,1.0
14113,0.5,0.5
14114,0.0,1.0
14115,0.0,1.0
14116,0.5892857142857143,0.4107142857142857
14117,0.5454545454545454,0.45454545454545453
14118,0.5,0.5
14119,0.25,0.75
14120,0.0,1.0
14121,0.5,0.5
14122,0.625,0.375
14123,0.0,1.0
14124,0.7142857142857143,0.2857142857142857
14125,0.5,0.5
14126,1.0,0.0
14127,1.0,0.0
14128,1.0,0.0
14129,0.25,0.75
14130,0.0,1.0
14131,0.5,0.5
14132,1.0,0.0
14133,0.6176470588235294,0.38235294117647056
14134,1.0,0.0
14135,1.0,0.0
14136,0.5,0.5
14137,0.5,0.5
14138,0.5,0.5
14139,0.5,0.5
14140,0.33333333333333337,0.6666666666666666
14141,0.0,1.0
14142,0.5,0.5
14143,0.0,1.0
14144,1.0,0.0
14145,0.5,0.5
14146,0.0,1.0
14147,1.0,0.0
14148,1.0,0.0
14149,0.5,0.5
14150,0.6666666666666667,0.3333333333333333
14151,0.5,0.5
14152,0.75,0.25
14153,1.0,0.0
14154,0.5,0.5
14155,0.75,0.25
14156,0.5,0.5
14157,1.0,0.0
14158,0.6030534351145038,0.3969465648854962
14159,0.5609756097560976,0.43902439024390244
14160,0.5384615384615384,0.46153846153846156
14161,0.5,0.5
14162,0.25,0.75
14163,0.5,0.5
14164,0.0,1.0
14165,1.0,0.0
14166,0.7,0.3
14167,0.8571428571428572,0.14285714285714285
14168,1.0,0.0
14169,0.0,1.0
14170,1.0,0.0
14171,1.0,0.0
14172,1.0,0.0
14173,1.0,0.0
14174,1.0,0.0
14175,1.0,0.0
14176,1.0,0.0
14177,0.33333333333333337,0.6666666666666666
14178,0.5,0.5
14179,0.0,1.0
14180,1.0,0.0
14181,0.0,1.0
14182,0.36363636363636365,0.6363636363636364
14183,1.0,0.0
14184,0.0,1.0
14185,0.5,0.5
14186,0.25,0.75
14187,0.0,1.0
14188,0.5,0.5
14189,0.0,1.0
14190,0.5,0.5
14191,0.75,0.25
14192,1.0,0.0
14193,0.5,0.5
14194,0.0,1.0
14195,0.25,0.75
14196,0.0,1.0
14197,0.5,0.5
14198,0.75,0.25
14199,1.0,0.0
14200,0.5,0.5
14201,0.6,0.4
14202,0.5,0.5
14203,0.625,0.375
14204,0.0,1.0
14205,0.7142857142857143,0.2857142857142857
14206,0.5,0.5
14207,0.0,1.0
14208,1.0,0.0
14209,0.8,0.2
14210,0.5,0.5
14211,0.875,0.125
14212,1.0,0.0
14213,1.0,0.0
14214,0.75,0.25
14215,1.0,0.0
14216,0.5,0.5
14217,0.5833333333333333,0.4166666666666667
14218,0.5,0.5
14219,0.5,0.5
14220,0.0,1.0
14221,0.75,0.25
14222,1.0,0.0
14223,0.5,0.5
14224,0.5,0.5
14225,1.0,0.0
14226,0.0,1.0
14227,1.0,0.0
14228,0.6228070175438596,0.37719298245614036
14229,0.41666666666666663,0.5833333333333334
14230,0.16666666666666663,0.8333333333333334
14231,0.0,1.0
14232,0.0,1.0
14233,0.0,1.0
14234,0.5,0.5
14235,0.6666666666666667,0.3333333333333333
14236,0.5,0.5
14237,0.75,0.25
14238,1.0,0.0
14239,0.5,0.5
14240,0.6521739130434783,0.34782608695652173
14241,0.875,0.125
14242,1.0,0.0
14243,0.5,0.5
14244,1.0,0.0
14245,1.0,0.0
14246,1.0,0.0
14247,0.8333333333333334,0.16666666666666666
14248,1.0,0.0
14249,0.75,0.25
14250,1.0,0.0
14251,0.5,0.5
14252,0.5,0.5
14253,1.0,0.0
14254,0.5,0.5
14255,0.0,1.0
14256,1.0,0.0
14257,0.4,0.6
14258,0.16666666666666663,0.8333333333333334
14259,0.25,0.75
14260,0.5,0.5
14261,0.0,1.0
14262,0.0,1.0
14263,0.75,0.25
14264,1.0,0.0
14265,0.5,0.5
14266,0.5833333333333333,0.4166666666666667
14267,0.375,0.625
14268,0.5,0.5
14269,0.5,0.5
14270,0.0,1.0
14271,1.0,0.0
14272,0.5,0.5
14273,0.0,1.0
14274,1.0,0.0
14275,1.0,0.0
14276,1.0,0.0
14277,1.0,0.0
14278,0.6428571428571428,0.35714285714285715
14279,0.6599999999999999,0.34
14280,0.6333333333333333,0.36666666666666664
14281,0.5,0.5
14282,0.6666666666666667,0.3333333333333333
14283,1.0,0.0
14284,0.5,0.5
14285,0.5,0.5
14286,0.5,0.5
14287,0.6666666666666667,0.3333333333333333
14288,0.5,0.5
14289,0.8333333333333334,0.16666666666666666
14290,1.0,0.0
14291,1.0,0.0
14292,1.0,0.0
14293,0.5,0.5
14294,0.5,0.5
14295,0.25,0.75
14296,0.0,1.0
14297,0.5,0.5
14298,0.75,0.25
14299,0.5,0.5
14300,1.0,0.0
14301,1.0,0.0
14302,0.5,0.5
14303,0.5,0.5
14304,0.5,0.5
14305,0.7,0.3
14306,1.0,0.0
14307,1.0,0.0
14308,1.0,0.0
14309,1.0,0.0
14310,1.0,0.0
14311,0.0,1.0
14312,0.8333333333333334,0.16666666666666666
14313,0.75,0.25
14314,0.5,0.5
14315,1.0,0.0
14316,1.0,0.0
14317,0.25,0.75
14318,0.0,1.0
14319,0.5,0.5
14320,0.5,0.5
14321,0.0,1.0
14322,0.75,0.25
14323,1.0,0.0
14324,0.5,0.5
14325,0.6212121212121212,0.3787878787878788
14326,0.625,0.375
14327,0.5,0.5
14328,1.0,0.0
14329,0.4,0.6
14330,0.5,0.5
14331,0.5,0.5
14332,0.5,0.5
14333,1.0,0.0
14334,0.25,0.75
14335,0.5,0.5
14336,0.0,1.0
14337,0.0,1.0
14338,0.6875,0.3125
14339,0.5,0.5
14340,0.5,0.5
14341,0.5,0.5
14342,0.75,0.25
14343,0.5,0.5
14344,0.0,1.0
14345,1.0,0.0
14346,0.875,0.125
14347,0.75,0.25
14348,0.5,0.5
14349,1.0,0.0
14350,1.0,0.0
14351,1.0,0.0
14352,1.0,0.0
14353,1.0,0.0
14354,1.0,0.0
14355,1.0,0.0
14356,0.0,1.0
14357,0.0,1.0
14358,0.0,1.0
14359,1.0,0.0
14360,1.0,0.0
14361,1.0,0.0
14362,0.6153846153846154,0.38461538461538464
14363,0.8333333333333334,0.16666666666666666
14364,0.75,0.25
14365,0.5,0.5
14366,1.0,0.0
14367,1.0,0.0
14368,0.5,0.5
14369,0.5,0.5
14370,0.0,1.0
14371,1.0,0.0
14372,0.75,0.25
14373,1.0,0.0
14374,0.5,0.5
14375,0.75,0.25
14376,0.5,0.5
14377,1.0,0.0
14378,0.33333333333333337,0.6666666666666666
14379,0.0,1.0
14380,1.0,0.0
14381,0.0,1.0
14382,0.6310679611650485,0.36893203883495146
14383,0.6,0.4
14384,0.5,0.5
14385,0.0,1.0
14386,0.8,0.2
14387,0.0,1.0
14388,1.0,0.0
14389,1.0,0.0
14390,1.0,0.0
14391,1.0,0.0
14392,1.0,0.0
14393,0.4,0.6
14394,0.4444444444444444,0.5555555555555556
14395,0.5,0.5
14396,0.4375,0.5625
14397,0.5,0.5
14398,0.75,0.25
14399,1.0,0.0
14400,0.5,0.5
14401,0.0,1.0
14402,0.5,0.5
14403,0.0,1.0
14404,0.5,0.5
14405,0.5,0.5
14406,0.5,0.5
14407,0.5,0.5
14408,0.0,1.0
14409,0.641025641025641,0.358974358974359
14410,0.6388888888888888,0.3611111111111111
14411,1.0,0.0
14412,0.6285714285714286,0.37142857142857144
14413,1.0,0.0
14414,0.44999999999999996,0.55
14415,0.4,0.6
14416,0.0,1.0
14417,0.5,0.5
14418,0.5,0.5
14419,0.5,0.5
14420,0.75,0.25
14421,0.5,0.5
14422,1.0,0.0
14423,0.0,1.0
14424,0.5,0.5
14425,1.0,0.0
14426,0.0,1.0
14427,0.5,0.5
14428,0.0,1.0
14429,0.75,0.25
14430,1.0,0.0
14431,0.5,0.5
14432,0.7307692307692308,0.2692307692307692
14433,0.5,0.5
14434,0.75,0.25
14435,0.75,0.25
14436,1.0,0.0
14437,0.5,0.5
14438,0.75,0.25
14439,0.6,0.4
14440,0.0,1.0
14441,0.5,0.5
14442,0.0,1.0
14443,1.0,0.0
14444,1.0,0.0
14445,1.0,0.0
14446,0.9,0.1
14447,1.0,0.0
14448,0.5,0.5
14449,1.0,0.0
14450,1.0,0.0
14451,1.0,0.0
14452,0.6363636363636364,0.36363636363636365
14453,1.0,0.0
14454,1.0,0.0
14455,1.0,0.0
14456,0.5555555555555556,0.4444444444444444
14457,0.5,0.5
14458,0.33333333333333337,0.6666666666666666
14459,0.5,0.5
14460,1.0,0.0
14461,0.0,1.0
14462,0.0,1.0
14463,1.0,0.0
14464,0.6,0.4
14465,1.0,0.0
14466,0.5,0.5
14467,0.5,0.5
14468,0.5,0.5
14469,0.5,0.5
14470,0.5,0.5
14471,0.5,0.5
14472,0.6666666666666667,0.3333333333333333
14473,1.0,0.0
14474,1.0,0.0
14475,1.0,0.0
14476,0.0,1.0
14477,0.6666666666666667,0.3333333333333333
14478,0.9,0.1
14479,1.0,0.0
14480,1.0,0.0
14481,0.75,0.25
14482,1.0,0.0
14483,0.5,0.5
14484,1.0,0.0
14485,0.7142857142857143,0.2857142857142857
14486,0.8,0.2
14487,1.0,0.0
14488,1.0,0.0
14489,1.0,0.0
14490,0.0,1.0
14491,1.0,0.0
14492,1.0,0.0
14493,1.0,0.0
14494,0.5,0.5
14495,0.0,1.0
14496,1.0,0.0
14497,1.0,0.0
14498,1.0,0.0
14499,1.0,0.0
14500,1.0,0.0
14501,1.0,0.0
14502,0.609375,0.390625
14503,0.5,0.5
14504,1.0,0.0
14505,0.5,0.5
14506,1.0,0.0
14507,1.0,0.0
14508,0.0,1.0
14509,0.5,0.5
14510,0.0,1.0
14511,0.5,0.5
14512,0.5,0.5
14513,0.0,1.0
14514,0.5,0.5
14515,1.0,0.0
14516,0.0,1.0
14517,1.0,0.0
14518,1.0,0.0
14519,1.0,0.0
14520,0.5,0.5
14521,0.5,0.5
14522,1.0,0.0
14523,1.0,0.0
14524,0.5,0.5
14525,0.5,0.5
14526,0.5,0.5
14527,1.0,0.0
14528,0.5,0.5
14529,0.0,1.0
14530,1.0,0.0
14531,1.0,0.0
14532,0.0,1.0
14533,1.0,0.0
14534,0.5,0.5
14535,0.0,1.0
14536,0.6320754716981132,0.36792452830188677
14537,0.6166666666666667,0.38333333333333336
14538,0.625,0.375
14539,1.0,0.0
14540,0.5,0.5
14541,0.5,0.5
14542,0.5,0.5
14543,0.6666666666666667,0.3333333333333333
14544,0.25,0.75
14545,0.0,1.0
14546,0.5,0.5
14547,0.8333333333333334,0.16666666666666666
14548,0.75,0.25
14549,1.0,0.0
14550,0.5,0.5
14551,1.0,0.0
14552,1.0,0.0
14553,0.33333333333333337,0.6666666666666666
14554,0.5,0.5
14555,0.5,0.5
14556,0.5,0.5
14557,0.0,1.0
14558,0.33333333333333337,0.6666666666666666
14559,0.0,1.0
14560,0.5,0.5
14561,0.0,1.0
14562,1.0,0.0
14563,0.875,0.125
14564,0.5,0.5
14565,1.0,0.0
14566,1.0,0.0
14567,1.0,0.0
14568,1.0,0.0
14569,0.65,0.35
14570,1.0,0.0
14571,0.6111111111111112,0.3888888888888889
14572,0.5,0.5
14573,0.625,0.375
14574,0.4,0.6
14575,0.5,0.5
14576,0.0,1.0
14577,0.5,0.5
14578,1.0,0.0
14579,0.0,1.0
14580,0.5,0.5
14581,1.0,0.0
14582,1.0,0.0
14583,1.0,0.0
14584,1.0,0.0
14585,1.0,0.0
14586,0.6370967741935484,0.3629032258064516
14587,0.6547619047619048,0.34523809523809523
14588,0.78125,0.21875
14589,1.0,0.0
14590,0.0,1.0
14591,1.0,0.0
14592,1.0,0.0
14593,0.5,0.5
14594,1.0,0.0
14595,1.0,0.0
14596,1.0,0.0
14597,0.5,0.5
14598,0.0,1.0
14599,1.0,0.0
14600,0.75,0.25
14601,1.0,0.0
14602,0.5,0.5
14603,0.8333333333333334,0.16666666666666666
14604,1.0,0.0
14605,0.75,0.25
14606,0.5,0.5
14607,1.0,0.0
14608,1.0,0.0
14609,1.0,0.0
14610,1.0,0.0
14611,0.41666666666666663,0.5833333333333334
14612,0.36363636363636365,0.6363636363636364
14613,0.0,1.0
14614,0.0,1.0
14615,0.0,1.0
14616,1.0,0.0
14617,0.5,0.5
14618,0.75,0.25
14619,0.5,0.5
14620,1.0,0.0
14621,0.0,1.0
14622,0.75,0.25
14623,1.0,0.0
14624,0.5,0.5
14625,0.0,1.0
14626,0.0,1.0
14627,0.0,1.0
14628,0.0,1.0
14629,1.0,0.0
14630,0.5,0.5
14631,0.0,1.0
14632,0.0,1.0
14633,0.0,1.0
14634,0.6666666666666667,0.3333333333333333
14635,0.75,0.25
14636,1.0,0.0
14637,0.6666666666666667,0.3333333333333333
14638,0.5,0.5
14639,0.75,0.25
14640,1.0,0.0
14641,0.5,0.5
14642,0.5,0.5
14643,1.0,0.0
14644,0.0,1.0
14645,1.0,0.0
14646,1.0,0.0
14647,1.0,0.0
14648,1.0,0.0
14649,1.0,0.0
14650,1.0,0.0
14651,1.0,0.0
14652,1.0,0.0
14653,1.0,0.0
14654,1.0,0.0
14655,0.6,0.4
14656,0.6470588235294117,0.35294117647058826
14657,0.5,0.5
14658,1.0,0.0
14659,0.0,1.0
14660,0.0,1.0
14661,0.5,0.5
14662,1.0,0.0
14663,0.625,0.375
14664,0.25,0.75
14665,0.5,0.5
14666,0.0,1.0
14667,1.0,0.0
14668,1.0,0.0
14669,1.0,0.0
14670,0.25,0.75
14671,0.0,1.0
14672,0.5,0.5
14673,0.9166666666666666,0.08333333333333333
14674,1.0,0.0
14675,1.0,0.0
14676,1.0,0.0
14677,1.0,0.0
14678,1.0,0.0
14679,0.5,0.5
14680,1.0,0.0
14681,1.0,0.0
14682,1.0,0.0
14683,0.33333333333333337,0.6666666666666666
14684,1.0,0.0
14685,0.0,1.0
14686,0.0,1.0
14687,0.6428571428571428,0.35714285714285715
14688,0.5,0.5
14689,0.75,0.25
14690,0.5,0.5
14691,1.0,0.0
14692,0.5,0.5
14693,0.75,0.25
14694,0.5,0.5
14695,1.0,0.0
14696,0.25,0.75
14697,0.5,0.5
14698,0.0,1.0
14699,0.6,0.4
14700,1.0,0.0
14701,1.0,0.0
14702,1.0,0.0
14703,1.0,0.0
14704,1.0,0.0
14705,0.0,1.0
14706,0.0,1.0
14707,0.0,1.0
14708,1.0,0.0
14709,1.0,0.0
14710,1.0,0.0
14711,0.5464285714285715,0.45357142857142857
14712,0.5132743362831859,0.48672566371681414
14713,0.5087719298245614,0.49122807017543857
14714,0.5272727272727273,0.4727272727272727
14715,0.5,0.5
14716,0.5,0.5
14717,0.5,0.5
14718,0.6176470588235294,0.38235294117647056
14719,0.625,0.375
14720,0.0,1.0
14721,1.0,0.0
14722,0.5,0.5
14723,1.0,0.0
14724,1.0,0.0
14725,0.5,0.5
14726,0.625,0.375
14727,0.5,0.5
14728,0.6428571428571428,0.35714285714285715
14729,1.0,0.0
14730,1.0,0.0
14731,1.0,0.0
14732,0.5,0.5
14733,0.25,0.75
14734,0.5,0.5
14735,0.0,1.0
14736,0.6666666666666667,0.3333333333333333
14737,0.5,0.5
14738,0.5,0.5
14739,0.5,0.5
14740,1.0,0.0
14741,0.5,0.5
14742,0.0,1.0
14743,1.0,0.0
14744,0.5,0.5
14745,0.38888888888888884,0.6111111111111112
14746,1.0,0.0
14747,0.0,1.0
14748,0.25,0.75
14749,0.0,1.0
14750,0.33333333333333337,0.6666666666666666
14751,0.5,0.5
14752,0.25,0.75
14753,0.0,1.0
14754,0.5,0.5
14755,0.5,0.5
14756,1.0,0.0
14757,0.25,0.75
14758,0.5,0.5
14759,0.0,1.0
14760,0.5,0.5
14761,0.0,1.0
14762,1.0,0.0
14763,0.3571428571428571,0.6428571428571429
14764,1.0,0.0
14765,0.0,1.0
14766,0.30000000000000004,0.7
14767,0.5,0.5
14768,0.5,0.5
14769,0.0,1.0
14770,0.25,0.75
14771,0.5,0.5
14772,0.0,1.0
14773,0.25,0.75
14774,0.0,1.0
14775,0.5,0.5
14776,0.0,1.0
14777,0.5833333333333333,0.4166666666666667
14778,0.0,1.0
14779,1.0,0.0
14780,0.5,0.5
14781,0.5,0.5
14782,0.5,0.5
14783,0.0,1.0
14784,1.0,0.0
14785,1.0,0.0
14786,0.7222222222222222,0.2777777777777778
14787,1.0,0.0
14788,1.0,0.0
14789,1.0,0.0
14790,0.6428571428571428,0.35714285714285715
14791,0.75,0.25
14792,1.0,0.0
14793,0.5,0.5
14794,0.75,0.25
14795,1.0,0.0
14796,0.5,0.5
14797,0.75,0.25
14798,0.5,0.5
14799,1.0,0.0
14800,0.0,1.0
14801,0.0,1.0
14802,0.0,1.0
14803,0.0,1.0
14804,0.30000000000000004,0.7
14805,0.0,1.0
14806,0.5,0.5
14807,0.33333333333333337,0.6666666666666666
14808,0.5,0.5
14809,0.0,1.0
14810,1.0,0.0
14811,0.0,1.0
14812,0.5666666666666667,0.43333333333333335
14813,0.9166666666666666,0.08333333333333333
14814,1.0,0.0
14815,1.0,0.0
14816,1.0,0.0
14817,0.875,0.125
14818,0.5,0.5
14819,1.0,0.0
14820,1.0,0.0
14821,1.0,0.0
14822,1.0,0.0
14823,1.0,0.0
14824,0.5128205128205128,0.48717948717948717
14825,0.19999999999999996,0.8
14826,0.0,1.0
14827,0.0,1.0
14828,0.33333333333333337,0.6666666666666666
14829,0.0,1.0
14830,0.0,1.0
14831,0.0,1.0
14832,1.0,0.0
14833,0.0,1.0
14834,0.5,0.5
14835,0.33333333333333337,0.6666666666666666
14836,1.0,0.0
14837,0.0,1.0
14838,0.0,1.0
14839,0.0,1.0
14840,0.75,0.25
14841,1.0,0.0
14842,0.5,0.5
14843,1.0,0.0
14844,1.0,0.0
14845,1.0,0.0
14846,1.0,0.0
14847,0.33333333333333337,0.6666666666666666
14848,0.0,1.0
14849,0.0,1.0
14850,0.0,1.0
14851,1.0,0.0
14852,0.75,0.25
14853,1.0,0.0
14854,0.5,0.5
14855,0.5,0.5
14856,0.6,0.4
14857,1.0,0.0
14858,1.0,0.0
14859,0.0,1.0
14860,0.75,0.25
14861,1.0,0.0
14862,0.5,0.5
14863,0.0,1.0
14864,1.0,0.0
14865,0.75,0.25
14866,0.5,0.5
14867,1.0,0.0
14868,0.625,0.375
14869,1.0,0.0
14870,0.25,0.75
14871,0.5,0.5
14872,0.0,1.0
14873,1.0,0.0
14874,0.25,0.75
14875,0.0,1.0
14876,0.5,0.5
14877,0.375,0.625
14878,0.25,0.75
14879,0.0,1.0
14880,0.5,0.5
14881,0.5,0.5
14882,1.0,0.0
14883,0.0,1.0
14884,0.33333333333333337,0.6666666666666666
14885,0.5,0.5
14886,0.33333333333333337,0.6666666666666666
14887,0.5,0.5
14888,1.0,0.0
14889,0.0,1.0
14890,0.0,1.0
14891,1.0,0.0
14892,0.0,1.0
14893,0.0,1.0
14894,0.0,1.0
14895,0.6851851851851851,0.3148148148148148
14896,0.6538461538461539,0.34615384615384615
14897,0.0,1.0
14898,0.7083333333333333,0.2916666666666667
14899,1.0,0.0
14900,0.9,0.1
14901,1.0,0.0
14902,1.0,0.0
14903,0.8333333333333334,0.16666666666666666
14904,1.0,0.0
14905,0.75,0.25
14906,0.5,0.5
14907,1.0,0.0
14908,1.0,0.0
14909,0.4,0.6
14910,0.0,1.0
14911,0.5,0.5
14912,1.0,0.0
14913,0.33333333333333337,0.6666666666666666
14914,0.0,1.0
14915,0.5,0.5
14916,0.0,1.0
14917,1.0,0.0
14918,0.6875,0.3125
14919,0.8,0.2
14920,0.75,0.25
14921,1.0,0.0
14922,0.5,0.5
14923,0.8333333333333334,0.16666666666666666
14924,0.75,0.25
14925,1.0,0.0
14926,0.5,0.5
14927,1.0,0.0
14928,0.5,0.5
14929,0.75,0.25
14930,1.0,0.0
14931,0.5,0.5
14932,0.0,1.0
14933,0.75,0.25
14934,0.5,0.5
14935,1.0,0.0
14936,0.0,1.0
14937,1.0,0.0
14938,1.0,0.0
14939,1.0,0.0
14940,0.75,0.25
14941,0.5,0.5
14942,1.0,0.0
14943,0.5332348596750369,0.4667651403249631
14944,0.5941422594142259,0.40585774058577406
14945,0.5,0.5
14946,0.6666666666666667,0.3333333333333333
14947,1.0,0.0
14948,0.5,0.5
14949,1.0,0.0
14950,0.0,1.0
14951,0.3928571428571429,0.6071428571428571
14952,0.0,1.0
14953,0.75,0.25
14954,0.5,0.5
14955,1.0,0.0
14956,0.0,1.0
14957,0.0,1.0
14958,0.0,1.0
14959,1.0,0.0
14960,0.75,0.25
14961,0.5,0.5
14962,1.0,0.0
14963,0.0,1.0
14964,0.25,0.75
14965,0.25,0.75
14966,0.5,0.5
14967,0.0,1.0
14968,0.5,0.5
14969,0.0,1.0
14970,0.5,0.5
14971,0.5,0.5
14972,0.0,1.0
14973,1.0,0.0
14974,0.5,0.5
14975,0.0,1.0
14976,0.0,1.0
14977,0.5,0.5
14978,0.5,0.5
14979,0.5,0.5
14980,1.0,0.0
14981,0.5,0.5
14982,0.0,1.0
14983,1.0,0.0
14984,0.5,0.5
14985,0.5,0.5
14986,0.5,0.5
14987,0.0,1.0
14988,0.5,0.5
14989,0.0,1.0
14990,1.0,0.0
14991,1.0,0.0
14992,1.0,0.0
14993,0.5,0.5
14994,0.75,0.25
14995,0.5,0.5
14996,1.0,0.0
14997,0.5769230769230769,0.4230769230769231
14998,0.5,0.5
14999,0.0,1.0
15000,1.0,0.0
15001,0.5909090909090908,0.4090909090909091
15002,0.625,0.375
15003,1.0,0.0
15004,1.0,0.0
15005,1.0,0.0
15006,0.25,0.75
15007,0.0,1.0
15008,0.5,0.5
15009,0.5714285714285714,0.42857142857142855
15010,0.5,0.5
15011,0.75,0.25
15012,1.0,0.0
15013,0.5,0.5
15014,0.6666666666666667,0.3333333333333333
15015,0.5,0.5
15016,1.0,0.0
15017,0.0,1.0
15018,1.0,0.0
15019,0.0,1.0
15020,0.5892857142857143,0.4107142857142857
15021,0.6388888888888888,0.3611111111111111
15022,0.5,0.5
15023,0.6,0.4
15024,0.0,1.0
15025,1.0,0.0
15026,1.0,0.0
15027,1.0,0.0
15028,0.5,0.5
15029,1.0,0.0
15030,0.0,1.0
15031,0.0,1.0
15032,0.6875,0.3125
15033,0.5,0.5
15034,0.5,0.5
15035,0.75,0.25
15036,1.0,0.0
15037,0.6666666666666667,0.3333333333333333
15038,1.0,0.0
15039,0.5,0.5
15040,1.0,0.0
15041,0.0,1.0
15042,0.75,0.25
15043,1.0,0.0
15044,0.5,0.5
15045,0.75,0.25
15046,0.5,0.5
15047,0.8333333333333334,0.16666666666666666
15048,0.5,0.5
15049,1.0,0.0
15050,1.0,0.0
15051,0.527027027027027,0.47297297297297297
15052,1.0,0.0
15053,0.0,1.0
15054,0.0,1.0
15055,0.0,1.0
15056,0.0,1.0
15057,0.5,0.5
15058,0.6,0.4
15059,0.0,1.0
15060,0.75,0.25
15061,1.0,0.0
15062,1.0,0.0
15063,1.0,0.0
15064,1.0,0.0
15065,0.0,1.0
15066,0.6666666666666667,0.3333333333333333
15067,0.0,1.0
15068,1.0,0.0
15069,1.0,0.0
15070,0.5952380952380952,0.40476190476190477
15071,0.5,0.5
15072,0.0,1.0
15073,0.8333333333333334,0.16666666666666666
15074,0.75,0.25
15075,0.5,0.5
15076,1.0,0.0
15077,1.0,0.0
15078,0.6153846153846154,0.38461538461538464
15079,0.0,1.0
15080,1.0,0.0
15081,1.0,0.0
15082,1.0,0.0
15083,0.25,0.75
15084,0.0,1.0
15085,0.5,0.5
15086,0.0,1.0
15087,1.0,0.0
15088,1.0,0.0
15089,0.6666666666666667,0.3333333333333333
15090,1.0,0.0
15091,0.0,1.0
15092,1.0,0.0
15093,0.75,0.25
15094,0.5,0.5
15095,1.0,0.0
15096,0.5,0.5
15097,0.5,0.5
15098,0.0,1.0
15099,1.0,0.0
15100,0.16666666666666663,0.8333333333333334
15101,0.5,0.5
15102,0.0,1.0
15103,0.0,1.0
15104,0.0,1.0
15105,0.6379310344827587,0.3620689655172414
15106,0.5625,0.4375
15107,0.6666666666666667,0.3333333333333333
15108,0.5,0.5
15109,1.0,0.0
15110,0.33333333333333337,0.6666666666666666
15111,0.5,0.5
15112,0.25,0.75
15113,0.0,1.0
15114,0.5,0.5
15115,1.0,0.0
15116,1.0,0.0
15117,1.0,0.0
15118,0.5,0.5
15119,0.25,0.75
15120,0.5,0.5
15121,0.0,1.0
15122,0.0,1.0
15123,0.0,1.0
15124,0.0,1.0
15125,1.0,0.0
15126,1.0,0.0
15127,1.0,0.0
15128,1.0,0.0
15129,0.5,0.5
15130,0.5,0.5
15131,0.0,1.0
15132,1.0,0.0
15133,0.7307692307692308,0.2692307692307692
15134,0.6666666666666667,0.3333333333333333
15135,0.0,1.0
15136,1.0,0.0
15137,0.6666666666666667,0.3333333333333333
15138,1.0,0.0
15139,0.5,0.5
15140,0.5,0.5
15141,0.5,0.5
15142,1.0,0.0
15143,0.7857142857142857,0.21428571428571427
15144,0.75,0.25
15145,0.625,0.375
15146,0.5,0.5
15147,1.0,0.0
15148,0.0,1.0
15149,0.75,0.25
15150,1.0,0.0
15151,0.5,0.5
15152,1.0,0.0
15153,1.0,0.0
15154,1.0,0.0
15155,1.0,0.0
15156,0.6160714285714286,0.38392857142857145
15157,0.5,0.5
15158,0.5909090909090908,0.4090909090909091
15159,0.33333333333333337,0.6666666666666666
15160,0.0,1.0
15161,0.0,1.0
15162,1.0,0.0
15163,0.75,0.25
15164,0.5,0.5
15165,1.0,0.0
15166,0.7,0.3
15167,0.625,0.375
15168,1.0,0.0
15169,1.0,0.0
15170,1.0,0.0
15171,0.25,0.75
15172,0.0,1.0
15173,0.5,0.5
15174,1.0,0.0
15175,0.5,0.5
15176,0.0,1.0
15177,0.0,1.0
15178,0.0,1.0
15179,0.6904761904761905,0.30952380952380953
15180,1.0,0.0
15181,1.0,0.0
15182,1.0,0.0
15183,0.5,0.5
15184,0.5,0.5
15185,1.0,0.0
15186,0.0,1.0
15187,0.5,0.5
15188,1.0,0.0
15189,0.25,0.75
15190,0.5,0.5
15191,0.0,1.0
15192,0.8333333333333334,0.16666666666666666
15193,1.0,0.0
15194,1.0,0.0
15195,1.0,0.0
15196,0.5,0.5
15197,0.5,0.5
15198,0.75,0.25
15199,0.5,0.5
15200,0.75,0.25
15201,1.0,0.0
15202,0.5,0.5
15203,1.0,0.0
15204,0.5,0.5
15205,0.0,1.0
15206,1.0,0.0
15207,0.75,0.25
15208,1.0,0.0
15209,0.5,0.5
15210,1.0,0.0
15211,0.5,0.5
15212,0.5,0.5
15213,0.5,0.5
15214,0.375,0.625
15215,0.5,0.5
15216,0.33333333333333337,0.6666666666666666
15217,0.0,1.0
15218,0.5,0.5
15219,1.0,0.0
15220,0.0,1.0
15221,0.75,0.25
15222,0.5,0.5
15223,1.0,0.0
15224,0.6785714285714286,0.32142857142857145
15225,0.5,0.5
15226,0.6923076923076923,0.3076923076923077
15227,0.6,0.4
15228,0.7857142857142857,0.21428571428571427
15229,0.7,0.3
15230,0.625,0.375
15231,1.0,0.0
15232,0.5,0.5
15233,0.5,0.5
15234,1.0,0.0
15235,0.0,1.0
15236,1.0,0.0
15237,1.0,0.0
15238,1.0,0.0
15239,1.0,0.0
15240,0.16666666666666663,0.8333333333333334
15241,0.0,1.0
15242,0.0,1.0
15243,0.5,0.5
15244,1.0,0.0
15245,1.0,0.0
15246,1.0,0.0
15247,1.0,0.0
15248,1.0,0.0
15249,0.6777777777777778,0.32222222222222224
15250,0.75,0.25
15251,0.0,1.0
15252,1.0,0.0
15253,1.0,0.0
15254,0.0,1.0
15255,1.0,0.0
15256,1.0,0.0
15257,1.0,0.0
15258,1.0,0.0
15259,1.0,0.0
15260,0.5,0.5
15261,1.0,0.0
15262,0.0,1.0
15263,1.0,0.0
15264,1.0,0.0
15265,1.0,0.0
15266,1.0,0.0
15267,0.6515151515151515,0.3484848484848485
15268,0.6724137931034483,0.3275862068965517
15269,0.5,0.5
15270,1.0,0.0
15271,1.0,0.0
15272,0.16666666666666663,0.8333333333333334
15273,0.5,0.5
15274,0.0,1.0
15275,0.0,1.0
15276,0.0,1.0
15277,0.25,0.75
15278,0.0,1.0
15279,0.5,0.5
15280,0.9166666666666666,0.08333333333333333
15281,1.0,0.0
15282,1.0,0.0
15283,1.0,0.0
15284,1.0,0.0
15285,1.0,0.0
15286,1.0,0.0
15287,0.75,0.25
15288,1.0,0.0
15289,0.5,0.5
15290,0.8636363636363636,0.13636363636363635
15291,1.0,0.0
15292,1.0,0.0
15293,1.0,0.0
15294,1.0,0.0
15295,1.0,0.0
15296,0.0,1.0
15297,1.0,0.0
15298,0.875,0.125
15299,1.0,0.0
15300,0.8333333333333334,0.16666666666666666
15301,1.0,0.0
15302,1.0,0.0
15303,0.5,0.5
15304,1.0,0.0
15305,0.25,0.75
15306,0.0,1.0
15307,0.5,0.5
15308,0.25,0.75
15309,0.5,0.5
15310,0.0,1.0
15311,0.5,0.5
15312,1.0,0.0
15313,0.0,1.0
15314,0.5,0.5
15315,0.0,1.0
15316,1.0,0.0
15317,0.6,0.4
15318,0.33333333333333337,0.6666666666666666
15319,0.5,0.5
15320,0.0,1.0
15321,1.0,0.0
15322,0.0,1.0
15323,1.0,0.0
15324,1.0,0.0
15325,1.0,0.0
15326,0.49056603773584906,0.5094339622641509
15327,0.45783132530120485,0.5421686746987951
15328,0.16666666666666663,0.8333333333333334
15329,0.0,1.0
15330,0.25,0.75
15331,0.0,1.0
15332,0.5,0.5
15333,0.19999999999999996,0.8
15334,0.0,1.0
15335,1.0,0.0
15336,0.0,1.0
15337,0.0,1.0
15338,0.0,1.0
15339,0.0,1.0
15340,0.65,0.35
15341,0.6111111111111112,0.3888888888888889
15342,0.5,0.5
15343,0.75,0.25
15344,1.0,0.0
15345,0.5,0.5
15346,1.0,0.0
15347,0.33333333333333337,0.6666666666666666
15348,0.5,0.5
15349,0.0,1.0
15350,1.0,0.0
15351,0.0,1.0
15352,0.75,0.25
15353,0.5,0.5
15354,1.0,0.0
15355,1.0,0.0
15356,0.34615384615384615,0.6538461538461539
15357,0.0,1.0
15358,0.0,1.0
15359,0.0,1.0
15360,0.5,0.5
15361,0.5,0.5
15362,1.0,0.0
15363,1.0,0.0
15364,1.0,0.0
15365,0.0,1.0
15366,1.0,0.0
15367,0.16666666666666663,0.8333333333333334
15368,0.25,0.75
15369,0.0,1.0
15370,0.5,0.5
15371,0.0,1.0
15372,0.0,1.0
15373,0.625,0.375
15374,1.0,0.0
15375,0.5,0.5
15376,0.5,0.5
15377,0.625,0.375
15378,1.0,0.0
15379,0.5,0.5
15380,0.25,0.75
15381,0.0,1.0
15382,0.5,0.5
15383,1.0,0.0
15384,0.5,0.5
15385,0.5,0.5
15386,0.25,0.75
15387,0.5,0.5
15388,0.0,1.0
15389,0.75,0.25
15390,0.5,0.5
15391,1.0,0.0
15392,0.6428571428571428,0.35714285714285715
15393,0.875,0.125
15394,1.0,0.0
15395,1.0,0.0
15396,1.0,0.0
15397,1.0,0.0
15398,1.0,0.0
15399,0.5,0.5
15400,0.5,0.5
15401,1.0,0.0
15402,0.0,1.0
15403,0.0,1.0
15404,0.38888888888888884,0.6111111111111112
15405,0.5,0.5
15406,1.0,0.0
15407,0.0,1.0
15408,0.5,0.5
15409,0.0,1.0
15410,1.0,0.0
15411,0.30000000000000004,0.7
15412,0.25,0.75
15413,0.0,1.0
15414,0.0,1.0
15415,0.0,1.0
15416,0.5,0.5
15417,0.0,1.0
15418,1.0,0.0
15419,0.5,0.5
15420,0.4545454545454546,0.5454545454545454
15421,1.0,0.0
15422,0.0,1.0
15423,0.0,1.0
15424,0.5,0.5
15425,0.0,1.0
15426,0.75,0.25
15427,0.5,0.5
15428,1.0,0.0
15429,0.4,0.6
15430,0.0,1.0
15431,0.0,1.0
15432,0.6666666666666667,0.3333333333333333
15433,0.0,1.0
15434,1.0,0.0
15435,1.0,0.0
15436,1.0,0.0
15437,0.6428571428571428,0.35714285714285715
15438,1.0,0.0
15439,0.5833333333333333,0.4166666666666667
15440,0.625,0.375
15441,0.6666666666666667,0.3333333333333333
15442,1.0,0.0
15443,1.0,0.0
15444,0.0,1.0
15445,0.5,0.5
15446,0.5,0.5
15447,1.0,0.0
15448,0.0,1.0
15449,0.16666666666666663,0.8333333333333334
15450,0.25,0.75
15451,0.5,0.5
15452,0.0,1.0
15453,0.0,1.0
15454,0.25,0.75
15455,0.0,1.0
15456,0.5,0.5
15457,0.5263157894736843,0.47368421052631576
15458,0.33333333333333337,0.6666666666666666
15459,0.0,1.0
15460,0.0,1.0
15461,0.0,1.0
15462,0.0,1.0
15463,0.0,1.0
15464,0.0,1.0
15465,0.33333333333333337,0.6666666666666666
15466,0.25,0.75
15467,0.0,1.0
15468,0.5,0.5
15469,1.0,0.0
15470,0.0,1.0
15471,0.0,1.0
15472,0.5,0.5
15473,1.0,0.0
15474,0.0,1.0
15475,0.40625,0.59375
15476,0.16666666666666663,0.8333333333333334
15477,0.0,1.0
15478,0.25,0.75
15479,0.0,1.0
15480,0.5,0.5
15481,0.25,0.75
15482,0.5,0.5
15483,0.0,1.0
15484,0.0,1.0
15485,0.75,0.25
15486,0.5,0.5
15487,1.0,0.0
15488,0.25,0.75
15489,0.5,0.5
15490,0.0,1.0
15491,0.5,0.5
15492,1.0,0.0
15493,0.0,1.0
15494,0.75,0.25
15495,0.5,0.5
15496,1.0,0.0
15497,0.5,0.5
15498,0.0,1.0
15499,0.25,0.75
15500,0.0,1.0
15501,0.5,0.5
15502,0.5,0.5
15503,1.0,0.0
15504,0.33333333333333337,0.6666666666666666
15505,1.0,0.0
15506,0.0,1.0
15507,0.0,1.0
15508,0.0,1.0
15509,0.6744186046511628,0.32558139534883723
15510,0.6666666666666667,0.3333333333333333
15511,0.5,0.5
15512,1.0,0.0
15513,0.0,1.0
15514,1.0,0.0
15515,0.75,0.25
15516,1.0,0.0
15517,1.0,0.0
15518,1.0,0.0
15519,0.5,0.5
15520,1.0,0.0
15521,0.0,1.0
15522,0.25,0.75
15523,0.0,1.0
15524,1.0,0.0
15525,0.0,1.0
15526,0.0,1.0
15527,0.0,1.0
15528,1.0,0.0
15529,1.0,0.0
15530,1.0,0.0
15531,1.0,0.0
15532,0.5,0.5
15533,0.0,1.0
15534,0.6666666666666667,0.3333333333333333
15535,1.0,0.0
15536,0.5,0.5
15537,0.0,1.0
15538,1.0,0.0
15539,0.6785714285714286,0.32142857142857145
15540,0.6666666666666667,0.3333333333333333
15541,0.75,0.25
15542,1.0,0.0
15543,0.5,0.5
15544,0.5,0.5
15545,0.6818181818181819,0.3181818181818182
15546,0.6875,0.3125
15547,0.33333333333333337,0.6666666666666666
15548,0.5,0.5
15549,0.5,0.5
15550,0.5,0.5
15551,0.0,1.0
15552,0.9,0.1
15553,0.875,0.125
15554,1.0,0.0
15555,0.8333333333333334,0.16666666666666666
15556,1.0,0.0
15557,0.75,0.25
15558,1.0,0.0
15559,0.5,0.5
15560,1.0,0.0
15561,0.6666666666666667,0.3333333333333333
15562,1.0,0.0
15563,1.0,0.0
15564,1.0,0.0
15565,0.0,1.0
15566,0.625,0.375
15567,0.0,1.0
15568,0.8333333333333334,0.16666666666666666
15569,1.0,0.0
15570,1.0,0.0
15571,1.0,0.0
15572,0.5,0.5
15573,0.9,0.1
15574,0.875,0.125
15575,1.0,0.0
15576,1.0,0.0
15577,1.0,0.0
15578,1.0,0.0
15579,0.5,0.5
15580,1.0,0.0
15581,0.75,0.25
15582,0.5,0.5
15583,1.0,0.0
15584,0.5053763440860215,0.4946236559139785
15585,0.4130434782608695,0.5869565217391305
15586,0.125,0.875
15587,0.16666666666666663,0.8333333333333334
15588,0.25,0.75
15589,0.0,1.0
15590,0.5,0.5
15591,0.0,1.0
15592,0.0,1.0
15593,0.6666666666666667,0.3333333333333333
15594,0.0,1.0
15595,1.0,0.0
15596,0.75,0.25
15597,1.0,0.0
15598,0.0,1.0
15599,1.0,0.0
15600,1.0,0.0
15601,1.0,0.0
15602,1.0,0.0
15603,0.4482758620689655,0.5517241379310345
15604,0.5,0.5
15605,1.0,0.0
15606,0.375,0.625
15607,1.0,0.0
15608,0.16666666666666663,0.8333333333333334
15609,0.0,1.0
15610,0.25,0.75
15611,0.0,1.0
15612,0.5,0.5
15613,0.5,0.5
15614,0.5,0.5
15615,1.0,0.0
15616,0.0,1.0
15617,0.0,1.0
15618,1.0,0.0
15619,1.0,0.0
15620,1.0,0.0
15621,1.0,0.0
15622,0.25,0.75
15623,0.5,0.5
15624,0.0,1.0
15625,0.6666666666666667,0.3333333333333333
15626,0.5,0.5
15627,0.0,1.0
15628,1.0,0.0
15629,1.0,0.0
15630,0.25,0.75
15631,0.0,1.0
15632,0.33333333333333337,0.6666666666666666
15633,0.0,1.0
15634,0.5,0.5
15635,1.0,0.0
15636,0.0,1.0
15637,0.3125,0.6875
15638,0.0,1.0
15639,0.0,1.0
15640,0.5,0.5
15641,1.0,0.0
15642,0.0,1.0
15643,0.5,0.5
15644,0.0,1.0
15645,1.0,0.0
15646,0.0,1.0
15647,0.08333333333333337,0.9166666666666666
15648,0.25,0.75
15649,0.0,1.0
15650,0.5,0.5
15651,0.0,1.0
15652,0.0,1.0
15653,0.0,1.0
15654,0.0,1.0
15655,0.0,1.0
15656,0.0,1.0
15657,0.5555555555555556,0.4444444444444444
15658,0.625,0.375
15659,0.75,0.25
15660,1.0,0.0
15661,0.5,0.5
15662,0.375,0.625
15663,0.5,0.5
15664,0.75,0.25
15665,1.0,0.0
15666,0.5,0.5
15667,0.0,1.0
15668,0.0,1.0
15669,1.0,0.0
15670,1.0,0.0
15671,1.0,0.0
15672,0.0,1.0
15673,0.6515151515151515,0.3484848484848485
15674,0.5961538461538461,0.40384615384615385
15675,0.8333333333333334,0.16666666666666666
15676,1.0,0.0
15677,1.0,0.0
15678,0.5,0.5
15679,0.5652173913043479,0.43478260869565216
15680,0.0,1.0
15681,1.0,0.0
15682,0.6666666666666667,0.3333333333333333
15683,1.0,0.0
15684,0.0,1.0
15685,0.6666666666666667,0.3333333333333333
15686,1.0,0.0
15687,0.5,0.5
15688,1.0,0.0
15689,0.0,1.0
15690,1.0,0.0
15691,0.0,1.0
15692,1.0,0.0
15693,0.33333333333333337,0.6666666666666666
15694,0.5,0.5
15695,0.0,1.0
15696,1.0,0.0
15697,0.0,1.0
15698,1.0,0.0
15699,1.0,0.0
15700,1.0,0.0
15701,1.0,0.0
15702,1.0,0.0
15703,0.30000000000000004,0.7
15704,0.0,1.0
15705,0.375,0.625
15706,0.33333333333333337,0.6666666666666666
15707,0.0,1.0
15708,0.0,1.0
15709,1.0,0.0
15710,0.5,0.5
15711,0.75,0.25
15712,0.5,0.5
15713,1.0,0.0
15714,0.8571428571428572,0.14285714285714285
15715,0.9,0.1
15716,1.0,0.0
15717,0.875,0.125
15718,0.75,0.25
15719,1.0,0.0
15720,0.5,0.5
15721,1.0,0.0
15722,1.0,0.0
15723,1.0,0.0
15724,0.75,0.25
15725,1.0,0.0
15726,0.5,0.5
15727,0.2692307692307693,0.7307692307692307
15728,0.28260869565217395,0.717391304347826
15729,0.2666666666666667,0.7333333333333333
15730,0.25,0.75
15731,0.5,0.5
15732,0.0,1.0
15733,0.25,0.75
15734,0.5,0.5
15735,0.0,1.0
15736,0.19999999999999996,0.8
15737,0.0,1.0
15738,0.25,0.75
15739,0.5,0.5
15740,0.0,1.0
15741,0.5,0.5
15742,0.0,1.0
15743,0.5,0.5
15744,0.5,0.5
15745,0.5,0.5
15746,0.0,1.0
15747,1.0,0.0
15748,0.25,0.75
15749,0.0,1.0
15750,0.5,0.5
15751,0.0,1.0
15752,0.3125,0.6875
15753,0.5,0.5
15754,0.5,0.5
15755,0.5,0.5
15756,0.0,1.0
15757,0.0,1.0
15758,0.0,1.0
15759,0.0,1.0
15760,1.0,0.0
15761,0.0,1.0
15762,0.16666666666666663,0.8333333333333334
15763,0.0,1.0
15764,0.25,0.75
15765,0.5,0.5
15766,0.0,1.0
15767,0.6,0.4
15768,1.0,0.0
15769,1.0,0.0
15770,1.0,0.0
15771,0.625,0.375
15772,0.0,1.0
15773,1.0,0.0
15774,0.75,0.25
15775,1.0,0.0
15776,0.5,0.5
15777,0.75,0.25
15778,0.5,0.5
15779,0.0,1.0
15780,1.0,0.0
15781,1.0,0.0
15782,1.0,0.0
15783,1.0,0.0
15784,1.0,0.0
15785,1.0,0.0
15786,0.5,0.5
15787,0.5,0.5
15788,0.5,0.5
15789,1.0,0.0
15790,0.4285714285714286,0.5714285714285714
15791,1.0,0.0
15792,0.33333333333333337,0.6666666666666666
15793,0.375,0.625
15794,1.0,0.0
15795,0.16666666666666663,0.8333333333333334
15796,0.0,1.0
15797,0.0,1.0
15798,0.0,1.0
15799,0.5,0.5
15800,0.25,0.75
15801,0.5,0.5
15802,0.0,1.0
15803,0.6363636363636364,0.36363636363636365
15804,0.5,0.5
15805,0.65,0.35
15806,0.75,0.25
15807,1.0,0.0
15808,0.0,1.0
15809,1.0,0.0
15810,1.0,0.0
15811,1.0,0.0
15812,0.0,1.0
15813,0.7,0.3
15814,0.0,1.0
15815,0.875,0.125
15816,1.0,0.0
15817,0.8333333333333334,0.16666666666666666
15818,1.0,0.0
15819,0.75,0.25
15820,0.5,0.5
15821,1.0,0.0
15822,0.5454545454545454,0.45454545454545453
15823,1.0,0.0
15824,0.0,1.0
15825,0.0,1.0
15826,0.75,0.25
15827,1.0,0.0
15828,0.5,0.5
15829,0.8333333333333334,0.16666666666666666
15830,0.75,0.25
15831,0.5,0.5
15832,1.0,0.0
15833,1.0,0.0
15834,0.33333333333333337,0.6666666666666666
15835,0.0,1.0
15836,0.0,1.0
15837,0.0,1.0
15838,1.0,0.0
15839,0.5,0.5
15840,0.0,1.0
15841,0.0,1.0
15842,0.0,1.0
15843,0.8333333333333334,0.16666666666666666
15844,1.0,0.0
15845,0.5,0.5
15846,1.0,0.0
15847,0.6666666666666667,0.3333333333333333
15848,0.33333333333333337,0.6666666666666666
15849,0.25,0.75
15850,0.0,1.0
15851,0.5,0.5
15852,0.5,0.5
15853,1.0,0.0
15854,1.0,0.0
15855,1.0,0.0
15856,1.0,0.0
15857,1.0,0.0
15858,0.75,0.25
15859,0.5,0.5
15860,1.0,0.0
15861,0.375,0.625
15862,0.0,1.0
15863,0.5,0.5
15864,0.5,0.5
15865,0.5,0.5
15866,1.0,0.0
15867,0.0,1.0
15868,0.33333333333333337,0.6666666666666666
15869,0.09999999999999998,0.9
15870,0.0,1.0
15871,0.125,0.875
15872,0.16666666666666663,0.8333333333333334
15873,0.0,1.0
15874,0.25,0.75
15875,0.0,1.0
15876,0.5,0.5
15877,0.0,1.0
15878,0.5,0.5
15879,1.0,0.0
15880,0.0,1.0
15881,0.0,1.0
15882,0.5,0.5
15883,0.0,1.0
15884,1.0,0.0
15885,0.33333333333333337,0.6666666666666666
15886,0.0,1.0
15887,0.5,0.5
15888,0.0,1.0
15889,1.0,0.0
15890,0.5,0.5
15891,1.0,0.0
15892,0.0,1.0
15893,0.0,1.0
15894,0.0,1.0
15895,0.0,1.0
15896,0.6666666666666667,0.3333333333333333
15897,0.5,0.5
15898,0.75,0.25
15899,0.5,0.5
15900,1.0,0.0
15901,0.5416666666666667,0.4583333333333333
15902,0.4629629629629629,0.5370370370370371
15903,0.46153846153846156,0.5384615384615384
15904,0.75,0.25
15905,1.0,0.0
15906,1.0,0.0
15907,0.5,0.5
15908,1.0,0.0
15909,0.0,1.0
15910,0.40909090909090906,0.5909090909090909
15911,1.0,0.0
15912,0.38095238095238093,0.6190476190476191
15913,1.0,0.0
15914,0.0,1.0
15915,0.0,1.0
15916,0.5,0.5
15917,0.3125,0.6875
15918,0.0,1.0
15919,0.0,1.0
15920,0.5,0.5
15921,1.0,0.0
15922,0.0,1.0
15923,0.5,0.5
15924,1.0,0.0
15925,0.0,1.0
15926,0.0,1.0
15927,0.0,1.0
15928,0.41666666666666663,0.5833333333333334
15929,0.0,1.0
15930,0.0,1.0
15931,0.625,0.375
15932,0.6666666666666667,0.3333333333333333
15933,0.5,0.5
15934,1.0,0.0
15935,0.5,0.5
15936,0.5,0.5
15937,0.75,0.25
15938,0.5,0.5
15939,1.0,0.0
15940,0.5,0.5
15941,0.5729166666666667,0.4270833333333333
15942,0.35,0.65
15943,0.25,0.75
15944,0.0,1.0
15945,0.0,1.0
15946,0.5,0.5
15947,0.5,0.5
15948,0.5,0.5
15949,0.5,0.5
15950,0.5,0.5
15951,0.5,0.5
15952,0.0,1.0
15953,0.0,1.0
15954,0.0,1.0
15955,0.75,0.25
15956,1.0,0.0
15957,0.5,0.5
15958,0.75,0.25
15959,1.0,0.0
15960,0.5,0.5
15961,0.6,0.4
15962,1.0,0.0
15963,1.0,0.0
15964,1.0,0.0
15965,0.33333333333333337,0.6666666666666666
15966,0.5,0.5
15967,0.0,1.0
15968,1.0,0.0
15969,0.0,1.0
15970,0.75,0.25
15971,0.5,0.5
15972,1.0,0.0
15973,0.625,0.375
15974,1.0,0.0
15975,0.5,0.5
15976,0.5,0.5
15977,0.0,1.0
15978,1.0,0.0
15979,0.5,0.5
15980,1.0,0.0
15981,0.25,0.75
15982,0.5,0.5
15983,0.0,1.0
15984,0.5,0.5
15985,0.8,0.2
15986,1.0,0.0
15987,0.75,0.25
15988,1.0,0.0
15989,0.6666666666666667,0.3333333333333333
15990,1.0,0.0
15991,1.0,0.0
15992,1.0,0.0
15993,0.0,1.0
15994,0.7083333333333333,0.2916666666666667
15995,0.6428571428571428,0.35714285714285715
15996,0.5,0.5
15997,0.5,0.5
15998,0.0,1.0
15999,1.0,0.0
16000,0.5,0.5
16001,0.0,1.0
16002,1.0,0.0
16003,0.8333333333333334,0.16666666666666666
16004,0.75,0.25
16005,1.0,0.0
16006,0.5,0.5
16007,1.0,0.0
16008,0.8,0.2
16009,1.0,0.0
16010,0.75,0.25
16011,1.0,0.0
16012,0.6666666666666667,0.3333333333333333
16013,0.5,0.5
16014,0.5,0.5
16015,1.0,0.0
16016,0.25,0.75
16017,0.5,0.5
16018,1.0,0.0
16019,0.0,1.0
16020,0.0,1.0
16021,0.0,1.0
16022,0.0,1.0
16023,0.6111111111111112,0.3888888888888889
16024,0.75,0.25
16025,0.5,0.5
16026,1.0,0.0
16027,1.0,0.0
16028,0.6666666666666667,0.3333333333333333
16029,1.0,0.0
16030,0.5,0.5
16031,1.0,0.0
16032,0.0,1.0
16033,0.33333333333333337,0.6666666666666666
16034,0.0,1.0
16035,0.5,0.5
16036,0.5,0.5
16037,0.5,0.5
