node,depth,gemma2-2b-it,llama3.2-3b-instruct
0,1,0.5817438692098093,0.41825613079019075
1,1,0.6170130869899924,0.3829869130100077
2,1,0.6029532403609517,0.3970467596390484
3,1,0.47184337879454463,0.5281566212054554
4,1,0.6691896705253785,0.3308103294746215
5,1,0.6166776532630192,0.3833223467369809
6,2,0.5332348596750369,0.4667651403249631
7,2,0.6013171225937184,0.39868287740628167
8,2,0.5966850828729282,0.40331491712707185
9,2,0.6521739130434783,0.34782608695652173
10,2,0.69,0.31
11,2,0.5635838150289018,0.43641618497109824
12,2,0.4301075268817204,0.5698924731182796
13,2,0.6885714285714286,0.31142857142857144
14,2,0.6014925373134328,0.39850746268656717
15,2,0.6233766233766234,0.37662337662337664
16,2,0.6206060606060606,0.3793939393939394
17,2,0.565989847715736,0.434010152284264
18,2,0.463855421686747,0.536144578313253
19,2,0.5362776025236593,0.4637223974763407
20,2,0.44940476190476186,0.5505952380952381
21,2,0.5798429319371727,0.4201570680628272
22,2,0.388235294117647,0.611764705882353
23,2,0.4726224783861671,0.5273775216138329
24,2,0.48269230769230764,0.5173076923076924
25,2,0.3709677419354839,0.6290322580645161
26,2,0.39317507418397624,0.6068249258160238
27,2,0.55,0.45
28,2,0.9214285714285715,0.07857142857142857
29,2,0.6510791366906474,0.3489208633093525
30,2,0.6755555555555556,0.3244444444444444
31,2,0.5975609756097561,0.4024390243902439
32,2,0.6017964071856288,0.39820359281437123
33,2,0.5327380952380952,0.46726190476190477
34,2,0.6663286004056795,0.33367139959432046
35,2,0.6689189189189189,0.3310810810810811
36,2,0.43617021276595747,0.5638297872340425
37,2,0.5520833333333333,0.4479166666666667
38,2,0.6132075471698113,0.3867924528301887
39,2,0.6689419795221843,0.3310580204778157
40,3,0.5053763440860215,0.4946236559139785
41,3,0.49056603773584906,0.5094339622641509
42,3,0.5941422594142259,0.40585774058577406
43,3,0.5464285714285715,0.45357142857142857
44,3,0.6320754716981132,0.36792452830188677
45,3,0.6310679611650485,0.36893203883495146
46,3,0.6030534351145038,0.3969465648854962
47,3,0.5220588235294117,0.47794117647058826
48,3,0.6148648648648649,0.38513513513513514
49,3,0.5695652173913044,0.43043478260869567
50,3,0.6382978723404256,0.3617021276595745
51,3,0.6715686274509804,0.3284313725490196
52,3,0.6039603960396039,0.39603960396039606
53,3,0.6189427312775331,0.381057268722467
54,3,0.5516304347826086,0.4483695652173913
55,3,0.6139896373056994,0.3860103626943005
56,3,0.5963455149501662,0.40365448504983387
57,3,0.5178571428571428,0.48214285714285715
58,3,0.7109375,0.2890625
59,3,0.6268656716417911,0.373134328358209
60,3,0.7218045112781954,0.2781954887218045
61,3,0.7112676056338028,0.2887323943661972
62,3,0.4607843137254902,0.5392156862745098
63,3,0.4042553191489362,0.5957446808510638
64,3,0.4565217391304348,0.5434782608695652
65,3,0.7142857142857143,0.2857142857142857
66,3,0.8333333333333334,0.16666666666666666
67,3,0.368421052631579,0.631578947368421
68,3,0.6704545454545454,0.32954545454545453
69,3,0.7307692307692308,0.2692307692307692
70,3,0.6052631578947368,0.39473684210526316
71,3,0.7727272727272727,0.22727272727272727
72,3,0.8125,0.1875
73,3,0.8,0.2
74,3,0.5806451612903225,0.41935483870967744
75,3,0.4782608695652174,0.5217391304347826
76,3,0.5238095238095238,0.47619047619047616
77,3,0.6,0.4
78,3,0.7019230769230769,0.2980769230769231
79,3,0.609375,0.390625
80,3,0.6129032258064516,0.3870967741935484
81,3,0.6666666666666667,0.3333333333333333
82,3,0.648936170212766,0.35106382978723405
83,3,0.6058394160583942,0.39416058394160586
84,3,0.6083690987124464,0.3916309012875536
85,3,0.6364902506963788,0.3635097493036212
86,3,0.5789473684210527,0.42105263157894735
87,3,0.5837209302325581,0.41627906976744183
88,3,0.5194174757281553,0.48058252427184467
89,3,0.75,0.25
90,3,0.43999999999999995,0.56
91,3,0.23529411764705888,0.7647058823529411
92,3,0.7916666666666666,0.20833333333333334
93,3,0.8181818181818181,0.18181818181818182
94,3,0.47282608695652173,0.5271739130434783
95,3,0.4464285714285714,0.5535714285714286
96,3,0.5086206896551724,0.49137931034482757
97,3,0.7,0.3
98,3,0.5795454545454546,0.42045454545454547
99,3,0.4807692307692307,0.5192307692307693
100,3,0.44059405940594054,0.5594059405940595
101,3,0.4626865671641791,0.5373134328358209
102,3,0.6,0.4
103,3,0.6058823529411765,0.3941176470588235
104,3,0.6666666666666667,0.3333333333333333
105,3,0.6060606060606061,0.3939393939393939
106,3,0.41666666666666663,0.5833333333333334
107,3,0.6451612903225806,0.3548387096774194
108,3,0.5,0.5
109,3,0.515625,0.484375
110,3,0.603448275862069,0.39655172413793105
111,3,0.5681818181818181,0.4318181818181818
112,3,0.3650793650793651,0.6349206349206349
113,3,0.375,0.625
114,3,0.47777777777777775,0.5222222222222223
115,3,0.48026315789473684,0.5197368421052632
116,3,0.36904761904761907,0.6309523809523809
117,3,0.5094339622641509,0.49056603773584906
118,3,0.4571428571428572,0.5428571428571428
119,3,0.5,0.5
120,3,0.48809523809523814,0.5119047619047619
121,3,0.5135135135135135,0.4864864864864865
122,3,0.4558823529411765,0.5441176470588235
123,3,0.8888888888888888,0.1111111111111111
124,3,0.16666666666666663,0.8333333333333334
125,3,0.3846153846153846,0.6153846153846154
126,3,0.38888888888888884,0.6111111111111112
127,3,0.25,0.75
128,3,0.375,0.625
129,3,0.46153846153846156,0.5384615384615384
130,3,0.23076923076923073,0.7692307692307693
131,3,0.2727272727272727,0.7272727272727273
132,3,0.41666666666666663,0.5833333333333334
133,3,0.32638888888888884,0.6736111111111112
134,3,0.4430051813471503,0.5569948186528497
135,3,0.30000000000000004,0.7
136,3,0.08333333333333337,0.9166666666666666
137,3,1.0,0.0
138,3,0.875,0.125
139,3,0.5416666666666667,0.4583333333333333
140,3,0.7,0.3
141,3,0.5,0.5
142,3,0.875,0.125
143,3,0.875,0.125
144,3,0.7222222222222222,0.2777777777777778
145,3,0.9807692307692307,0.019230769230769232
146,3,1.0,0.0
147,3,0.375,0.625
148,3,1.0,0.0
149,3,0.95,0.05
150,3,0.896551724137931,0.10344827586206896
151,3,1.0,0.0
152,3,1.0,0.0
153,3,0.5625,0.4375
154,3,0.6564885496183206,0.3435114503816794
155,3,0.5,0.5
156,3,0.7479674796747968,0.25203252032520324
157,3,0.7045454545454546,0.29545454545454547
158,3,0.6166666666666667,0.38333333333333336
159,3,0.5256410256410257,0.47435897435897434
160,3,0.48863636363636365,0.5113636363636364
161,3,0.6375,0.3625
162,3,0.5869565217391304,0.41304347826086957
163,3,0.6041666666666667,0.3958333333333333
164,3,0.5875,0.4125
165,3,0.515625,0.484375
166,3,0.6981132075471699,0.3018867924528302
167,3,0.6085714285714285,0.3914285714285714
168,3,0.6287878787878788,0.3712121212121212
169,3,0.653061224489796,0.3469387755102041
170,3,0.7058823529411764,0.29411764705882354
171,3,0.84375,0.15625
172,3,0.37777777777777777,0.6222222222222222
173,3,0.46354166666666663,0.5364583333333334
174,3,0.5,0.5
175,3,0.5667938931297709,0.43320610687022904
176,3,0.4666666666666667,0.5333333333333333
177,3,0.6373626373626373,0.3626373626373626
178,3,0.6153846153846154,0.38461538461538464
179,3,0.6799999999999999,0.32
180,3,0.75,0.25
181,3,0.6941176470588235,0.3058823529411765
182,3,0.6071428571428572,0.39285714285714285
183,3,0.74,0.26
184,3,0.6263736263736264,0.37362637362637363
185,4,0.5416666666666667,0.4583333333333333
186,4,0.33333333333333337,0.6666666666666666
187,4,0.6,0.4
188,4,0.2692307692307693,0.7307692307692307
189,4,0.6515151515151515,0.3484848484848485
190,4,0.5555555555555556,0.4444444444444444
191,4,0.4130434782608695,0.5869565217391305
192,4,0.5263157894736843,0.47368421052631576
193,4,0.45783132530120485,0.5421686746987951
194,4,0.6,0.4
195,4,0.6777777777777778,0.32222222222222224
196,4,0.6160714285714286,0.38392857142857145
197,4,0.5892857142857143,0.4107142857142857
198,4,0.5,0.5
199,4,0.6851851851851851,0.3148148148148148
200,4,0.5132743362831859,0.48672566371681414
201,4,0.6428571428571428,0.35714285714285715
202,4,0.6370967741935484,0.3629032258064516
203,4,0.6166666666666667,0.38333333333333336
204,4,0.6666666666666667,0.3333333333333333
205,4,0.6,0.4
206,4,0.6212121212121212,0.3787878787878788
207,4,0.6228070175438596,0.37719298245614036
208,4,0.5609756097560976,0.43902439024390244
209,4,0.5204081632653061,0.47959183673469385
210,4,0.5263157894736843,0.47368421052631576
211,4,0.6527777777777778,0.3472222222222222
212,4,0.5789473684210527,0.42105263157894735
213,4,0.5657894736842105,0.4342105263157895
214,4,0.5714285714285714,0.42857142857142855
215,4,0.8,0.2
216,4,0.8636363636363636,0.13636363636363635
217,4,0.8333333333333334,0.16666666666666666
218,4,0.625,0.375
219,4,0.1875,0.8125
220,4,0.5,0.5
221,4,0.6666666666666667,0.3333333333333333
222,4,0.7352941176470589,0.2647058823529412
223,4,0.5454545454545454,0.45454545454545453
224,4,0.7037037037037037,0.2962962962962963
225,4,0.675,0.325
226,4,0.6388888888888888,0.3611111111111111
227,4,0.6166666666666667,0.38333333333333336
228,4,0.5,0.5
229,4,0.6904761904761905,0.30952380952380953
230,4,0.5319148936170213,0.46808510638297873
231,4,0.7608695652173914,0.2391304347826087
232,4,0.875,0.125
233,4,0.45238095238095233,0.5476190476190477
234,4,0.6964285714285714,0.30357142857142855
235,4,0.30000000000000004,0.7
236,4,0.5555555555555556,0.4444444444444444
237,4,0.6666666666666667,0.3333333333333333
238,4,0.5789473684210527,0.42105263157894735
239,4,0.5071428571428571,0.4928571428571429
240,4,0.6704545454545454,0.32954545454545453
241,4,0.7,0.3
242,4,0.5,0.5
243,4,0.6428571428571428,0.35714285714285715
244,4,0.4473684210526315,0.5526315789473685
245,4,0.5606060606060606,0.4393939393939394
246,4,0.7115384615384616,0.28846153846153844
247,4,0.5858585858585859,0.41414141414141414
248,4,0.5576923076923077,0.4423076923076923
249,4,0.5634920634920635,0.4365079365079365
250,4,0.6551724137931034,0.3448275862068966
251,4,0.16666666666666663,0.8333333333333334
252,4,0.33333333333333337,0.6666666666666666
253,4,0.5909090909090908,0.4090909090909091
254,4,0.5,0.5
255,4,0.5,0.5
256,4,1.0,0.0
257,4,0.6666666666666667,0.3333333333333333
258,4,0.8,0.2
259,4,0.6842105263157895,0.3157894736842105
260,4,0.7,0.3
261,4,1.0,0.0
262,4,0.25,0.75
263,4,0.8125,0.1875
264,4,1.0,0.0
265,4,0.33333333333333337,0.6666666666666666
266,4,0.75,0.25
267,4,1.0,0.0
268,4,0.6,0.4
269,4,0.55,0.45
270,4,0.5625,0.4375
271,4,0.8571428571428572,0.14285714285714285
272,4,0.875,0.125
273,4,0.5833333333333333,0.4166666666666667
274,4,0.5,0.5
275,4,0.5714285714285714,0.42857142857142855
276,4,0.5714285714285714,0.42857142857142855
277,4,0.7133333333333334,0.2866666666666667
278,4,0.7327586206896552,0.2672413793103448
279,4,0.8333333333333334,0.16666666666666666
280,4,0.725,0.275
281,4,0.7391304347826086,0.2608695652173913
282,4,0.75,0.25
283,4,0.33333333333333337,0.6666666666666666
284,4,0.6,0.4
285,4,0.6875,0.3125
286,4,0.08333333333333337,0.9166666666666666
287,4,0.59375,0.40625
288,4,0.5227272727272727,0.4772727272727273
289,4,0.1785714285714286,0.8214285714285714
290,4,0.6666666666666667,0.3333333333333333
291,4,0.475,0.525
292,4,0.8333333333333334,0.16666666666666666
293,4,0.6666666666666667,0.3333333333333333
294,4,0.5,0.5
295,4,0.36764705882352944,0.6323529411764706
296,4,0.8333333333333334,0.16666666666666666
297,4,0.16666666666666663,0.8333333333333334
298,4,0.16666666666666663,0.8333333333333334
299,4,0.5384615384615384,0.46153846153846156
300,4,0.5,0.5
301,4,0.625,0.375
302,4,0.5,0.5
303,4,0.75,0.25
304,4,0.375,0.625
305,4,0.5,0.5
306,4,0.7,0.3
307,4,0.71875,0.28125
308,4,0.5,0.5
309,4,0.875,0.125
310,4,0.11111111111111116,0.8888888888888888
311,4,0.5,0.5
312,4,0.5,0.5
313,4,0.5,0.5
314,4,1.0,0.0
315,4,0.75,0.25
316,4,0.6607142857142857,0.3392857142857143
317,4,0.6875,0.3125
318,4,0.7857142857142857,0.21428571428571427
319,4,0.6,0.4
320,4,1.0,0.0
321,4,0.0,1.0
322,4,0.5,0.5
323,4,0.75,0.25
324,4,0.33333333333333337,0.6666666666666666
325,4,0.5,0.5
326,4,1.0,0.0
327,4,1.0,0.0
328,4,0.5,0.5
329,4,0.5,0.5
330,4,1.0,0.0
331,4,0.7777777777777778,0.2222222222222222
332,4,0.75,0.25
333,4,0.8333333333333334,0.16666666666666666
334,4,0.5,0.5
335,4,1.0,0.0
336,4,0.5,0.5
337,4,1.0,0.0
338,4,1.0,0.0
339,4,0.5,0.5
340,4,0.75,0.25
341,4,0.33333333333333337,0.6666666666666666
342,4,0.75,0.25
343,4,0.5,0.5
344,4,0.5,0.5
345,4,0.6666666666666667,0.3333333333333333
346,4,0.6666666666666667,0.3333333333333333
347,4,0.0,1.0
348,4,0.41666666666666663,0.5833333333333334
349,4,0.43333333333333335,0.5666666666666667
350,4,0.52,0.48
351,4,0.0,1.0
352,4,0.5,0.5
353,4,0.5,0.5
354,4,1.0,0.0
355,4,0.25,0.75
356,4,0.75,0.25
357,4,0.5,0.5
358,4,0.5,0.5
359,4,1.0,0.0
360,4,0.41666666666666663,0.5833333333333334
361,4,0.5833333333333333,0.4166666666666667
362,4,0.75,0.25
363,4,0.5625,0.4375
364,4,0.7857142857142857,0.21428571428571427
365,4,0.41666666666666663,0.5833333333333334
366,4,0.8333333333333334,0.16666666666666666
367,4,0.5555555555555556,0.4444444444444444
368,4,0.5,0.5
369,4,0.5,0.5
370,4,0.7105263157894737,0.2894736842105263
371,4,0.696969696969697,0.30303030303030304
372,4,0.6111111111111112,0.3888888888888889
373,4,0.6470588235294117,0.35294117647058826
374,4,0.5,0.5
375,4,0.6428571428571428,0.35714285714285715
376,4,0.7142857142857143,0.2857142857142857
377,4,0.5,0.5
378,4,0.5,0.5
379,4,0.5,0.5
380,4,0.8333333333333334,0.16666666666666666
381,4,0.5,0.5
382,4,0.6851851851851851,0.3148148148148148
383,4,0.7272727272727273,0.2727272727272727
384,4,0.625,0.375
385,4,0.6233766233766234,0.37662337662337664
386,4,0.5833333333333333,0.4166666666666667
387,4,0.6344086021505376,0.3655913978494624
388,4,0.5910714285714286,0.4089285714285714
389,4,0.6811594202898551,0.3188405797101449
390,4,0.6085972850678734,0.3914027149321267
391,4,0.5232558139534884,0.47674418604651164
392,4,0.75,0.25
393,4,0.7666666666666666,0.23333333333333334
394,4,0.25,0.75
395,4,0.55,0.45
396,4,1.0,0.0
397,4,0.6071428571428572,0.39285714285714285
398,4,0.5731707317073171,0.4268292682926829
399,4,0.7608695652173914,0.2391304347826087
400,4,0.5625,0.4375
401,4,0.48913043478260865,0.5108695652173914
402,4,0.5135135135135135,0.4864864864864865
403,4,0.4864864864864865,0.5135135135135135
404,4,0.5689655172413793,0.43103448275862066
405,4,1.0,0.0
406,4,0.5,0.5
407,4,0.125,0.875
408,4,0.5,0.5
409,4,0.4696969696969697,0.5303030303030303
410,4,0.4545454545454546,0.5454545454545454
411,4,0.0,1.0
412,4,0.75,0.25
413,4,0.16666666666666663,0.8333333333333334
414,4,0.5,0.5
415,4,0.0,1.0
416,4,0.0,1.0
417,4,0.5,0.5
418,4,0.5,0.5
419,4,0.8,0.2
420,4,0.7857142857142857,0.21428571428571427
421,4,0.9375,0.0625
422,4,0.6666666666666667,0.3333333333333333
423,4,1.0,0.0
424,4,0.6,0.4
425,4,0.46808510638297873,0.5319148936170213
426,4,0.44999999999999996,0.55
427,4,0.43999999999999995,0.56
428,4,0.41666666666666663,0.5833333333333334
429,4,0.3571428571428571,0.6428571428571429
430,4,0.5714285714285714,0.42857142857142855
431,4,0.5,0.5
432,4,0.0,1.0
433,4,0.5175438596491229,0.4824561403508772
434,4,0.5,0.5
435,4,1.0,0.0
436,4,0.0,1.0
437,4,1.0,0.0
438,4,0.5,0.5
439,4,1.0,0.0
440,4,1.0,0.0
441,4,0.5,0.5
442,4,0.33333333333333337,0.6666666666666666
443,4,0.7142857142857143,0.2857142857142857
444,4,0.6153846153846154,0.38461538461538464
445,4,0.5,0.5
446,4,0.5,0.5
447,4,0.5666666666666667,0.43333333333333335
448,4,0.5,0.5
449,4,0.42307692307692313,0.5769230769230769
450,4,0.33333333333333337,0.6666666666666666
451,4,0.4285714285714286,0.5714285714285714
452,4,0.5,0.5
453,4,0.5,0.5
454,4,0.6,0.4
455,4,0.6666666666666667,0.3333333333333333
456,4,0.4,0.6
457,4,0.5,0.5
458,4,0.4358974358974359,0.5641025641025641
459,4,0.4,0.6
460,4,0.6666666666666667,0.3333333333333333
461,4,0.4642857142857143,0.5357142857142857
462,4,0.33333333333333337,0.6666666666666666
463,4,0.875,0.125
464,4,0.3571428571428571,0.6428571428571429
465,4,0.5,0.5
466,4,0.5,0.5
467,4,1.0,0.0
468,4,0.8333333333333334,0.16666666666666666
469,4,0.5833333333333333,0.4166666666666667
470,4,0.6333333333333333,0.36666666666666664
471,4,0.5,0.5
472,4,0.6428571428571428,0.35714285714285715
473,4,0.6590909090909092,0.3409090909090909
474,4,0.7307692307692308,0.2692307692307692
475,4,0.5909090909090908,0.4090909090909091
476,4,0.75,0.25
477,4,0.5833333333333333,0.4166666666666667
478,4,0.7,0.3
479,4,0.33333333333333337,0.6666666666666666
480,4,0.5714285714285714,0.42857142857142855
481,4,0.625,0.375
482,4,0.25,0.75
483,4,0.7352941176470589,0.2647058823529412
484,4,1.0,0.0
485,4,0.2142857142857143,0.7857142857142857
486,4,0.5,0.5
487,4,0.16666666666666663,0.8333333333333334
488,4,0.7,0.3
489,4,0.5,0.5
490,4,0.5,0.5
491,4,0.0,1.0
492,4,0.75,0.25
493,4,0.75,0.25
494,4,0.75,0.25
495,4,0.4545454545454546,0.5454545454545454
496,4,0.4285714285714286,0.5714285714285714
497,4,0.0,1.0
498,4,1.0,0.0
499,4,0.0,1.0
500,4,1.0,0.0
501,4,0.5,0.5
502,4,0.5,0.5
503,4,1.0,0.0
504,4,0.5,0.5
505,4,0.30000000000000004,0.7
506,4,0.5,0.5
507,4,0.625,0.375
508,4,0.6666666666666667,0.3333333333333333
509,4,0.33333333333333337,0.6666666666666666
510,4,0.6111111111111112,0.3888888888888889
511,4,0.5,0.5
512,4,0.75,0.25
513,4,0.6111111111111112,0.3888888888888889
514,4,0.5,0.5
515,4,0.5,0.5
516,4,0.59375,0.40625
517,4,0.34328358208955223,0.6567164179104478
518,4,0.38983050847457623,0.6101694915254238
519,4,0.5,0.5
520,4,0.36363636363636365,0.6363636363636364
521,4,0.5,0.5
522,4,0.4,0.6
523,4,0.25,0.75
524,4,0.6666666666666667,0.3333333333333333
525,4,0.75,0.25
526,4,0.625,0.375
527,4,0.33333333333333337,0.6666666666666666
528,4,0.625,0.375
529,4,0.4285714285714286,0.5714285714285714
530,4,0.33333333333333337,0.6666666666666666
531,4,0.6538461538461539,0.34615384615384615
532,4,0.5,0.5
533,4,0.3214285714285714,0.6785714285714286
534,4,0.2857142857142857,0.7142857142857143
535,4,0.625,0.375
536,4,0.41666666666666663,0.5833333333333334
537,4,0.5294117647058824,0.47058823529411764
538,4,0.7,0.3
539,4,0.5,0.5
540,4,0.0,1.0
541,4,0.5,0.5
542,4,0.3571428571428571,0.6428571428571429
543,4,0.4375,0.5625
544,4,0.5,0.5
545,4,0.16666666666666663,0.8333333333333334
546,4,0.736842105263158,0.2631578947368421
547,4,0.38235294117647056,0.6176470588235294
548,4,0.5,0.5
549,4,0.125,0.875
550,4,0.5,0.5
551,4,0.5,0.5
552,4,0.5,0.5
553,4,0.375,0.625
554,4,0.7083333333333333,0.2916666666666667
555,4,0.5,0.5
556,4,0.40476190476190477,0.5952380952380952
557,4,0.4,0.6
558,4,0.44897959183673475,0.5510204081632653
559,4,0.543859649122807,0.45614035087719296
560,4,0.33333333333333337,0.6666666666666666
561,4,0.59375,0.40625
562,4,0.31818181818181823,0.6818181818181818
563,4,1.0,0.0
564,4,0.3076923076923077,0.6923076923076923
565,4,0.7,0.3
566,4,0.5357142857142857,0.4642857142857143
567,4,0.6,0.4
568,4,0.4,0.6
569,4,0.7083333333333333,0.2916666666666667
570,4,0.5,0.5
571,4,0.41666666666666663,0.5833333333333334
572,4,0.5,0.5
573,4,0.44999999999999996,0.55
574,4,0.5,0.5
575,4,0.515625,0.484375
576,4,0.5833333333333333,0.4166666666666667
577,4,0.33783783783783783,0.6621621621621622
578,4,0.5,0.5
579,4,1.0,0.0
580,4,0.6666666666666667,0.3333333333333333
581,4,0.5,0.5
582,4,0.0,1.0
583,4,0.25,0.75
584,4,0.25,0.75
585,4,0.0,1.0
586,4,0.0,1.0
587,4,0.0,1.0
588,4,0.5,0.5
589,4,0.75,0.25
590,4,0.09999999999999998,0.9
591,4,1.0,0.0
592,4,0.5,0.5
593,4,0.0,1.0
594,4,0.5,0.5
595,4,0.0,1.0
596,4,0.5,0.5
597,4,1.0,0.0
598,4,0.0,1.0
599,4,0.0,1.0
600,4,0.16666666666666663,0.8333333333333334
601,4,0.33333333333333337,0.6666666666666666
602,4,1.0,0.0
603,4,0.0,1.0
604,4,0.16666666666666663,0.8333333333333334
605,4,1.0,0.0
606,4,0.48,0.52
607,4,0.0,1.0
608,4,0.25,0.75
609,4,0.33333333333333337,0.6666666666666666
610,4,0.0,1.0
611,4,0.0,1.0
612,4,0.0,1.0
613,4,0.25,0.75
614,4,0.5,0.5
615,4,0.5,0.5
616,4,0.25,0.75
617,4,0.5,0.5
618,4,0.33333333333333337,0.6666666666666666
619,4,0.5,0.5
620,4,0.5476190476190477,0.4523809523809524
621,4,0.2777777777777778,0.7222222222222222
622,4,0.5,0.5
623,4,0.1071428571428571,0.8928571428571429
624,4,0.38888888888888884,0.6111111111111112
625,4,0.30000000000000004,0.7
626,4,0.15384615384615385,0.8461538461538461
627,4,0.36111111111111116,0.6388888888888888
628,4,0.25,0.75
629,4,0.38095238095238093,0.6190476190476191
630,4,0.45058139534883723,0.5494186046511628
631,4,0.08333333333333337,0.9166666666666666
632,4,0.5,0.5
633,4,1.0,0.0
634,4,0.5,0.5
635,4,0.0,1.0
636,4,0.0,1.0
637,4,0.5,0.5
638,4,0.0,1.0
639,4,1.0,0.0
640,4,1.0,0.0
641,4,1.0,0.0
642,4,0.5,0.5
643,4,1.0,0.0
644,4,1.0,0.0
645,4,1.0,0.0
646,4,1.0,0.0
647,4,1.0,0.0
648,4,0.5,0.5
649,4,0.75,0.25
650,4,0.5,0.5
651,4,0.5,0.5
652,4,0.0,1.0
653,4,0.5,0.5
654,4,1.0,0.0
655,4,0.5,0.5
656,4,0.0,1.0
657,4,1.0,0.0
658,4,0.625,0.375
659,4,0.5,0.5
660,4,0.5,0.5
661,4,1.0,0.0
662,4,1.0,0.0
663,4,0.5,0.5
664,4,0.8877551020408163,0.11224489795918367
665,4,1.0,0.0
666,4,1.0,0.0
667,4,0.5,0.5
668,4,1.0,0.0
669,4,1.0,0.0
670,4,0.5,0.5
671,4,0.5,0.5
672,4,1.0,0.0
673,4,1.0,0.0
674,4,0.9696969696969697,0.030303030303030304
675,4,1.0,0.0
676,4,1.0,0.0
677,4,1.0,0.0
678,4,1.0,0.0
679,4,1.0,0.0
680,4,1.0,0.0
681,4,1.0,0.0
682,4,1.0,0.0
683,4,1.0,0.0
684,4,1.0,0.0
685,4,1.0,0.0
686,4,0.5,0.5
687,4,1.0,0.0
688,4,0.0,1.0
689,4,0.0,1.0
690,4,1.0,0.0
691,4,1.0,0.0
692,4,1.0,0.0
693,4,1.0,0.0
694,4,1.0,0.0
695,4,1.0,0.0
696,4,1.0,0.0
697,4,1.0,0.0
698,4,1.0,0.0
699,4,1.0,0.0
700,4,1.0,0.0
701,4,1.0,0.0
702,4,0.75,0.25
703,4,1.0,0.0
704,4,1.0,0.0
705,4,0.8928571428571429,0.10714285714285714
706,4,1.0,0.0
707,4,1.0,0.0
708,4,1.0,0.0
709,4,0.6666666666666667,0.3333333333333333
710,4,0.0,1.0
711,4,1.0,0.0
712,4,1.0,0.0
713,4,0.0,1.0
714,4,0.5,0.5
715,4,0.5454545454545454,0.45454545454545453
716,4,0.88,0.12
717,4,0.33333333333333337,0.6666666666666666
718,4,0.45833333333333337,0.5416666666666666
719,4,0.625,0.375
720,4,0.6590909090909092,0.3409090909090909
721,4,0.7333333333333334,0.26666666666666666
722,4,0.5714285714285714,0.42857142857142855
723,4,0.5714285714285714,0.42857142857142855
724,4,0.55,0.45
725,4,0.0,1.0
726,4,0.7479338842975207,0.25206611570247933
727,4,0.75,0.25
728,4,0.8333333333333334,0.16666666666666666
729,4,0.7083333333333333,0.2916666666666667
730,4,0.5,0.5
731,4,0.5,0.5
732,4,0.375,0.625
733,4,0.7142857142857143,0.2857142857142857
734,4,0.7142857142857143,0.2857142857142857
735,4,0.4736842105263158,0.5263157894736842
736,4,0.575,0.425
737,4,0.40625,0.59375
738,4,0.5833333333333333,0.4166666666666667
739,4,0.375,0.625
740,4,0.75,0.25
741,4,0.5,0.5
742,4,0.5,0.5
743,4,1.0,0.0
744,4,0.25,0.75
745,4,0.5,0.5
746,4,0.0,1.0
747,4,0.6428571428571428,0.35714285714285715
748,4,0.5909090909090908,0.4090909090909091
749,4,0.65,0.35
750,4,0.7333333333333334,0.26666666666666666
751,4,0.0,1.0
752,4,0.7222222222222222,0.2777777777777778
753,4,0.5,0.5
754,4,0.6363636363636364,0.36363636363636365
755,4,0.631578947368421,0.3684210526315789
756,4,0.33333333333333337,0.6666666666666666
757,4,0.75,0.25
758,4,0.5769230769230769,0.4230769230769231
759,4,0.5,0.5
760,4,0.0,1.0
761,4,0.7083333333333333,0.2916666666666667
762,4,0.625,0.375
763,4,0.6,0.4
764,4,0.6666666666666667,0.3333333333333333
765,4,0.5714285714285714,0.42857142857142855
766,4,0.5,0.5
767,4,0.5357142857142857,0.4642857142857143
768,4,0.125,0.875
769,4,0.6666666666666667,0.3333333333333333
770,4,0.4285714285714286,0.5714285714285714
771,4,0.6111111111111112,0.3888888888888889
772,4,0.75,0.25
773,4,0.5,0.5
774,4,0.5,0.5
775,4,0.6666666666666667,0.3333333333333333
776,4,0.75,0.25
777,4,0.5,0.5
778,4,0.5,0.5
779,4,1.0,0.0
780,4,0.5731707317073171,0.4268292682926829
781,4,0.4885057471264368,0.5114942528735632
782,4,0.7,0.3
783,4,0.6833333333333333,0.31666666666666665
784,4,0.8666666666666667,0.13333333333333333
785,4,0.7,0.3
786,4,0.676056338028169,0.323943661971831
787,4,0.725,0.275
788,4,0.625,0.375
789,4,0.5803571428571428,0.41964285714285715
790,4,0.5454545454545454,0.45454545454545453
791,4,0.7,0.3
792,4,0.6944444444444444,0.3055555555555556
793,4,0.6,0.4
794,4,0.6346153846153846,0.36538461538461536
795,4,0.5714285714285714,0.42857142857142855
796,4,0.6517857142857143,0.3482142857142857
797,4,0.5,0.5
798,4,0.7222222222222222,0.2777777777777778
799,4,0.6375,0.3625
800,4,0.5,0.5
801,4,0.7333333333333334,0.26666666666666666
802,4,0.8,0.2
803,4,0.8636363636363636,0.13636363636363635
804,4,0.39473684210526316,0.6052631578947368
805,4,0.38888888888888884,0.6111111111111112
806,4,0.625,0.375
807,4,0.0,1.0
808,4,0.0,1.0
809,4,0.5,0.5
810,4,0.4606741573033708,0.5393258426966292
811,4,0.43333333333333335,0.5666666666666667
812,4,0.5833333333333333,0.4166666666666667
813,4,0.7,0.3
814,4,0.5625,0.4375
815,4,0.5294117647058824,0.47058823529411764
816,4,0.6632653061224489,0.336734693877551
817,4,0.33333333333333337,0.6666666666666666
818,4,0.5555555555555556,0.4444444444444444
819,4,0.6666666666666667,0.3333333333333333
820,4,0.5394736842105263,0.4605263157894737
821,4,0.5909090909090908,0.4090909090909091
822,4,0.5882352941176471,0.4117647058823529
823,4,0.475,0.525
824,4,1.0,0.0
825,4,0.125,0.875
826,4,1.0,0.0
827,4,0.33333333333333337,0.6666666666666666
828,4,0.5,0.5
829,4,0.0,1.0
830,4,0.0,1.0
831,4,1.0,0.0
832,4,0.6567164179104478,0.34328358208955223
833,4,0.5833333333333333,0.4166666666666667
834,4,1.0,0.0
835,4,0.6,0.4
836,4,0.0,1.0
837,4,1.0,0.0
838,4,0.5,0.5
839,4,0.5,0.5
840,4,0.5,0.5
841,4,0.6818181818181819,0.3181818181818182
842,4,0.6666666666666667,0.3333333333333333
843,4,0.5,0.5
844,4,0.5,0.5
845,4,0.9,0.1
846,4,0.625,0.375
847,4,0.875,0.125
848,4,0.5,0.5
849,4,1.0,0.0
850,4,1.0,0.0
851,4,0.0,1.0
852,4,0.5,0.5
853,4,0.7142857142857143,0.2857142857142857
854,4,0.6901408450704225,0.30985915492957744
855,4,0.625,0.375
856,4,0.4642857142857143,0.5357142857142857
857,4,0.8333333333333334,0.16666666666666666
858,4,1.0,0.0
859,4,1.0,0.0
860,4,1.0,0.0
861,4,1.0,0.0
862,4,0.0,1.0
863,4,0.5,0.5
864,4,1.0,0.0
865,4,0.7291666666666667,0.2708333333333333
866,4,0.6272727272727272,0.37272727272727274
867,4,0.6451612903225806,0.3548387096774194
868,4,0.5,0.5
869,5,0.6111111111111112,0.3888888888888889
870,5,0.5729166666666667,0.4270833333333333
871,5,0.4629629629629629,0.5370370370370371
872,5,0.6666666666666667,0.3333333333333333
873,5,0.0,1.0
874,5,0.5,0.5
875,5,0.33333333333333337,0.6666666666666666
876,5,0.5,0.5
877,5,0.0,1.0
878,5,0.0,1.0
879,5,1.0,0.0
880,5,0.5,0.5
881,5,0.09999999999999998,0.9
882,5,0.375,0.625
883,5,0.75,0.25
884,5,0.6666666666666667,0.3333333333333333
885,5,0.5,0.5
886,5,0.5454545454545454,0.45454545454545453
887,5,0.6363636363636364,0.36363636363636365
888,5,0.5,0.5
889,5,0.75,0.25
890,5,0.625,0.375
891,5,1.0,0.0
892,5,0.16666666666666663,0.8333333333333334
893,5,0.28260869565217395,0.717391304347826
894,5,0.8571428571428572,0.14285714285714285
895,5,0.5961538461538461,0.40384615384615385
896,5,0.0,1.0
897,5,0.625,0.375
898,5,0.08333333333333337,0.9166666666666666
899,5,0.4482758620689655,0.5517241379310345
900,5,1.0,0.0
901,5,0.6666666666666667,0.3333333333333333
902,5,0.125,0.875
903,5,0.6744186046511628,0.32558139534883723
904,5,0.33333333333333337,0.6666666666666666
905,5,0.25,0.75
906,5,0.4545454545454546,0.5454545454545454
907,5,0.38888888888888884,0.6111111111111112
908,5,0.6428571428571428,0.35714285714285715
909,5,0.5,0.5
910,5,0.625,0.375
911,5,0.34615384615384615,0.6538461538461539
912,5,0.65,0.35
913,5,0.19999999999999996,0.8
914,5,0.16666666666666663,0.8333333333333334
915,5,1.0,0.0
916,5,0.33333333333333337,0.6666666666666666
917,5,0.6515151515151515,0.3484848484848485
918,5,0.75,0.25
919,5,0.6785714285714286,0.32142857142857145
920,5,0.5,0.5
921,5,0.6904761904761905,0.30952380952380953
922,5,0.5,0.5
923,5,0.6379310344827587,0.3620689655172414
924,5,0.527027027027027,0.47297297297297297
925,5,0.6388888888888888,0.3611111111111111
926,5,0.5769230769230769,0.4230769230769231
927,5,0.5,0.5
928,5,0.3928571428571429,0.6071428571428571
929,5,0.6666666666666667,0.3333333333333333
930,5,0.75,0.25
931,5,0.75,0.25
932,5,0.6875,0.3125
933,5,0.6538461538461539,0.34615384615384615
934,5,0.33333333333333337,0.6666666666666666
935,5,0.5666666666666667,0.43333333333333335
936,5,0.30000000000000004,0.7
937,5,0.5087719298245614,0.49122807017543857
938,5,1.0,0.0
939,5,0.6,0.4
940,5,0.5,0.5
941,5,0.75,0.25
942,5,0.5,0.5
943,5,0.6,0.4
944,5,0.6547619047619048,0.34523809523809523
945,5,0.65,0.35
946,5,0.875,0.125
947,5,0.33333333333333337,0.6666666666666666
948,5,0.33333333333333337,0.6666666666666666
949,5,0.6666666666666667,0.3333333333333333
950,5,0.625,0.375
951,5,0.0,1.0
952,5,0.609375,0.390625
953,5,1.0,0.0
954,5,0.7142857142857143,0.2857142857142857
955,5,0.9,0.1
956,5,0.641025641025641,0.358974358974359
957,5,0.5,0.5
958,5,0.6153846153846154,0.38461538461538464
959,5,0.625,0.375
960,5,0.6428571428571428,0.35714285714285715
961,5,0.6521739130434783,0.34782608695652173
962,5,0.41666666666666663,0.5833333333333334
963,5,0.6,0.4
964,5,0.5384615384615384,0.46153846153846156
965,5,0.5892857142857143,0.4107142857142857
966,5,0.4285714285714286,0.5714285714285714
967,5,0.75,0.25
968,5,0.5,0.5
969,5,0.0,1.0
970,5,1.0,0.0
971,5,0.5,0.5
972,5,0.0,1.0
973,5,0.5,0.5
974,5,0.0,1.0
975,5,0.0,1.0
976,5,0.5,0.5
977,5,0.6470588235294117,0.35294117647058826
978,5,0.55,0.45
979,5,0.7777777777777778,0.2222222222222222
980,5,0.4375,0.5625
981,5,0.6166666666666667,0.38333333333333336
982,5,0.41666666666666663,0.5833333333333334
983,5,0.33333333333333337,0.6666666666666666
984,5,0.5555555555555556,0.4444444444444444
985,5,0.6666666666666667,0.3333333333333333
986,5,0.6666666666666667,0.3333333333333333
987,5,0.75,0.25
988,5,0.6666666666666667,0.3333333333333333
989,5,0.5,0.5
990,5,0.75,0.25
991,5,0.625,0.375
992,5,0.625,0.375
993,5,0.6052631578947368,0.39473684210526316
994,5,0.6428571428571428,0.35714285714285715
995,5,0.6590909090909092,0.3409090909090909
996,5,0.5454545454545454,0.45454545454545453
997,5,0.25,0.75
998,5,0.4,0.6
999,5,0.8125,0.1875
1000,5,0.75,0.25
1001,5,1.0,0.0
1002,5,0.8,0.2
1003,5,1.0,0.0
1004,5,0.5,0.5
1005,5,1.0,0.0
1006,5,1.0,0.0
1007,5,0.75,0.25
1008,5,0.0,1.0
1009,5,0.7142857142857143,0.2857142857142857
1010,5,0.16666666666666663,0.8333333333333334
1011,5,0.25,0.75
1012,5,1.0,0.0
1013,5,0.41666666666666663,0.5833333333333334
1014,5,0.5,0.5
1015,5,0.625,0.375
1016,5,1.0,0.0
1017,5,0.6666666666666667,0.3333333333333333
1018,5,0.625,0.375
1019,5,0.5,0.5
1020,5,1.0,0.0
1021,5,1.0,0.0
1022,5,0.75,0.25
1023,5,0.75,0.25
1024,5,0.5,0.5
1025,5,0.33333333333333337,0.6666666666666666
1026,5,0.8,0.2
1027,5,0.33333333333333337,0.6666666666666666
1028,5,0.625,0.375
1029,5,0.7173913043478262,0.2826086956521739
1030,5,0.7777777777777778,0.2222222222222222
1031,5,0.5909090909090908,0.4090909090909091
1032,5,0.625,0.375
1033,5,0.65,0.35
1034,5,0.42307692307692313,0.5769230769230769
1035,5,0.6493506493506493,0.35064935064935066
1036,5,0.0,1.0
1037,5,0.8333333333333334,0.16666666666666666
1038,5,0.8333333333333334,0.16666666666666666
1039,5,0.16666666666666663,0.8333333333333334
1040,5,0.75,0.25
1041,5,0.5909090909090908,0.4090909090909091
1042,5,0.5,0.5
1043,5,0.9166666666666666,0.08333333333333333
1044,5,0.5227272727272727,0.4772727272727273
1045,5,0.6666666666666667,0.3333333333333333
1046,5,1.0,0.0
1047,5,0.6666666666666667,0.3333333333333333
1048,5,0.75,0.25
1049,5,1.0,0.0
1050,5,0.5,0.5
1051,5,1.0,0.0
1052,5,0.5,0.5
1053,5,0.75,0.25
1054,5,1.0,0.0
1055,5,1.0,0.0
1056,5,1.0,0.0
1057,5,0.75,0.25
1058,5,1.0,0.0
1059,5,1.0,0.0
1060,5,1.0,0.0
1061,5,1.0,0.0
1062,5,0.0,1.0
1063,5,0.5,0.5
1064,5,0.75,0.25
1065,5,0.375,0.625
1066,5,0.75,0.25
1067,5,0.16666666666666663,0.8333333333333334
1068,5,0.5,0.5
1069,5,0.5833333333333333,0.4166666666666667
1070,5,0.5,0.5
1071,5,0.0,1.0
1072,5,0.0,1.0
1073,5,0.6,0.4
1074,5,0.7045454545454546,0.29545454545454547
1075,5,1.0,0.0
1076,5,0.5,0.5
1077,5,0.5,0.5
1078,5,0.0,1.0
1079,5,0.5833333333333333,0.4166666666666667
1080,5,0.5238095238095238,0.47619047619047616
1081,5,0.75,0.25
1082,5,0.5833333333333333,0.4166666666666667
1083,5,0.8,0.2
1084,5,0.5384615384615384,0.46153846153846156
1085,5,0.6129032258064516,0.3870967741935484
1086,5,0.5,0.5
1087,5,0.5073529411764706,0.49264705882352944
1088,5,0.75,0.25
1089,5,0.5,0.5
1090,5,0.6,0.4
1091,5,0.65625,0.34375
1092,5,1.0,0.0
1093,5,0.5,0.5
1094,5,0.75,0.25
1095,5,1.0,0.0
1096,5,1.0,0.0
1097,5,0.8571428571428572,0.14285714285714285
1098,5,0.6607142857142857,0.3392857142857143
1099,5,0.0,1.0
1100,5,0.5,0.5
1101,5,0.54,0.46
1102,5,0.6666666666666667,0.3333333333333333
1103,5,0.625,0.375
1104,5,0.33333333333333337,0.6666666666666666
1105,5,0.46875,0.53125
1106,5,1.0,0.0
1107,5,0.6785714285714286,0.32142857142857145
1108,5,0.0,1.0
1109,5,0.6,0.4
1110,5,0.625,0.375
1111,5,0.5,0.5
1112,5,0.25,0.75
1113,5,0.8,0.2
1114,5,0.5,0.5
1115,5,0.6111111111111112,0.3888888888888889
1116,5,0.6190476190476191,0.38095238095238093
1117,5,0.5614035087719298,0.43859649122807015
1118,5,0.5,0.5
1119,5,0.6428571428571428,0.35714285714285715
1120,5,0.4411764705882353,0.5588235294117647
1121,5,0.475,0.525
1122,5,0.7173913043478262,0.2826086956521739
1123,5,0.6363636363636364,0.36363636363636365
1124,5,0.6666666666666667,0.3333333333333333
1125,5,0.6538461538461539,0.34615384615384615
1126,5,0.0,1.0
1127,5,0.25,0.75
1128,5,0.5,0.5
1129,5,0.0,1.0
1130,5,0.5,0.5
1131,5,0.5555555555555556,0.4444444444444444
1132,5,0.75,0.25
1133,5,0.25,0.75
1134,5,1.0,0.0
1135,5,0.0,1.0
1136,5,0.0,1.0
1137,5,1.0,0.0
1138,5,0.5,0.5
1139,5,0.75,0.25
1140,5,1.0,0.0
1141,5,0.75,0.25
1142,5,0.5714285714285714,0.42857142857142855
1143,5,0.75,0.25
1144,5,0.6842105263157895,0.3157894736842105
1145,5,1.0,0.0
1146,5,1.0,0.0
1147,5,1.0,0.0
1148,5,0.5,0.5
1149,5,0.0,1.0
1150,5,0.5,0.5
1151,5,1.0,0.0
1152,5,1.0,0.0
1153,5,0.75,0.25
1154,5,1.0,0.0
1155,5,0.25,0.75
1156,5,0.5,0.5
1157,5,1.0,0.0
1158,5,0.5,0.5
1159,5,1.0,0.0
1160,5,1.0,0.0
1161,5,0.5,0.5
1162,5,0.5,0.5
1163,5,0.75,0.25
1164,5,0.125,0.875
1165,5,0.8333333333333334,0.16666666666666666
1166,5,0.5,0.5
1167,5,0.875,0.125
1168,5,0.33333333333333337,0.6666666666666666
1169,5,0.33333333333333337,0.6666666666666666
1170,5,0.0,1.0
1171,5,1.0,0.0
1172,5,0.0,1.0
1173,5,1.0,0.0
1174,5,1.0,0.0
1175,5,0.8333333333333334,0.16666666666666666
1176,5,1.0,0.0
1177,5,0.75,0.25
1178,5,0.6,0.4
1179,5,0.5,0.5
1180,5,0.5,0.5
1181,5,0.5,0.5
1182,5,1.0,0.0
1183,5,0.4,0.6
1184,5,1.0,0.0
1185,5,0.0,1.0
1186,5,0.6666666666666667,0.3333333333333333
1187,5,1.0,0.0
1188,5,1.0,0.0
1189,5,0.9,0.1
1190,5,0.5,0.5
1191,5,0.8,0.2
1192,5,0.5,0.5
1193,5,0.9166666666666666,0.08333333333333333
1194,5,0.8333333333333334,0.16666666666666666
1195,5,0.5,0.5
1196,5,0.4375,0.5625
1197,5,0.8125,0.1875
1198,5,1.0,0.0
1199,5,0.7692307692307692,0.23076923076923078
1200,5,0.5909090909090908,0.4090909090909091
1201,5,0.5666666666666667,0.43333333333333335
1202,5,1.0,0.0
1203,5,0.8571428571428572,0.14285714285714285
1204,5,0.9,0.1
1205,5,1.0,0.0
1206,5,0.6666666666666667,0.3333333333333333
1207,5,1.0,0.0
1208,5,1.0,0.0
1209,5,1.0,0.0
1210,5,0.7105263157894737,0.2894736842105263
1211,5,0.9,0.1
1212,5,0.4375,0.5625
1213,5,0.5,0.5
1214,5,1.0,0.0
1215,5,0.5,0.5
1216,5,0.75,0.25
1217,5,0.5,0.5
1218,5,0.0,1.0
1219,5,0.5,0.5
1220,5,0.6666666666666667,0.3333333333333333
1221,5,0.75,0.25
1222,5,0.5,0.5
1223,5,0.0,1.0
1224,5,0.1428571428571429,0.8571428571428571
1225,5,0.0,1.0
1226,5,0.0,1.0
1227,5,0.6875,0.3125
1228,5,1.0,0.0
1229,5,1.0,0.0
1230,5,1.0,0.0
1231,5,0.5,0.5
1232,5,0.2272727272727273,0.7727272727272727
1233,5,0.0,1.0
1234,5,1.0,0.0
1235,5,0.5833333333333333,0.4166666666666667
1236,5,1.0,0.0
1237,5,0.5,0.5
1238,5,1.0,0.0
1239,5,0.0,1.0
1240,5,0.33333333333333337,0.6666666666666666
1241,5,0.5,0.5
1242,5,1.0,0.0
1243,5,0.625,0.375
1244,5,0.0,1.0
1245,5,0.375,0.625
1246,5,1.0,0.0
1247,5,0.5,0.5
1248,5,0.5,0.5
1249,5,0.9,0.1
1250,5,0.0,1.0
1251,5,1.0,0.0
1252,5,0.75,0.25
1253,5,0.4545454545454546,0.5454545454545454
1254,5,0.33333333333333337,0.6666666666666666
1255,5,0.55,0.45
1256,5,0.2142857142857143,0.7857142857142857
1257,5,0.75,0.25
1258,5,0.5,0.5
1259,5,0.0,1.0
1260,5,0.25,0.75
1261,5,1.0,0.0
1262,5,1.0,0.0
1263,5,0.75,0.25
1264,5,0.0,1.0
1265,5,0.5,0.5
1266,5,0.16666666666666663,0.8333333333333334
1267,5,0.16666666666666663,0.8333333333333334
1268,5,0.5,0.5
1269,5,0.0,1.0
1270,5,0.0,1.0
1271,5,0.5,0.5
1272,5,1.0,0.0
1273,5,1.0,0.0
1274,5,0.8333333333333334,0.16666666666666666
1275,5,0.0,1.0
1276,5,0.5,0.5
1277,5,0.0,1.0
1278,5,0.5,0.5
1279,5,0.25,0.75
1280,5,1.0,0.0
1281,5,0.5,0.5
1282,5,0.6666666666666667,0.3333333333333333
1283,5,0.5,0.5
1284,5,0.5,0.5
1285,5,1.0,0.0
1286,5,0.5,0.5
1287,5,0.0,1.0
1288,5,0.0,1.0
1289,5,0.75,0.25
1290,5,0.75,0.25
1291,5,0.6666666666666667,0.3333333333333333
1292,5,1.0,0.0
1293,5,0.6785714285714286,0.32142857142857145
1294,5,0.5,0.5
1295,5,1.0,0.0
1296,5,0.0,1.0
1297,5,1.0,0.0
1298,5,0.8636363636363636,0.13636363636363635
1299,5,0.25,0.75
1300,5,0.0,1.0
1301,5,0.0,1.0
1302,5,0.5,0.5
1303,5,1.0,0.0
1304,5,0.25,0.75
1305,5,1.0,0.0
1306,5,0.0,1.0
1307,5,0.5,0.5
1308,5,0.5,0.5
1309,5,0.5,0.5
1310,5,1.0,0.0
1311,5,0.5,0.5
1312,5,0.7222222222222222,0.2777777777777778
1313,5,1.0,0.0
1314,5,1.0,0.0
1315,5,0.0,1.0
1316,5,1.0,0.0
1317,5,1.0,0.0
1318,5,0.0,1.0
1319,5,0.75,0.25
1320,5,0.16666666666666663,0.8333333333333334
1321,5,1.0,0.0
1322,5,1.0,0.0
1323,5,0.75,0.25
1324,5,0.33333333333333337,0.6666666666666666
1325,5,0.5,0.5
1326,5,1.0,0.0
1327,5,1.0,0.0
1328,5,1.0,0.0
1329,5,0.5,0.5
1330,5,1.0,0.0
1331,5,0.0,1.0
1332,5,1.0,0.0
1333,5,0.5,0.5
1334,5,0.0,1.0
1335,5,1.0,0.0
1336,5,0.5,0.5
1337,5,1.0,0.0
1338,5,0.0,1.0
1339,5,0.5,0.5
1340,5,0.25,0.75
1341,5,1.0,0.0
1342,5,1.0,0.0
1343,5,1.0,0.0
1344,5,1.0,0.0
1345,5,1.0,0.0
1346,5,0.0,1.0
1347,5,1.0,0.0
1348,5,0.75,0.25
1349,5,1.0,0.0
1350,5,0.5,0.5
1351,5,1.0,0.0
1352,5,0.5,0.5
1353,5,0.8214285714285714,0.17857142857142858
1354,5,1.0,0.0
1355,5,1.0,0.0
1356,5,0.0,1.0
1357,5,1.0,0.0
1358,5,0.75,0.25
1359,5,0.8333333333333334,0.16666666666666666
1360,5,0.5,0.5
1361,5,0.5,0.5
1362,5,0.0,1.0
1363,5,0.5,0.5
1364,5,0.6666666666666667,0.3333333333333333
1365,5,1.0,0.0
1366,5,0.5,0.5
1367,5,0.5,0.5
1368,5,0.0,1.0
1369,5,0.75,0.25
1370,5,0.0,1.0
1371,5,1.0,0.0
1372,5,0.75,0.25
1373,5,0.5,0.5
1374,5,0.0,1.0
1375,5,0.0,1.0
1376,5,0.16666666666666663,0.8333333333333334
1377,5,0.6666666666666667,0.3333333333333333
1378,5,0.6428571428571428,0.35714285714285715
1379,5,0.2857142857142857,0.7142857142857143
1380,5,0.0,1.0
1381,5,0.42307692307692313,0.5769230769230769
1382,5,0.625,0.375
1383,5,0.0,1.0
1384,5,0.0,1.0
1385,5,1.0,0.0
1386,5,0.25,0.75
1387,5,0.5,0.5
1388,5,0.5,0.5
1389,5,0.5,0.5
1390,5,0.5,0.5
1391,5,0.0,1.0
1392,5,0.6666666666666667,0.3333333333333333
1393,5,1.0,0.0
1394,5,0.5,0.5
1395,5,0.5,0.5
1396,5,1.0,0.0
1397,5,0.0,1.0
1398,5,0.0,1.0
1399,5,0.75,0.25
1400,5,0.0,1.0
1401,5,1.0,0.0
1402,5,0.7,0.3
1403,5,0.0,1.0
1404,5,1.0,0.0
1405,5,0.5,0.5
1406,5,0.5,0.5
1407,5,1.0,0.0
1408,5,0.5,0.5
1409,5,0.16666666666666663,0.8333333333333334
1410,5,1.0,0.0
1411,5,0.5,0.5
1412,5,1.0,0.0
1413,5,1.0,0.0
1414,5,0.75,0.25
1415,5,0.5,0.5
1416,5,1.0,0.0
1417,5,0.5,0.5
1418,5,0.25,0.75
1419,5,1.0,0.0
1420,5,1.0,0.0
1421,5,0.5,0.5
1422,5,1.0,0.0
1423,5,0.5,0.5
1424,5,0.5,0.5
1425,5,0.5,0.5
1426,5,0.625,0.375
1427,5,0.25,0.75
1428,5,1.0,0.0
1429,5,0.0,1.0
1430,5,1.0,0.0
1431,5,0.5,0.5
1432,5,0.8,0.2
1433,5,0.6785714285714286,0.32142857142857145
1434,5,0.33333333333333337,0.6666666666666666
1435,5,1.0,0.0
1436,5,0.625,0.375
1437,5,0.5,0.5
1438,5,0.8333333333333334,0.16666666666666666
1439,5,0.75,0.25
1440,5,0.875,0.125
1441,5,1.0,0.0
1442,5,1.0,0.0
1443,5,0.5714285714285714,0.42857142857142855
1444,5,0.5,0.5
1445,5,0.8333333333333334,0.16666666666666666
1446,5,0.6666666666666667,0.3333333333333333
1447,5,0.5,0.5
1448,5,1.0,0.0
1449,5,1.0,0.0
1450,5,0.75,0.25
1451,5,1.0,0.0
1452,5,0.5,0.5
1453,5,0.0,1.0
1454,5,0.5,0.5
1455,5,0.6666666666666667,0.3333333333333333
1456,5,0.6666666666666667,0.3333333333333333
1457,5,0.5,0.5
1458,5,0.6666666666666667,0.3333333333333333
1459,5,0.75,0.25
1460,5,0.5,0.5
1461,5,1.0,0.0
1462,5,0.0,1.0
1463,5,0.4375,0.5625
1464,5,1.0,0.0
1465,5,1.0,0.0
1466,5,1.0,0.0
1467,5,0.5,0.5
1468,5,0.0,1.0
1469,5,0.75,0.25
1470,5,0.7857142857142857,0.21428571428571427
1471,5,1.0,0.0
1472,5,0.25,0.75
1473,5,0.75,0.25
1474,5,0.5,0.5
1475,5,0.5,0.5
1476,5,0.5,0.5
1477,5,0.9166666666666666,0.08333333333333333
1478,5,1.0,0.0
1479,5,0.5,0.5
1480,5,0.5,0.5
1481,5,1.0,0.0
1482,5,1.0,0.0
1483,5,0.375,0.625
1484,5,1.0,0.0
1485,5,0.625,0.375
1486,5,0.625,0.375
1487,5,1.0,0.0
1488,5,0.4545454545454546,0.5454545454545454
1489,5,0.6,0.4
1490,5,0.5,0.5
1491,5,0.5909090909090908,0.4090909090909091
1492,5,0.7272727272727273,0.2727272727272727
1493,5,0.5,0.5
1494,5,0.9,0.1
1495,5,0.5833333333333333,0.4166666666666667
1496,5,0.6538461538461539,0.34615384615384615
1497,5,0.5932203389830508,0.4067796610169492
1498,5,0.0,1.0
1499,5,1.0,0.0
1500,5,0.6730769230769231,0.3269230769230769
1501,5,0.5476190476190477,0.4523809523809524
1502,5,0.875,0.125
1503,5,0.78125,0.21875
1504,5,0.6625,0.3375
1505,5,0.5,0.5
1506,5,0.65,0.35
1507,5,0.5526315789473684,0.4473684210526316
1508,5,0.4444444444444444,0.5555555555555556
1509,5,0.6409090909090909,0.35909090909090907
1510,5,0.5588235294117647,0.4411764705882353
1511,5,0.5277777777777778,0.4722222222222222
1512,5,0.7375,0.2625
1513,5,0.6375,0.3625
1514,5,0.6485148514851485,0.35148514851485146
1515,5,0.575,0.425
1516,5,0.55,0.45
1517,5,0.6590909090909092,0.3409090909090909
1518,5,0.0,1.0
1519,5,0.25,0.75
1520,5,0.5,0.5
1521,5,0.2142857142857143,0.7857142857142857
1522,5,1.0,0.0
1523,5,0.5,0.5
1524,5,1.0,0.0
1525,5,0.75,0.25
1526,5,0.5,0.5
1527,5,0.5,0.5
1528,5,0.5,0.5
1529,5,0.5,0.5
1530,5,1.0,0.0
1531,5,1.0,0.0
1532,5,0.16666666666666663,0.8333333333333334
1533,5,0.5,0.5
1534,5,1.0,0.0
1535,5,0.75,0.25
1536,5,0.625,0.375
1537,5,0.0,1.0
1538,5,0.25,0.75
1539,5,1.0,0.0
1540,5,1.0,0.0
1541,5,1.0,0.0
1542,5,0.7,0.3
1543,5,0.38888888888888884,0.6111111111111112
1544,5,0.5,0.5
1545,5,0.7142857142857143,0.2857142857142857
1546,5,0.5,0.5
1547,5,0.75,0.25
1548,5,0.7,0.3
1549,5,0.9166666666666666,0.08333333333333333
1550,5,0.0,1.0
1551,5,0.6666666666666667,0.3333333333333333
1552,5,0.5616438356164384,0.4383561643835616
1553,5,0.875,0.125
1554,5,0.8333333333333334,0.16666666666666666
1555,5,0.75,0.25
1556,5,0.5,0.5
1557,5,1.0,0.0
1558,5,0.5,0.5
1559,5,0.6666666666666667,0.3333333333333333
1560,5,0.875,0.125
1561,5,0.75,0.25
1562,5,0.5,0.5
1563,5,1.0,0.0
1564,5,0.0,1.0
1565,5,0.5113636363636364,0.48863636363636365
1566,5,0.4736842105263158,0.5263157894736842
1567,5,0.75,0.25
1568,5,0.6666666666666667,0.3333333333333333
1569,5,0.0,1.0
1570,5,0.5,0.5
1571,5,0.8333333333333334,0.16666666666666666
1572,5,0.2727272727272727,0.7272727272727273
1573,5,0.6428571428571428,0.35714285714285715
1574,5,0.4,0.6
1575,5,0.7222222222222222,0.2777777777777778
1576,5,0.6666666666666667,0.3333333333333333
1577,5,0.25,0.75
1578,5,0.8,0.2
1579,5,0.5,0.5
1580,5,0.6666666666666667,0.3333333333333333
1581,5,0.0,1.0
1582,5,0.75,0.25
1583,5,0.4,0.6
1584,5,1.0,0.0
1585,5,1.0,0.0
1586,5,0.5,0.5
1587,5,0.5,0.5
1588,5,0.0,1.0
1589,5,0.5,0.5
1590,5,1.0,0.0
1591,5,0.0,1.0
1592,5,0.33333333333333337,0.6666666666666666
1593,5,0.30000000000000004,0.7
1594,5,1.0,0.0
1595,5,0.75,0.25
1596,5,1.0,0.0
1597,5,1.0,0.0
1598,5,0.0,1.0
1599,5,1.0,0.0
1600,5,0.5,0.5
1601,5,0.5,0.5
1602,5,1.0,0.0
1603,5,1.0,0.0
1604,5,1.0,0.0
1605,5,0.0,1.0
1606,5,0.0,1.0
1607,5,0.0,1.0
1608,5,1.0,0.0
1609,5,0.5,0.5
1610,5,0.25,0.75
1611,5,0.0,1.0
1612,5,0.0,1.0
1613,5,0.0,1.0
1614,5,0.0,1.0
1615,5,0.0,1.0
1616,5,1.0,0.0
1617,5,0.0,1.0
1618,5,0.0,1.0
1619,5,1.0,0.0
1620,5,1.0,0.0
1621,5,1.0,0.0
1622,5,0.75,0.25
1623,5,1.0,0.0
1624,5,1.0,0.0
1625,5,0.5,0.5
1626,5,1.0,0.0
1627,5,0.9333333333333333,0.06666666666666667
1628,5,1.0,0.0
1629,5,0.5,0.5
1630,5,0.8333333333333334,0.16666666666666666
1631,5,1.0,0.0
1632,5,0.0,1.0
1633,5,0.0,1.0
1634,5,0.0,1.0
1635,5,1.0,0.0
1636,5,0.75,0.25
1637,5,1.0,0.0
1638,5,1.0,0.0
1639,5,1.0,0.0
1640,5,0.6428571428571428,0.35714285714285715
1641,5,0.5,0.5
1642,5,0.16666666666666663,0.8333333333333334
1643,5,0.48863636363636365,0.5113636363636364
1644,5,1.0,0.0
1645,5,0.0,1.0
1646,5,1.0,0.0
1647,5,0.75,0.25
1648,5,0.0,1.0
1649,5,0.5,0.5
1650,5,0.25,0.75
1651,5,1.0,0.0
1652,5,0.25,0.75
1653,5,0.0,1.0
1654,5,0.5,0.5
1655,5,0.33333333333333337,0.6666666666666666
1656,5,1.0,0.0
1657,5,0.25,0.75
1658,5,0.0,1.0
1659,5,0.0,1.0
1660,5,0.25,0.75
1661,5,0.6666666666666667,0.3333333333333333
1662,5,0.33333333333333337,0.6666666666666666
1663,5,0.0,1.0
1664,5,0.41666666666666663,0.5833333333333334
1665,5,0.5,0.5
1666,5,1.0,0.0
1667,5,0.0,1.0
1668,5,0.5,0.5
1669,5,0.0,1.0
1670,5,1.0,0.0
1671,5,0.4,0.6
1672,5,0.5810810810810811,0.4189189189189189
1673,5,0.0,1.0
1674,5,1.0,0.0
1675,5,1.0,0.0
1676,5,1.0,0.0
1677,5,1.0,0.0
1678,5,0.0,1.0
1679,5,1.0,0.0
1680,5,0.6,0.4
1681,5,0.75,0.25
1682,5,1.0,0.0
1683,5,0.5,0.5
1684,5,0.25,0.75
1685,5,0.0,1.0
1686,5,0.75,0.25
1687,5,0.5,0.5
1688,5,0.5,0.5
1689,5,0.5,0.5
1690,5,0.5,0.5
1691,5,0.0,1.0
1692,5,1.0,0.0
1693,5,0.5,0.5
1694,5,0.625,0.375
1695,5,0.75,0.25
1696,5,1.0,0.0
1697,5,0.375,0.625
1698,5,0.0,1.0
1699,5,0.5,0.5
1700,5,0.5,0.5
1701,5,0.0,1.0
1702,5,0.5,0.5
1703,5,0.0,1.0
1704,5,0.5,0.5
1705,5,0.5,0.5
1706,5,1.0,0.0
1707,5,0.0,1.0
1708,5,0.5,0.5
1709,5,0.5,0.5
1710,5,0.5,0.5
1711,5,0.5,0.5
1712,5,0.625,0.375
1713,5,0.5,0.5
1714,5,0.75,0.25
1715,5,0.8333333333333334,0.16666666666666666
1716,5,0.5,0.5
1717,5,0.25,0.75
1718,5,1.0,0.0
1719,5,0.2857142857142857,0.7142857142857143
1720,5,0.6666666666666667,0.3333333333333333
1721,5,0.25,0.75
1722,5,0.33333333333333337,0.6666666666666666
1723,5,1.0,0.0
1724,5,0.4444444444444444,0.5555555555555556
1725,5,0.9,0.1
1726,5,0.5,0.5
1727,5,0.4722222222222222,0.5277777777777778
1728,5,0.0,1.0
1729,5,0.45833333333333337,0.5416666666666666
1730,5,0.375,0.625
1731,5,0.30000000000000004,0.7
1732,5,1.0,0.0
1733,5,0.0,1.0
1734,5,0.875,0.125
1735,5,0.0,1.0
1736,5,0.75,0.25
1737,5,1.0,0.0
1738,5,1.0,0.0
1739,5,1.0,0.0
1740,5,0.0,1.0
1741,5,1.0,0.0
1742,5,0.30000000000000004,0.7
1743,5,0.4375,0.5625
1744,5,0.5416666666666667,0.4583333333333333
1745,5,0.5,0.5
1746,5,0.5,0.5
1747,5,0.625,0.375
1748,5,0.2857142857142857,0.7142857142857143
1749,5,0.33333333333333337,0.6666666666666666
1750,5,0.0,1.0
1751,5,0.41666666666666663,0.5833333333333334
1752,5,1.0,0.0
1753,5,0.8333333333333334,0.16666666666666666
1754,5,0.0,1.0
1755,5,0.41666666666666663,0.5833333333333334
1756,5,0.5,0.5
1757,5,0.5,0.5
1758,5,1.0,0.0
1759,5,1.0,0.0
1760,5,0.75,0.25
1761,5,1.0,0.0
1762,5,0.0,1.0
1763,5,0.5,0.5
1764,5,0.8333333333333334,0.16666666666666666
1765,5,0.5,0.5
1766,5,0.5,0.5
1767,5,0.8,0.2
1768,5,0.0,1.0
1769,5,0.75,0.25
1770,5,1.0,0.0
1771,5,0.375,0.625
1772,5,0.7222222222222222,0.2777777777777778
1773,5,0.4,0.6
1774,5,0.7777777777777778,0.2222222222222222
1775,5,1.0,0.0
1776,5,0.8,0.2
1777,5,0.75,0.25
1778,5,0.75,0.25
1779,5,0.0,1.0
1780,5,0.5,0.5
1781,5,0.0,1.0
1782,5,0.0,1.0
1783,5,0.7083333333333333,0.2916666666666667
1784,5,1.0,0.0
1785,5,1.0,0.0
1786,5,0.75,0.25
1787,5,1.0,0.0
1788,5,0.625,0.375
1789,5,0.5,0.5
1790,5,0.0,1.0
1791,5,0.6666666666666667,0.3333333333333333
1792,5,1.0,0.0
1793,5,0.0,1.0
1794,5,1.0,0.0
1795,5,0.0,1.0
1796,5,0.5,0.5
1797,5,1.0,0.0
1798,5,0.625,0.375
1799,5,1.0,0.0
1800,5,0.25,0.75
1801,5,0.5,0.5
1802,5,0.5,0.5
1803,5,0.5,0.5
1804,5,1.0,0.0
1805,5,0.6666666666666667,0.3333333333333333
1806,5,0.5,0.5
1807,5,1.0,0.0
1808,5,0.5,0.5
1809,5,0.0,1.0
1810,5,1.0,0.0
1811,5,0.0,1.0
1812,5,0.7142857142857143,0.2857142857142857
1813,5,1.0,0.0
1814,5,0.5,0.5
1815,5,0.8333333333333334,0.16666666666666666
1816,5,0.5,0.5
1817,5,1.0,0.0
1818,5,1.0,0.0
1819,5,0.0,1.0
1820,5,1.0,0.0
1821,5,1.0,0.0
1822,5,1.0,0.0
1823,5,0.0,1.0
1824,5,0.16666666666666663,0.8333333333333334
1825,5,0.5,0.5
1826,5,0.5,0.5
1827,5,0.25,0.75
1828,5,0.0,1.0
1829,5,0.0,1.0
1830,5,0.5,0.5
1831,5,0.75,0.25
1832,5,0.5,0.5
1833,5,0.5,0.5
1834,5,0.5,0.5
1835,5,1.0,0.0
1836,5,1.0,0.0
1837,5,0.8,0.2
1838,5,0.7142857142857143,0.2857142857142857
1839,5,1.0,0.0
1840,5,0.0,1.0
1841,5,1.0,0.0
1842,5,0.4,0.6
1843,5,0.25,0.75
1844,5,0.25,0.75
1845,5,0.5,0.5
1846,5,0.75,0.25
1847,5,0.0,1.0
1848,5,0.0,1.0
1849,5,1.0,0.0
1850,5,1.0,0.0
1851,5,1.0,0.0
1852,5,1.0,0.0
1853,5,0.75,0.25
1854,5,0.0,1.0
1855,5,1.0,0.0
1856,5,0.5,0.5
1857,5,0.0,1.0
1858,5,1.0,0.0
1859,5,0.5,0.5
1860,5,0.5,0.5
1861,5,0.5,0.5
1862,5,0.0,1.0
1863,5,0.30000000000000004,0.7
1864,5,0.30000000000000004,0.7
1865,5,0.5,0.5
1866,5,0.5,0.5
1867,5,0.5,0.5
1868,5,0.75,0.25
1869,5,1.0,0.0
1870,5,0.6,0.4
1871,5,0.0,1.0
1872,5,0.0,1.0
1873,5,0.5,0.5
1874,5,1.0,0.0
1875,5,0.0,1.0
1876,5,0.5,0.5
1877,5,0.6666666666666667,0.3333333333333333
1878,5,0.5,0.5
1879,5,1.0,0.0
1880,5,0.625,0.375
1881,5,0.5,0.5
1882,5,0.0,1.0
1883,5,1.0,0.0
1884,5,0.5,0.5
1885,5,0.5,0.5
1886,5,1.0,0.0
1887,5,0.5,0.5
1888,5,0.6666666666666667,0.3333333333333333
1889,5,1.0,0.0
1890,5,0.6666666666666667,0.3333333333333333
1891,5,0.75,0.25
1892,5,0.5,0.5
1893,5,0.0,1.0
1894,5,0.33333333333333337,0.6666666666666666
1895,5,0.0,1.0
1896,5,1.0,0.0
1897,5,0.5,0.5
1898,5,0.5,0.5
1899,5,1.0,0.0
1900,5,0.4,0.6
1901,5,0.8333333333333334,0.16666666666666666
1902,5,0.33999999999999997,0.66
1903,5,0.34523809523809523,0.6547619047619048
1904,5,0.25,0.75
1905,5,0.5714285714285714,0.42857142857142855
1906,5,0.0,1.0
1907,5,0.5,0.5
1908,5,0.4,0.6
1909,5,0.4285714285714286,0.5714285714285714
1910,5,0.30000000000000004,0.7
1911,5,1.0,0.0
1912,5,1.0,0.0
1913,5,0.3970588235294118,0.6029411764705882
1914,5,0.33720930232558144,0.6627906976744186
1915,5,0.0,1.0
1916,5,0.5,0.5
1917,5,1.0,0.0
1918,5,0.0,1.0
1919,5,0.30000000000000004,0.7
1920,5,0.0,1.0
1921,5,0.7,0.3
1922,5,0.5,0.5
1923,5,1.0,0.0
1924,5,0.5,0.5
1925,5,1.0,0.0
1926,5,0.5,0.5
1927,5,0.0,1.0
1928,5,1.0,0.0
1929,5,0.5,0.5
1930,5,1.0,0.0
1931,5,0.40909090909090906,0.5909090909090909
1932,5,0.0,1.0
1933,5,1.0,0.0
1934,5,0.5,0.5
1935,5,0.33333333333333337,0.6666666666666666
1936,5,0.33333333333333337,0.6666666666666666
1937,5,0.6666666666666667,0.3333333333333333
1938,5,0.5,0.5
1939,5,0.75,0.25
1940,5,0.5,0.5
1941,5,1.0,0.0
1942,5,0.0,1.0
1943,5,1.0,0.0
1944,5,0.0,1.0
1945,5,0.5,0.5
1946,5,0.25,0.75
1947,5,1.0,0.0
1948,5,0.34615384615384615,0.6538461538461539
1949,5,0.0,1.0
1950,5,0.25,0.75
1951,5,0.75,0.25
1952,5,0.0,1.0
1953,5,0.5,0.5
1954,5,1.0,0.0
1955,5,0.0,1.0
1956,5,0.0,1.0
1957,5,0.25,0.75
1958,5,1.0,0.0
1959,5,1.0,0.0
1960,5,0.5,0.5
1961,5,0.5454545454545454,0.45454545454545453
1962,5,0.8333333333333334,0.16666666666666666
1963,5,0.5,0.5
1964,5,0.25,0.75
1965,5,0.6666666666666667,0.3333333333333333
1966,5,0.0,1.0
1967,5,0.0,1.0
1968,5,0.6428571428571428,0.35714285714285715
1969,5,0.0,1.0
1970,5,1.0,0.0
1971,5,0.0,1.0
1972,5,0.5,0.5
1973,5,0.25,0.75
1974,5,0.5,0.5
1975,5,0.5,0.5
1976,5,0.33333333333333337,0.6666666666666666
1977,5,1.0,0.0
1978,5,0.0,1.0
1979,5,0.5,0.5
1980,5,0.5,0.5
1981,5,0.5,0.5
1982,5,0.0,1.0
1983,5,0.25,0.75
1984,5,0.0,1.0
1985,5,0.0,1.0
1986,5,1.0,0.0
1987,5,0.7,0.3
1988,5,1.0,0.0
1989,5,0.7,0.3
1990,5,0.75,0.25
1991,5,1.0,0.0
1992,5,0.75,0.25
1993,5,0.375,0.625
1994,5,0.5,0.5
1995,5,0.19999999999999996,0.8
1996,5,0.4,0.6
1997,5,0.4285714285714286,0.5714285714285714
1998,5,0.5,0.5
1999,5,0.5,0.5
2000,5,0.0,1.0
2001,5,0.25,0.75
2002,5,0.25,0.75
2003,5,1.0,0.0
2004,5,0.16666666666666663,0.8333333333333334
2005,5,0.75,0.25
2006,5,1.0,0.0
2007,5,1.0,0.0
2008,5,0.0,1.0
2009,5,0.5,0.5
2010,5,0.4,0.6
2011,5,0.0,1.0
2012,5,0.5,0.5
2013,5,1.0,0.0
2014,5,0.0,1.0
2015,5,0.5,0.5
2016,5,0.7142857142857143,0.2857142857142857
2017,5,0.8333333333333334,0.16666666666666666
2018,5,0.6666666666666667,0.3333333333333333
2019,5,0.40625,0.59375
2020,5,0.0,1.0
2021,5,0.0,1.0
2022,5,0.75,0.25
2023,5,0.0,1.0
2024,5,0.5,0.5
2025,5,0.33333333333333337,0.6666666666666666
2026,5,0.6666666666666667,0.3333333333333333
2027,5,0.75,0.25
2028,5,0.5,0.5
2029,5,0.5,0.5
2030,5,0.25,0.75
2031,5,0.09999999999999998,0.9
2032,5,0.375,0.625
2033,5,0.33333333333333337,0.6666666666666666
2034,5,0.75,0.25
2035,5,0.7142857142857143,0.2857142857142857
2036,5,0.6666666666666667,0.3333333333333333
2037,5,1.0,0.0
2038,5,0.25,0.75
2039,5,0.42307692307692313,0.5769230769230769
2040,5,0.5,0.5
2041,5,0.5,0.5
2042,5,0.5,0.5
2043,5,0.5,0.5
2044,5,0.75,0.25
2045,5,0.75,0.25
2046,5,0.25,0.75
2047,5,0.0,1.0
2048,5,0.8333333333333334,0.16666666666666666
2049,5,0.25,0.75
2050,5,0.8333333333333334,0.16666666666666666
2051,5,0.5,0.5
2052,5,0.5,0.5
2053,5,0.0,1.0
2054,5,0.0,1.0
2055,5,0.375,0.625
2056,5,0.6666666666666667,0.3333333333333333
2057,5,0.0,1.0
2058,5,1.0,0.0
2059,5,1.0,0.0
2060,5,1.0,0.0
2061,5,1.0,0.0
2062,5,0.25,0.75
2063,5,0.25,0.75
2064,5,0.5,0.5
2065,5,0.25,0.75
2066,5,1.0,0.0
2067,5,0.5,0.5
2068,5,1.0,0.0
2069,5,0.5,0.5
2070,5,0.375,0.625
2071,5,0.6,0.4
2072,5,0.5,0.5
2073,5,0.25,0.75
2074,5,1.0,0.0
2075,5,1.0,0.0
2076,5,0.5,0.5
2077,5,0.0,1.0
2078,5,1.0,0.0
2079,5,0.0,1.0
2080,5,0.5,0.5
2081,5,0.0,1.0
2082,5,0.0,1.0
2083,5,0.5,0.5
2084,5,0.5,0.5
2085,5,0.8333333333333334,0.16666666666666666
2086,5,0.5,0.5
2087,5,1.0,0.0
2088,5,0.5,0.5
2089,5,1.0,0.0
2090,5,0.0,1.0
2091,5,0.5,0.5
2092,5,0.5,0.5
2093,5,0.8333333333333334,0.16666666666666666
2094,5,0.25,0.75
2095,5,0.75,0.25
2096,5,0.16666666666666663,0.8333333333333334
2097,5,0.25,0.75
2098,5,0.33333333333333337,0.6666666666666666
2099,5,0.75,0.25
2100,5,0.25,0.75
2101,5,0.33333333333333337,0.6666666666666666
2102,5,0.6666666666666667,0.3333333333333333
2103,5,1.0,0.0
2104,5,0.5,0.5
2105,5,0.4444444444444444,0.5555555555555556
2106,5,0.5,0.5
2107,5,0.5,0.5
2108,5,0.5,0.5
2109,5,0.5,0.5
2110,5,0.5454545454545454,0.45454545454545453
2111,5,0.5,0.5
2112,5,0.33333333333333337,0.6666666666666666
2113,5,1.0,0.0
2114,5,0.33333333333333337,0.6666666666666666
2115,5,0.6666666666666667,0.3333333333333333
2116,5,0.3125,0.6875
2117,5,0.3846153846153846,0.6153846153846154
2118,5,0.33333333333333337,0.6666666666666666
2119,5,0.625,0.375
2120,5,0.5,0.5
2121,5,0.6666666666666667,0.3333333333333333
2122,5,1.0,0.0
2123,5,1.0,0.0
2124,5,1.0,0.0
2125,5,0.0,1.0
2126,5,1.0,0.0
2127,5,1.0,0.0
2128,5,0.0,1.0
2129,5,0.0,1.0
2130,5,0.0,1.0
2131,5,0.5,0.5
2132,5,0.0,1.0
2133,5,0.0,1.0
2134,5,0.5,0.5
2135,5,0.0,1.0
2136,5,1.0,0.0
2137,5,0.0,1.0
2138,5,1.0,0.0
2139,5,1.0,0.0
2140,5,0.5,0.5
2141,5,0.5,0.5
2142,5,0.0,1.0
2143,5,0.0,1.0
2144,5,0.0,1.0
2145,5,0.0,1.0
2146,5,0.0,1.0
2147,5,0.0,1.0
2148,5,0.5,0.5
2149,5,0.5,0.5
2150,5,0.0,1.0
2151,5,0.0,1.0
2152,5,0.25,0.75
2153,5,0.55,0.45
2154,5,1.0,0.0
2155,5,0.5,0.5
2156,5,0.5,0.5
2157,5,0.0,1.0
2158,5,0.4,0.6
2159,5,0.0,1.0
2160,5,0.33333333333333337,0.6666666666666666
2161,5,0.0,1.0
2162,5,0.5,0.5
2163,5,0.5,0.5
2164,5,0.25,0.75
2165,5,0.0,1.0
2166,5,0.0,1.0
2167,5,0.0,1.0
2168,5,0.5,0.5
2169,5,0.0,1.0
2170,5,1.0,0.0
2171,5,1.0,0.0
2172,5,0.0,1.0
2173,5,0.0,1.0
2174,5,0.19999999999999996,0.8
2175,5,0.75,0.25
2176,5,0.0,1.0
2177,5,0.75,0.25
2178,5,0.0,1.0
2179,5,0.25,0.75
2180,5,0.5,0.5
2181,5,0.0,1.0
2182,5,0.0,1.0
2183,5,1.0,0.0
2184,5,0.25,0.75
2185,5,0.5,0.5
2186,5,0.0,1.0
2187,5,0.0,1.0
2188,5,1.0,0.0
2189,5,1.0,0.0
2190,5,0.525,0.475
2191,5,0.0,1.0
2192,5,0.41666666666666663,0.5833333333333334
2193,5,0.75,0.25
2194,5,0.4545454545454546,0.5454545454545454
2195,5,0.0,1.0
2196,5,0.25,0.75
2197,5,0.0625,0.9375
2198,5,0.0,1.0
2199,5,1.0,0.0
2200,5,0.8,0.2
2201,5,0.25,0.75
2202,5,0.0,1.0
2203,5,0.0,1.0
2204,5,0.0,1.0
2205,5,1.0,0.0
2206,5,0.16666666666666663,0.8333333333333334
2207,5,0.33333333333333337,0.6666666666666666
2208,5,0.08333333333333337,0.9166666666666666
2209,5,0.16666666666666663,0.8333333333333334
2210,5,0.0,1.0
2211,5,0.33333333333333337,0.6666666666666666
2212,5,0.5,0.5
2213,5,0.375,0.625
2214,5,0.30000000000000004,0.7
2215,5,0.25,0.75
2216,5,0.0,1.0
2217,5,0.0,1.0
2218,5,1.0,0.0
2219,5,0.0,1.0
2220,5,0.625,0.375
2221,5,0.5,0.5
2222,5,0.25,0.75
2223,5,0.5,0.5
2224,5,0.125,0.875
2225,5,0.5,0.5
2226,5,0.0,1.0
2227,5,0.5,0.5
2228,5,0.25,0.75
2229,5,0.5405405405405406,0.4594594594594595
2230,5,0.18181818181818177,0.8181818181818182
2231,5,0.5666666666666667,0.43333333333333335
2232,5,0.7,0.3
2233,5,0.4193548387096774,0.5806451612903226
2234,5,0.16666666666666663,0.8333333333333334
2235,5,0.0,1.0
2236,5,0.0,1.0
2237,5,0.0,1.0
2238,5,1.0,0.0
2239,5,0.0,1.0
2240,5,0.0,1.0
2241,5,0.0,1.0
2242,5,0.0,1.0
2243,5,0.0,1.0
2244,5,1.0,0.0
2245,5,1.0,0.0
2246,5,0.5,0.5
2247,5,1.0,0.0
2248,5,0.0,1.0
2249,5,1.0,0.0
2250,5,1.0,0.0
2251,5,0.0,1.0
2252,5,0.8333333333333334,0.16666666666666666
2253,5,0.5,0.5
2254,5,0.5,0.5
2255,5,1.0,0.0
2256,5,1.0,0.0
2257,5,0.9027777777777778,0.09722222222222222
2258,5,0.5,0.5
2259,5,0.75,0.25
2260,5,1.0,0.0
2261,5,0.8888888888888888,0.1111111111111111
2262,5,0.0,1.0
2263,5,1.0,0.0
2264,5,0.5,0.5
2265,5,1.0,0.0
2266,5,0.0,1.0
2267,5,0.0,1.0
2268,5,1.0,0.0
2269,5,1.0,0.0
2270,5,0.967741935483871,0.03225806451612903
2271,5,1.0,0.0
2272,5,1.0,0.0
2273,5,1.0,0.0
2274,5,1.0,0.0
2275,5,1.0,0.0
2276,5,1.0,0.0
2277,5,1.0,0.0
2278,5,1.0,0.0
2279,5,1.0,0.0
2280,5,1.0,0.0
2281,5,1.0,0.0
2282,5,1.0,0.0
2283,5,1.0,0.0
2284,5,1.0,0.0
2285,5,1.0,0.0
2286,5,1.0,0.0
2287,5,1.0,0.0
2288,5,1.0,0.0
2289,5,1.0,0.0
2290,5,1.0,0.0
2291,5,1.0,0.0
2292,5,1.0,0.0
2293,5,1.0,0.0
2294,5,1.0,0.0
2295,5,1.0,0.0
2296,5,1.0,0.0
2297,5,1.0,0.0
2298,5,1.0,0.0
2299,5,1.0,0.0
2300,5,0.5,0.5
2301,5,1.0,0.0
2302,5,1.0,0.0
2303,5,1.0,0.0
2304,5,1.0,0.0
2305,5,0.9166666666666666,0.08333333333333333
2306,5,1.0,0.0
2307,5,0.8333333333333334,0.16666666666666666
2308,5,0.5,0.5
2309,5,1.0,0.0
2310,5,1.0,0.0
2311,5,1.0,0.0
2312,5,0.8,0.2
2313,5,1.0,0.0
2314,5,1.0,0.0
2315,5,1.0,0.0
2316,5,1.0,0.0
2317,5,0.75,0.25
2318,5,0.5,0.5
2319,5,0.7,0.3
2320,5,0.375,0.625
2321,5,0.5,0.5
2322,5,0.5,0.5
2323,5,1.0,0.0
2324,5,1.0,0.0
2325,5,1.0,0.0
2326,5,0.0,1.0
2327,5,1.0,0.0
2328,5,0.75,0.25
2329,5,0.0,1.0
2330,5,1.0,0.0
2331,5,1.0,0.0
2332,5,0.33333333333333337,0.6666666666666666
2333,5,0.5,0.5
2334,5,0.0,1.0
2335,5,0.5,0.5
2336,5,0.375,0.625
2337,5,0.25,0.75
2338,5,1.0,0.0
2339,5,1.0,0.0
2340,5,1.0,0.0
2341,5,0.5,0.5
2342,5,0.7,0.3
2343,5,0.6538461538461539,0.34615384615384615
2344,5,0.7142857142857143,0.2857142857142857
2345,5,1.0,0.0
2346,5,0.5,0.5
2347,5,0.5,0.5
2348,5,1.0,0.0
2349,5,0.25,0.75
2350,5,0.7,0.3
2351,5,0.75,0.25
2352,5,0.5,0.5
2353,5,0.625,0.375
2354,5,0.0,1.0
2355,5,1.0,0.0
2356,5,0.7347826086956522,0.26521739130434785
2357,5,1.0,0.0
2358,5,0.5,0.5
2359,5,1.0,0.0
2360,5,0.6666666666666667,0.3333333333333333
2361,5,0.75,0.25
2362,5,0.6875,0.3125
2363,5,1.0,0.0
2364,5,0.5,0.5
2365,5,0.0,1.0
2366,5,0.6666666666666667,0.3333333333333333
2367,5,0.33333333333333337,0.6666666666666666
2368,5,0.4,0.6
2369,5,1.0,0.0
2370,5,0.6666666666666667,0.3333333333333333
2371,5,1.0,0.0
2372,5,0.6666666666666667,0.3333333333333333
2373,5,0.4642857142857143,0.5357142857142857
2374,5,0.5,0.5
2375,5,0.5,0.5
2376,5,0.6875,0.3125
2377,5,0.3666666666666667,0.6333333333333333
2378,5,1.0,0.0
2379,5,0.5,0.5
2380,5,1.0,0.0
2381,5,0.33333333333333337,0.6666666666666666
2382,5,0.5,0.5
2383,5,0.5,0.5
2384,5,0.75,0.25
2385,5,0.5,0.5
2386,5,1.0,0.0
2387,5,1.0,0.0
2388,5,1.0,0.0
2389,5,0.5,0.5
2390,5,0.0,1.0
2391,5,0.25,0.75
2392,5,1.0,0.0
2393,5,0.0,1.0
2394,5,0.0,1.0
2395,5,0.75,0.25
2396,5,0.5,0.5
2397,5,1.0,0.0
2398,5,0.5,0.5
2399,5,1.0,0.0
2400,5,0.55,0.45
2401,5,0.5,0.5
2402,5,0.6851851851851851,0.3148148148148148
2403,5,1.0,0.0
2404,5,0.0,1.0
2405,5,0.0,1.0
2406,5,0.625,0.375
2407,5,0.0,1.0
2408,5,0.6666666666666667,0.3333333333333333
2409,5,0.75,0.25
2410,5,0.75,0.25
2411,5,0.7,0.3
2412,5,0.33333333333333337,0.6666666666666666
2413,5,1.0,0.0
2414,5,0.8333333333333334,0.16666666666666666
2415,5,0.5,0.5
2416,5,0.5,0.5
2417,5,0.5,0.5
2418,5,1.0,0.0
2419,5,0.5,0.5
2420,5,0.0,1.0
2421,5,1.0,0.0
2422,5,0.6111111111111112,0.3888888888888889
2423,5,0.0,1.0
2424,5,1.0,0.0
2425,5,0.8333333333333334,0.16666666666666666
2426,5,0.5,0.5
2427,5,0.6428571428571428,0.35714285714285715
2428,5,0.5,0.5
2429,5,0.6666666666666667,0.3333333333333333
2430,5,0.33333333333333337,0.6666666666666666
2431,5,0.7045454545454546,0.29545454545454547
2432,5,0.75,0.25
2433,5,0.625,0.375
2434,5,0.625,0.375
2435,5,0.625,0.375
2436,5,0.5,0.5
2437,5,0.9,0.1
2438,5,0.7142857142857143,0.2857142857142857
2439,5,0.6666666666666667,0.3333333333333333
2440,5,0.0,1.0
2441,5,1.0,0.0
2442,5,0.5,0.5
2443,5,0.375,0.625
2444,5,0.0,1.0
2445,5,1.0,0.0
2446,5,0.8333333333333334,0.16666666666666666
2447,5,0.5806451612903225,0.41935483870967744
2448,5,0.5,0.5
2449,5,0.33333333333333337,0.6666666666666666
2450,5,0.6666666666666667,0.3333333333333333
2451,5,0.5769230769230769,0.4230769230769231
2452,5,0.0,1.0
2453,5,0.25,0.75
2454,5,0.0,1.0
2455,5,0.0,1.0
2456,5,0.75,0.25
2457,5,0.875,0.125
2458,5,0.0,1.0
2459,5,1.0,0.0
2460,5,0.0,1.0
2461,5,0.25,0.75
2462,5,0.5,0.5
2463,5,0.0,1.0
2464,5,0.75,0.25
2465,5,0.5,0.5
2466,5,0.625,0.375
2467,5,0.5,0.5
2468,5,1.0,0.0
2469,5,0.5,0.5
2470,5,0.25,0.75
2471,5,1.0,0.0
2472,5,0.5,0.5
2473,5,0.25,0.75
2474,5,1.0,0.0
2475,5,1.0,0.0
2476,5,0.25,0.75
2477,5,0.75,0.25
2478,5,0.6666666666666667,0.3333333333333333
2479,5,1.0,0.0
2480,5,0.45833333333333337,0.5416666666666666
2481,5,0.7352941176470589,0.2647058823529412
2482,5,0.5,0.5
2483,5,0.41891891891891897,0.581081081081081
2484,5,0.625,0.375
2485,5,0.6,0.4
2486,5,0.35,0.65
2487,5,0.5,0.5
2488,5,1.0,0.0
2489,5,0.6538461538461539,0.34615384615384615
2490,5,0.6666666666666667,0.3333333333333333
2491,5,1.0,0.0
2492,5,0.6951219512195121,0.3048780487804878
2493,5,0.6896551724137931,0.3103448275862069
2494,5,0.5,0.5
2495,5,1.0,0.0
2496,5,0.8620689655172413,0.13793103448275862
2497,5,0.5,0.5
2498,5,0.8333333333333334,0.16666666666666666
2499,5,0.6428571428571428,0.35714285714285715
2500,5,0.7241379310344828,0.27586206896551724
2501,5,0.7,0.3
2502,5,0.75,0.25
2503,5,0.6222222222222222,0.37777777777777777
2504,5,0.6428571428571428,0.35714285714285715
2505,5,0.607843137254902,0.39215686274509803
2506,5,0.30000000000000004,0.7
2507,5,0.625,0.375
2508,5,0.875,0.125
2509,5,0.8,0.2
2510,5,0.0,1.0
2511,5,0.5,0.5
2512,5,0.5,0.5
2513,5,0.16666666666666663,0.8333333333333334
2514,5,0.6666666666666667,0.3333333333333333
2515,5,0.6666666666666667,0.3333333333333333
2516,5,1.0,0.0
2517,5,0.6,0.4
2518,5,1.0,0.0
2519,5,0.75,0.25
2520,5,0.6666666666666667,0.3333333333333333
2521,5,0.0,1.0
2522,5,0.25,0.75
2523,5,0.16666666666666663,0.8333333333333334
2524,5,0.5,0.5
2525,5,1.0,0.0
2526,5,0.75,0.25
2527,5,0.75,0.25
2528,5,0.75,0.25
2529,5,1.0,0.0
2530,5,1.0,0.0
2531,5,0.7272727272727273,0.2727272727272727
2532,5,0.5625,0.4375
2533,5,0.5,0.5
2534,5,0.6666666666666667,0.3333333333333333
2535,5,0.0,1.0
2536,5,0.6666666666666667,0.3333333333333333
2537,5,0.6833333333333333,0.31666666666666665
2538,5,0.6153846153846154,0.38461538461538464
2539,5,0.5,0.5
2540,5,0.75,0.25
2541,5,0.25,0.75
2542,5,0.5,0.5
2543,5,0.7857142857142857,0.21428571428571427
2544,5,0.6333333333333333,0.36666666666666664
2545,5,0.64,0.36
2546,5,0.0,1.0
2547,5,1.0,0.0
2548,5,0.5,0.5
2549,5,0.75,0.25
2550,5,0.0,1.0
2551,5,1.0,0.0
2552,5,1.0,0.0
2553,5,0.75,0.25
2554,5,1.0,0.0
2555,5,0.0,1.0
2556,5,1.0,0.0
2557,5,1.0,0.0
2558,5,1.0,0.0
2559,5,1.0,0.0
2560,5,0.38235294117647056,0.6176470588235294
2561,5,0.0,1.0
2562,5,1.0,0.0
2563,5,0.3125,0.6875
2564,5,0.5,0.5
2565,5,0.5,0.5
2566,5,0.5,0.5
2567,5,0.25,0.75
2568,5,1.0,0.0
2569,5,0.5,0.5
2570,5,0.0,1.0
2571,5,0.0,1.0
2572,5,0.0,1.0
2573,5,0.6666666666666667,0.3333333333333333
2574,5,0.75,0.25
2575,5,0.5625,0.4375
2576,5,0.4035087719298246,0.5964912280701754
2577,5,0.4444444444444444,0.5555555555555556
2578,5,0.42592592592592593,0.5740740740740741
2579,5,0.75,0.25
2580,5,0.4444444444444444,0.5555555555555556
2581,5,0.6538461538461539,0.34615384615384615
2582,5,0.5,0.5
2583,5,0.75,0.25
2584,5,0.6818181818181819,0.3181818181818182
2585,5,0.30000000000000004,0.7
2586,5,1.0,0.0
2587,5,0.33333333333333337,0.6666666666666666
2588,5,0.625,0.375
2589,5,0.5,0.5
2590,5,0.0,1.0
2591,5,0.5,0.5
2592,5,0.0,1.0
2593,5,0.75,0.25
2594,5,1.0,0.0
2595,5,0.5,0.5
2596,5,0.6666666666666667,0.3333333333333333
2597,5,0.6590909090909092,0.3409090909090909
2598,5,0.0,1.0
2599,5,0.16666666666666663,0.8333333333333334
2600,5,0.5,0.5
2601,5,1.0,0.0
2602,5,0.0,1.0
2603,5,1.0,0.0
2604,5,0.5,0.5
2605,5,0.4545454545454546,0.5454545454545454
2606,5,0.5517241379310345,0.4482758620689655
2607,5,0.8,0.2
2608,5,0.5,0.5
2609,5,0.6875,0.3125
2610,5,0.5625,0.4375
2611,5,0.41666666666666663,0.5833333333333334
2612,5,0.75,0.25
2613,5,0.5,0.5
2614,5,0.5,0.5
2615,5,0.6,0.4
2616,5,1.0,0.0
2617,5,0.33333333333333337,0.6666666666666666
2618,5,0.5,0.5
2619,5,1.0,0.0
2620,5,1.0,0.0
2621,5,0.0,1.0
2622,5,0.75,0.25
2623,5,0.5,0.5
2624,5,0.5,0.5
2625,5,1.0,0.0
2626,5,0.6428571428571428,0.35714285714285715
2627,5,0.6666666666666667,0.3333333333333333
2628,5,0.0,1.0
2629,5,0.5,0.5
2630,5,0.5,0.5
2631,5,0.4,0.6
2632,5,0.16666666666666663,0.8333333333333334
2633,5,0.6,0.4
2634,5,0.8333333333333334,0.16666666666666666
2635,5,0.16666666666666663,0.8333333333333334
2636,5,0.8333333333333334,0.16666666666666666
2637,5,1.0,0.0
2638,5,1.0,0.0
2639,5,0.5,0.5
2640,5,0.0,1.0
2641,5,0.0,1.0
2642,5,1.0,0.0
2643,5,1.0,0.0
2644,5,1.0,0.0
2645,5,0.0,1.0
2646,5,0.6590909090909092,0.3409090909090909
2647,5,0.59375,0.40625
2648,5,0.7142857142857143,0.2857142857142857
2649,5,0.5625,0.4375
2650,5,0.7,0.3
2651,5,0.7777777777777778,0.2222222222222222
2652,5,0.625,0.375
2653,5,0.5625,0.4375
2654,5,1.0,0.0
2655,5,1.0,0.0
2656,5,0.5,0.5
2657,5,1.0,0.0
2658,5,0.5,0.5
2659,5,0.5,0.5
2660,5,0.6764705882352942,0.3235294117647059
2661,5,0.7,0.3
2662,5,0.5,0.5
2663,5,1.0,0.0
2664,5,0.875,0.125
2665,5,1.0,0.0
2666,5,0.5,0.5
2667,5,0.6666666666666667,0.3333333333333333
2668,5,0.5,0.5
2669,5,1.0,0.0
2670,5,1.0,0.0
2671,5,0.5,0.5
2672,5,0.5,0.5
2673,5,0.7083333333333333,0.2916666666666667
2674,5,1.0,0.0
2675,5,0.5,0.5
2676,5,0.5,0.5
2677,5,0.7017543859649122,0.2982456140350877
2678,5,0.6818181818181819,0.3181818181818182
2679,5,0.6666666666666667,0.3333333333333333
2680,5,0.5,0.5
2681,5,0.5,0.5
2682,5,0.41666666666666663,0.5833333333333334
2683,5,1.0,0.0
2684,5,0.0,1.0
2685,5,0.5,0.5
2686,5,0.5,0.5
2687,5,0.0,1.0
2688,5,1.0,0.0
2689,5,1.0,0.0
2690,5,1.0,0.0
2691,5,0.5,0.5
2692,5,1.0,0.0
2693,5,1.0,0.0
2694,5,0.75,0.25
2695,5,0.6875,0.3125
2696,5,0.7,0.3
2697,5,0.5,0.5
2698,5,0.5,0.5
2699,5,0.5,0.5
2700,5,0.8333333333333334,0.16666666666666666
2701,5,1.0,0.0
2702,5,1.0,0.0
2703,5,1.0,0.0
2704,5,0.7333333333333334,0.26666666666666666
2705,5,0.8125,0.1875
2706,5,0.6,0.4
2707,5,0.5555555555555556,0.4444444444444444
2708,5,0.5,0.5
2709,5,0.5,0.5
2710,5,0.6875,0.3125
2711,5,0.0,1.0
2712,5,0.0,1.0
2713,5,0.25,0.75
2714,5,0.75,0.25
2715,5,0.625,0.375
2716,5,1.0,0.0
2717,5,1.0,0.0
2718,5,0.5,0.5
2719,5,0.25,0.75
2720,6,0.33333333333333337,0.6666666666666666
2721,6,0.6666666666666667,0.3333333333333333
2722,6,1.0,0.0
2723,6,0.75,0.25
2724,6,0.25,0.75
2725,6,0.7083333333333333,0.2916666666666667
2726,6,0.8,0.2
2727,6,0.5,0.5
2728,6,0.5,0.5
2729,6,0.625,0.375
2730,6,0.75,0.25
2731,6,0.6,0.4
2732,6,0.75,0.25
2733,6,0.35,0.65
2734,6,0.5,0.5
2735,6,0.46153846153846156,0.5384615384615384
2736,6,0.75,0.25
2737,6,0.5,0.5
2738,6,0.0,1.0
2739,6,0.0,1.0
2740,6,0.0,1.0
2741,6,1.0,0.0
2742,6,0.5,0.5
2743,6,0.0,1.0
2744,6,1.0,0.0
2745,6,0.0,1.0
2746,6,0.125,0.875
2747,6,0.0,1.0
2748,6,0.5,0.5
2749,6,0.0,1.0
2750,6,1.0,0.0
2751,6,0.5,0.5
2752,6,1.0,0.0
2753,6,0.33333333333333337,0.6666666666666666
2754,6,0.8333333333333334,0.16666666666666666
2755,6,0.0,1.0
2756,6,0.33333333333333337,0.6666666666666666
2757,6,0.8333333333333334,0.16666666666666666
2758,6,0.75,0.25
2759,6,0.0,1.0
2760,6,0.0,1.0
2761,6,1.0,0.0
2762,6,0.65,0.35
2763,6,0.5,0.5
2764,6,0.5,0.5
2765,6,0.5,0.5
2766,6,1.0,0.0
2767,6,0.0,1.0
2768,6,0.5,0.5
2769,6,0.75,0.25
2770,6,1.0,0.0
2771,6,0.0,1.0
2772,6,1.0,0.0
2773,6,1.0,0.0
2774,6,0.25,0.75
2775,6,0.0,1.0
2776,6,0.3125,0.6875
2777,6,0.2666666666666667,0.7333333333333333
2778,6,0.75,0.25
2779,6,0.9,0.1
2780,6,0.5652173913043479,0.43478260869565216
2781,6,0.8333333333333334,0.16666666666666666
2782,6,1.0,0.0
2783,6,0.375,0.625
2784,6,0.75,0.25
2785,6,0.0,1.0
2786,6,0.0,1.0
2787,6,0.25,0.75
2788,6,0.3125,0.6875
2789,6,0.5,0.5
2790,6,0.5,0.5
2791,6,0.75,0.25
2792,6,1.0,0.0
2793,6,0.0,1.0
2794,6,0.0,1.0
2795,6,0.16666666666666663,0.8333333333333334
2796,6,0.75,0.25
2797,6,0.9,0.1
2798,6,0.625,0.375
2799,6,0.6785714285714286,0.32142857142857145
2800,6,0.5,0.5
2801,6,1.0,0.0
2802,6,0.25,0.75
2803,6,0.75,0.25
2804,6,0.6666666666666667,0.3333333333333333
2805,6,0.5,0.5
2806,6,0.25,0.75
2807,6,0.0,1.0
2808,6,0.40625,0.59375
2809,6,0.33333333333333337,0.6666666666666666
2810,6,0.0,1.0
2811,6,0.0,1.0
2812,6,0.5,0.5
2813,6,0.0,1.0
2814,6,0.16666666666666663,0.8333333333333334
2815,6,0.6428571428571428,0.35714285714285715
2816,6,0.4,0.6
2817,6,0.75,0.25
2818,6,0.0,1.0
2819,6,0.5,0.5
2820,6,0.0,1.0
2821,6,0.0,1.0
2822,6,1.0,0.0
2823,6,0.30000000000000004,0.7
2824,6,0.5,0.5
2825,6,0.0,1.0
2826,6,0.5,0.5
2827,6,0.875,0.125
2828,6,0.75,0.25
2829,6,0.25,0.75
2830,6,0.5,0.5
2831,6,0.625,0.375
2832,6,0.5,0.5
2833,6,0.5,0.5
2834,6,1.0,0.0
2835,6,0.0,1.0
2836,6,0.16666666666666663,0.8333333333333334
2837,6,1.0,0.0
2838,6,0.0,1.0
2839,6,1.0,0.0
2840,6,0.5,0.5
2841,6,0.5,0.5
2842,6,0.0,1.0
2843,6,0.0,1.0
2844,6,0.0,1.0
2845,6,1.0,0.0
2846,6,0.6111111111111112,0.3888888888888889
2847,6,0.0,1.0
2848,6,0.0,1.0
2849,6,1.0,0.0
2850,6,0.0,1.0
2851,6,0.25,0.75
2852,6,0.0,1.0
2853,6,1.0,0.0
2854,6,1.0,0.0
2855,6,0.0,1.0
2856,6,0.5,0.5
2857,6,0.5,0.5
2858,6,0.6724137931034483,0.3275862068965517
2859,6,1.0,0.0
2860,6,1.0,0.0
2861,6,0.5,0.5
2862,6,1.0,0.0
2863,6,0.0,1.0
2864,6,1.0,0.0
2865,6,1.0,0.0
2866,6,0.0,1.0
2867,6,0.6923076923076923,0.3076923076923077
2868,6,0.5,0.5
2869,6,0.75,0.25
2870,6,0.375,0.625
2871,6,0.5,0.5
2872,6,0.5,0.5
2873,6,1.0,0.0
2874,6,0.75,0.25
2875,6,0.5,0.5
2876,6,0.75,0.25
2877,6,0.5,0.5
2878,6,0.8333333333333334,0.16666666666666666
2879,6,0.5,0.5
2880,6,0.5,0.5
2881,6,0.5,0.5
2882,6,1.0,0.0
2883,6,0.0,1.0
2884,6,0.5909090909090908,0.4090909090909091
2885,6,0.7307692307692308,0.2692307692307692
2886,6,0.5625,0.4375
2887,6,0.16666666666666663,0.8333333333333334
2888,6,0.5952380952380952,0.40476190476190477
2889,6,0.6666666666666667,0.3333333333333333
2890,6,0.6,0.4
2891,6,0.5,0.5
2892,6,0.0,1.0
2893,6,0.0,1.0
2894,6,1.0,0.0
2895,6,0.75,0.25
2896,6,0.6875,0.3125
2897,6,0.5,0.5
2898,6,0.5909090909090908,0.4090909090909091
2899,6,0.5,0.5
2900,6,0.75,0.25
2901,6,0.5,0.5
2902,6,0.5,0.5
2903,6,1.0,0.0
2904,6,0.5,0.5
2905,6,0.0,1.0
2906,6,0.0,1.0
2907,6,0.5,0.5
2908,6,1.0,0.0
2909,6,0.0,1.0
2910,6,0.5,0.5
2911,6,0.25,0.75
2912,6,0.0,1.0
2913,6,0.75,0.25
2914,6,1.0,0.0
2915,6,0.0,1.0
2916,6,0.75,0.25
2917,6,0.0,1.0
2918,6,0.5,0.5
2919,6,1.0,0.0
2920,6,1.0,0.0
2921,6,0.5,0.5
2922,6,1.0,0.0
2923,6,0.5,0.5
2924,6,0.5,0.5
2925,6,0.8,0.2
2926,6,0.7083333333333333,0.2916666666666667
2927,6,0.0,1.0
2928,6,0.0,1.0
2929,6,0.5,0.5
2930,6,0.5128205128205128,0.48717948717948717
2931,6,0.9166666666666666,0.08333333333333333
2932,6,0.33333333333333337,0.6666666666666666
2933,6,0.5,0.5
2934,6,0.0,1.0
2935,6,0.0,1.0
2936,6,0.5272727272727273,0.4727272727272727
2937,6,1.0,0.0
2938,6,1.0,0.0
2939,6,0.0,1.0
2940,6,1.0,0.0
2941,6,0.25,0.75
2942,6,0.75,0.25
2943,6,1.0,0.0
2944,6,0.5,0.5
2945,6,0.33333333333333337,0.6666666666666666
2946,6,0.6470588235294117,0.35294117647058826
2947,6,1.0,0.0
2948,6,1.0,0.0
2949,6,0.5,0.5
2950,6,0.41666666666666663,0.5833333333333334
2951,6,0.78125,0.21875
2952,6,0.6111111111111112,0.3888888888888889
2953,6,1.0,0.0
2954,6,1.0,0.0
2955,6,0.5,0.5
2956,6,0.5,0.5
2957,6,0.0,1.0
2958,6,0.0,1.0
2959,6,0.5,0.5
2960,6,1.0,0.0
2961,6,0.8333333333333334,0.16666666666666666
2962,6,0.25,0.75
2963,6,0.5,0.5
2964,6,0.5,0.5
2965,6,0.5,0.5
2966,6,1.0,0.0
2967,6,0.5,0.5
2968,6,1.0,0.0
2969,6,0.0,1.0
2970,6,1.0,0.0
2971,6,1.0,0.0
2972,6,0.0,1.0
2973,6,0.5,0.5
2974,6,1.0,0.0
2975,6,0.5,0.5
2976,6,0.5,0.5
2977,6,0.5,0.5
2978,6,1.0,0.0
2979,6,1.0,0.0
2980,6,0.5,0.5
2981,6,0.5,0.5
2982,6,1.0,0.0
2983,6,1.0,0.0
2984,6,1.0,0.0
2985,6,0.0,1.0
2986,6,1.0,0.0
2987,6,0.5,0.5
2988,6,0.0,1.0
2989,6,0.5,0.5
2990,6,0.5,0.5
2991,6,0.0,1.0
2992,6,0.5,0.5
2993,6,0.0,1.0
2994,6,1.0,0.0
2995,6,1.0,0.0
2996,6,0.5,0.5
2997,6,1.0,0.0
2998,6,0.5,0.5
2999,6,1.0,0.0
3000,6,1.0,0.0
3001,6,0.5,0.5
3002,6,0.8,0.2
3003,6,1.0,0.0
3004,6,0.75,0.25
3005,6,1.0,0.0
3006,6,1.0,0.0
3007,6,0.6666666666666667,0.3333333333333333
3008,6,0.6388888888888888,0.3611111111111111
3009,6,0.4,0.6
3010,6,0.8,0.2
3011,6,0.0,1.0
3012,6,0.33333333333333337,0.6666666666666666
3013,6,0.75,0.25
3014,6,0.5,0.5
3015,6,0.5,0.5
3016,6,0.8333333333333334,0.16666666666666666
3017,6,1.0,0.0
3018,6,0.0,1.0
3019,6,1.0,0.0
3020,6,0.6875,0.3125
3021,6,0.5,0.5
3022,6,0.5,0.5
3023,6,0.6599999999999999,0.34
3024,6,1.0,0.0
3025,6,0.5833333333333333,0.4166666666666667
3026,6,0.4,0.6
3027,6,0.5,0.5
3028,6,1.0,0.0
3029,6,0.5,0.5
3030,6,0.8333333333333334,0.16666666666666666
3031,6,0.875,0.125
3032,6,0.6666666666666667,0.3333333333333333
3033,6,0.16666666666666663,0.8333333333333334
3034,6,0.5833333333333333,0.4166666666666667
3035,6,0.625,0.375
3036,6,0.5,0.5
3037,6,0.75,0.25
3038,6,0.36363636363636365,0.6363636363636364
3039,6,0.7,0.3
3040,6,0.5,0.5
3041,6,0.6176470588235294,0.38235294117647056
3042,6,0.5454545454545454,0.45454545454545453
3043,6,0.0,1.0
3044,6,0.4411764705882353,0.5588235294117647
3045,6,0.0,1.0
3046,6,0.75,0.25
3047,6,0.5,0.5
3048,6,1.0,0.0
3049,6,0.5,0.5
3050,6,0.5,0.5
3051,6,1.0,0.0
3052,6,1.0,0.0
3053,6,0.5,0.5
3054,6,0.0,1.0
3055,6,1.0,0.0
3056,6,0.7,0.3
3057,6,0.625,0.375
3058,6,0.5,0.5
3059,6,0.375,0.625
3060,6,1.0,0.0
3061,6,0.5,0.5
3062,6,0.0,1.0
3063,6,0.75,0.25
3064,6,0.7857142857142857,0.21428571428571427
3065,6,0.4,0.6
3066,6,0.5,0.5
3067,6,0.6153846153846154,0.38461538461538464
3068,6,0.625,0.375
3069,6,0.5,0.5
3070,6,0.5,0.5
3071,6,0.0,1.0
3072,6,1.0,0.0
3073,6,0.0,1.0
3074,6,0.0,1.0
3075,6,0.0,1.0
3076,6,0.625,0.375
3077,6,0.0,1.0
3078,6,1.0,0.0
3079,6,1.0,0.0
3080,6,0.0,1.0
3081,6,1.0,0.0
3082,6,1.0,0.0
3083,6,0.5,0.5
3084,6,0.0,1.0
3085,6,1.0,0.0
3086,6,0.25,0.75
3087,6,1.0,0.0
3088,6,1.0,0.0
3089,6,0.5,0.5
3090,6,0.75,0.25
3091,6,0.5,0.5
3092,6,0.5,0.5
3093,6,0.75,0.25
3094,6,0.5,0.5
3095,6,0.875,0.125
3096,6,0.7,0.3
3097,6,0.125,0.875
3098,6,1.0,0.0
3099,6,0.625,0.375
3100,6,0.7,0.3
3101,6,1.0,0.0
3102,6,0.0,1.0
3103,6,1.0,0.0
3104,6,0.8,0.2
3105,6,0.75,0.25
3106,6,0.75,0.25
3107,6,0.5,0.5
3108,6,0.5,0.5
3109,6,0.75,0.25
3110,6,0.6666666666666667,0.3333333333333333
3111,6,0.0,1.0
3112,6,0.0,1.0
3113,6,0.6666666666666667,0.3333333333333333
3114,6,0.5,0.5
3115,6,1.0,0.0
3116,6,0.5,0.5
3117,6,0.0,1.0
3118,6,1.0,0.0
3119,6,0.0,1.0
3120,6,0.25,0.75
3121,6,0.5,0.5
3122,6,0.0,1.0
3123,6,0.125,0.875
3124,6,0.75,0.25
3125,6,0.25,0.75
3126,6,0.5,0.5
3127,6,0.8571428571428572,0.14285714285714285
3128,6,0.5,0.5
3129,6,1.0,0.0
3130,6,1.0,0.0
3131,6,0.5,0.5
3132,6,0.5,0.5
3133,6,1.0,0.0
3134,6,1.0,0.0
3135,6,1.0,0.0
3136,6,1.0,0.0
3137,6,1.0,0.0
3138,6,1.0,0.0
3139,6,0.5,0.5
3140,6,1.0,0.0
3141,6,1.0,0.0
3142,6,0.6666666666666667,0.3333333333333333
3143,6,0.0,1.0
3144,6,0.5,0.5
3145,6,0.0,1.0
3146,6,0.0,1.0
3147,6,0.0,1.0
3148,6,0.5,0.5
3149,6,0.5,0.5
3150,6,0.0,1.0
3151,6,0.5,0.5
3152,6,0.5,0.5
3153,6,0.5,0.5
3154,6,1.0,0.0
3155,6,1.0,0.0
3156,6,1.0,0.0
3157,6,1.0,0.0
3158,6,1.0,0.0
3159,6,0.0,1.0
3160,6,0.75,0.25
3161,6,0.5,0.5
3162,6,0.5,0.5
3163,6,1.0,0.0
3164,6,1.0,0.0
3165,6,1.0,0.0
3166,6,0.5,0.5
3167,6,1.0,0.0
3168,6,0.5,0.5
3169,6,1.0,0.0
3170,6,0.5,0.5
3171,6,0.0,1.0
3172,6,1.0,0.0
3173,6,1.0,0.0
3174,6,0.5,0.5
3175,6,0.5,0.5
3176,6,0.25,0.75
3177,6,0.5,0.5
3178,6,0.25,0.75
3179,6,1.0,0.0
3180,6,0.6428571428571428,0.35714285714285715
3181,6,0.75,0.25
3182,6,1.0,0.0
3183,6,0.5,0.5
3184,6,0.6666666666666667,0.3333333333333333
3185,6,0.8333333333333334,0.16666666666666666
3186,6,0.75,0.25
3187,6,0.5,0.5
3188,6,0.6666666666666667,0.3333333333333333
3189,6,0.0,1.0
3190,6,0.625,0.375
3191,6,0.5,0.5
3192,6,1.0,0.0
3193,6,0.5,0.5
3194,6,0.5,0.5
3195,6,0.33333333333333337,0.6666666666666666
3196,6,1.0,0.0
3197,6,1.0,0.0
3198,6,1.0,0.0
3199,6,0.38888888888888884,0.6111111111111112
3200,6,0.5,0.5
3201,6,0.44999999999999996,0.55
3202,6,0.6791044776119404,0.3208955223880597
3203,6,0.0,1.0
3204,6,0.0,1.0
3205,6,1.0,0.0
3206,6,0.5,0.5
3207,6,1.0,0.0
3208,6,0.5,0.5
3209,6,1.0,0.0
3210,6,0.0,1.0
3211,6,0.5,0.5
3212,6,0.5,0.5
3213,6,1.0,0.0
3214,6,0.6,0.4
3215,6,0.5,0.5
3216,6,0.0,1.0
3217,6,1.0,0.0
3218,6,1.0,0.0
3219,6,0.75,0.25
3220,6,1.0,0.0
3221,6,1.0,0.0
3222,6,1.0,0.0
3223,6,0.5238095238095238,0.47619047619047616
3224,6,0.5217391304347826,0.4782608695652174
3225,6,0.75,0.25
3226,6,0.5,0.5
3227,6,1.0,0.0
3228,6,1.0,0.0
3229,6,0.0,1.0
3230,6,0.8,0.2
3231,6,1.0,0.0
3232,6,0.5,0.5
3233,6,1.0,0.0
3234,6,1.0,0.0
3235,6,0.0,1.0
3236,6,0.5,0.5
3237,6,1.0,0.0
3238,6,1.0,0.0
3239,6,1.0,0.0
3240,6,1.0,0.0
3241,6,0.0,1.0
3242,6,0.5,0.5
3243,6,1.0,0.0
3244,6,1.0,0.0
3245,6,1.0,0.0
3246,6,1.0,0.0
3247,6,1.0,0.0
3248,6,1.0,0.0
3249,6,0.5,0.5
3250,6,1.0,0.0
3251,6,1.0,0.0
3252,6,1.0,0.0
3253,6,1.0,0.0
3254,6,1.0,0.0
3255,6,1.0,0.0
3256,6,0.5,0.5
3257,6,1.0,0.0
3258,6,0.5,0.5
3259,6,0.0,1.0
3260,6,1.0,0.0
3261,6,1.0,0.0
3262,6,0.5,0.5
3263,6,0.0,1.0
3264,6,0.25,0.75
3265,6,0.625,0.375
3266,6,0.5,0.5
3267,6,0.5,0.5
3268,6,0.5,0.5
3269,6,1.0,0.0
3270,6,1.0,0.0
3271,6,0.6904761904761905,0.30952380952380953
3272,6,0.0,1.0
3273,6,1.0,0.0
3274,6,0.0,1.0
3275,6,0.0,1.0
3276,6,0.25,0.75
3277,6,0.30000000000000004,0.7
3278,6,0.75,0.25
3279,6,0.5,0.5
3280,6,1.0,0.0
3281,6,0.75,0.25
3282,6,1.0,0.0
3283,6,0.0,1.0
3284,6,1.0,0.0
3285,6,0.5,0.5
3286,6,0.53125,0.46875
3287,6,0.5,0.5
3288,6,0.5,0.5
3289,6,1.0,0.0
3290,6,0.5,0.5
3291,6,1.0,0.0
3292,6,0.5909090909090908,0.4090909090909091
3293,6,0.5,0.5
3294,6,1.0,0.0
3295,6,0.0,1.0
3296,6,0.5555555555555556,0.4444444444444444
3297,6,0.5348837209302326,0.46511627906976744
3298,6,0.75,0.25
3299,6,0.6083333333333334,0.39166666666666666
3300,6,0.5,0.5
3301,6,0.5,0.5
3302,6,0.5555555555555556,0.4444444444444444
3303,6,0.49,0.51
3304,6,1.0,0.0
3305,6,0.5,0.5
3306,6,1.0,0.0
3307,6,0.5,0.5
3308,6,0.25,0.75
3309,6,0.5,0.5
3310,6,0.5,0.5
3311,6,0.5,0.5
3312,6,0.5,0.5
3313,6,1.0,0.0
3314,6,1.0,0.0
3315,6,0.0,1.0
3316,6,0.6,0.4
3317,6,0.5833333333333333,0.4166666666666667
3318,6,0.0,1.0
3319,6,1.0,0.0
3320,6,1.0,0.0
3321,6,0.5,0.5
3322,6,0.5,0.5
3323,6,0.6666666666666667,0.3333333333333333
3324,6,1.0,0.0
3325,6,1.0,0.0
3326,6,1.0,0.0
3327,6,1.0,0.0
3328,6,1.0,0.0
3329,6,0.75,0.25
3330,6,0.9,0.1
3331,6,0.6666666666666667,0.3333333333333333
3332,6,0.75,0.25
3333,6,0.75,0.25
3334,6,1.0,0.0
3335,6,0.6875,0.3125
3336,6,0.0,1.0
3337,6,0.6,0.4
3338,6,0.0,1.0
3339,6,0.0,1.0
3340,6,0.5,0.5
3341,6,0.5,0.5
3342,6,0.5652173913043479,0.43478260869565216
3343,6,0.25,0.75
3344,6,0.0,1.0
3345,6,1.0,0.0
3346,6,0.5,0.5
3347,6,0.75,0.25
3348,6,0.5,0.5
3349,6,0.0,1.0
3350,6,0.0,1.0
3351,6,1.0,0.0
3352,6,0.0,1.0
3353,6,0.5,0.5
3354,6,0.6666666666666667,0.3333333333333333
3355,6,0.0,1.0
3356,6,0.0,1.0
3357,6,0.7272727272727273,0.2727272727272727
3358,6,0.75,0.25
3359,6,0.0,1.0
3360,6,1.0,0.0
3361,6,0.5,0.5
3362,6,0.5,0.5
3363,6,0.5,0.5
3364,6,0.25,0.75
3365,6,1.0,0.0
3366,6,1.0,0.0
3367,6,1.0,0.0
3368,6,0.0,1.0
3369,6,0.25,0.75
3370,6,0.25,0.75
3371,6,1.0,0.0
3372,6,0.7,0.3
3373,6,1.0,0.0
3374,6,1.0,0.0
3375,6,0.0,1.0
3376,6,0.6428571428571428,0.35714285714285715
3377,6,0.5,0.5
3378,6,0.5,0.5
3379,6,0.6388888888888888,0.3611111111111111
3380,6,0.6818181818181819,0.3181818181818182
3381,6,0.5263157894736843,0.47368421052631576
3382,6,0.537037037037037,0.46296296296296297
3383,6,0.5,0.5
3384,6,0.5,0.5
3385,6,0.5,0.5
3386,6,0.6296296296296297,0.37037037037037035
3387,6,1.0,0.0
3388,6,0.4285714285714286,0.5714285714285714
3389,6,0.5,0.5
3390,6,0.4722222222222222,0.5277777777777778
3391,6,0.4772727272727273,0.5227272727272727
3392,6,0.75,0.25
3393,6,0.8333333333333334,0.16666666666666666
3394,6,0.6,0.4
3395,6,0.5,0.5
3396,6,0.7857142857142857,0.21428571428571427
3397,6,0.5,0.5
3398,6,0.0,1.0
3399,6,0.5,0.5
3400,6,0.5,0.5
3401,6,1.0,0.0
3402,6,0.75,0.25
3403,6,1.0,0.0
3404,6,0.6666666666666667,0.3333333333333333
3405,6,0.75,0.25
3406,6,0.5,0.5
3407,6,1.0,0.0
3408,6,1.0,0.0
3409,6,0.5,0.5
3410,6,0.625,0.375
3411,6,0.6666666666666667,0.3333333333333333
3412,6,0.5,0.5
3413,6,0.6774193548387097,0.3225806451612903
3414,6,0.6190476190476191,0.38095238095238093
3415,6,0.5,0.5
3416,6,0.0,1.0
3417,6,0.5625,0.4375
3418,6,0.5,0.5
3419,6,0.5,0.5
3420,6,1.0,0.0
3421,6,0.0,1.0
3422,6,0.5,0.5
3423,6,1.0,0.0
3424,6,1.0,0.0
3425,6,1.0,0.0
3426,6,0.5,0.5
3427,6,0.5,0.5
3428,6,0.8333333333333334,0.16666666666666666
3429,6,0.8,0.2
3430,6,0.0,1.0
3431,6,0.8181818181818181,0.18181818181818182
3432,6,0.0,1.0
3433,6,0.6666666666666667,0.3333333333333333
3434,6,1.0,0.0
3435,6,1.0,0.0
3436,6,1.0,0.0
3437,6,1.0,0.0
3438,6,0.0,1.0
3439,6,1.0,0.0
3440,6,1.0,0.0
3441,6,1.0,0.0
3442,6,0.5,0.5
3443,6,1.0,0.0
3444,6,0.0,1.0
3445,6,0.5,0.5
3446,6,1.0,0.0
3447,6,0.0,1.0
3448,6,0.5,0.5
3449,6,1.0,0.0
3450,6,0.25,0.75
3451,6,0.0,1.0
3452,6,0.5,0.5
3453,6,1.0,0.0
3454,6,1.0,0.0
3455,6,1.0,0.0
3456,6,1.0,0.0
3457,6,1.0,0.0
3458,6,0.5,0.5
3459,6,1.0,0.0
3460,6,0.0,1.0
3461,6,0.0,1.0
3462,6,0.5,0.5
3463,6,0.0,1.0
3464,6,1.0,0.0
3465,6,1.0,0.0
3466,6,1.0,0.0
3467,6,0.75,0.25
3468,6,1.0,0.0
3469,6,1.0,0.0
3470,6,0.5,0.5
3471,6,1.0,0.0
3472,6,1.0,0.0
3473,6,0.5,0.5
3474,6,0.5,0.5
3475,6,0.5,0.5
3476,6,0.5,0.5
3477,6,0.5,0.5
3478,6,0.33333333333333337,0.6666666666666666
3479,6,0.0,1.0
3480,6,0.0,1.0
3481,6,1.0,0.0
3482,6,1.0,0.0
3483,6,0.0,1.0
3484,6,0.75,0.25
3485,6,1.0,0.0
3486,6,0.75,0.25
3487,6,0.5,0.5
3488,6,0.75,0.25
3489,6,1.0,0.0
3490,6,0.0,1.0
3491,6,0.25,0.75
3492,6,0.0,1.0
3493,6,1.0,0.0
3494,6,0.25,0.75
3495,6,1.0,0.0
3496,6,0.8333333333333334,0.16666666666666666
3497,6,0.7,0.3
3498,6,0.5,0.5
3499,6,1.0,0.0
3500,6,0.875,0.125
3501,6,0.75,0.25
3502,6,0.5,0.5
3503,6,1.0,0.0
3504,6,0.5,0.5
3505,6,1.0,0.0
3506,6,0.0,1.0
3507,6,0.8888888888888888,0.1111111111111111
3508,6,1.0,0.0
3509,6,1.0,0.0
3510,6,1.0,0.0
3511,6,0.5,0.5
3512,6,0.5,0.5
3513,6,0.5,0.5
3514,6,0.41666666666666663,0.5833333333333334
3515,6,0.5,0.5
3516,6,0.75,0.25
3517,6,0.8333333333333334,0.16666666666666666
3518,6,1.0,0.0
3519,6,1.0,0.0
3520,6,1.0,0.0
3521,6,0.7272727272727273,0.2727272727272727
3522,6,0.5,0.5
3523,6,0.6666666666666667,0.3333333333333333
3524,6,1.0,0.0
3525,6,0.33333333333333337,0.6666666666666666
3526,6,0.6666666666666667,0.3333333333333333
3527,6,0.5,0.5
3528,6,0.0,1.0
3529,6,0.5,0.5
3530,6,0.8333333333333334,0.16666666666666666
3531,6,1.0,0.0
3532,6,1.0,0.0
3533,6,0.6666666666666667,0.3333333333333333
3534,6,1.0,0.0
3535,6,1.0,0.0
3536,6,0.75,0.25
3537,6,1.0,0.0
3538,6,1.0,0.0
3539,6,0.5,0.5
3540,6,0.0,1.0
3541,6,0.7777777777777778,0.2222222222222222
3542,6,0.5,0.5
3543,6,1.0,0.0
3544,6,0.5,0.5
3545,6,0.6666666666666667,0.3333333333333333
3546,6,0.5,0.5
3547,6,1.0,0.0
3548,6,0.75,0.25
3549,6,1.0,0.0
3550,6,1.0,0.0
3551,6,1.0,0.0
3552,6,1.0,0.0
3553,6,1.0,0.0
3554,6,0.5,0.5
3555,6,0.0,1.0
3556,6,1.0,0.0
3557,6,1.0,0.0
3558,6,1.0,0.0
3559,6,0.5,0.5
3560,6,0.0,1.0
3561,6,1.0,0.0
3562,6,1.0,0.0
3563,6,0.0,1.0
3564,6,1.0,0.0
3565,6,0.5,0.5
3566,6,1.0,0.0
3567,6,0.5,0.5
3568,6,1.0,0.0
3569,6,0.5,0.5
3570,6,1.0,0.0
3571,6,1.0,0.0
3572,6,0.0,1.0
3573,6,0.0,1.0
3574,6,0.0,1.0
3575,6,0.0,1.0
3576,6,0.0,1.0
3577,6,0.33333333333333337,0.6666666666666666
3578,6,0.0,1.0
3579,6,0.0,1.0
3580,6,0.0,1.0
3581,6,0.0,1.0
3582,6,0.0,1.0
3583,6,0.0,1.0
3584,6,0.7857142857142857,0.21428571428571427
3585,6,0.0,1.0
3586,6,1.0,0.0
3587,6,1.0,0.0
3588,6,1.0,0.0
3589,6,0.5555555555555556,0.4444444444444444
3590,6,0.45833333333333337,0.5416666666666666
3591,6,0.25,0.75
3592,6,0.25,0.75
3593,6,0.0,1.0
3594,6,0.0,1.0
3595,6,0.5,0.5
3596,6,0.0,1.0
3597,6,0.0,1.0
3598,6,1.0,0.0
3599,6,0.5,0.5
3600,6,0.0,1.0
3601,6,0.0,1.0
3602,6,1.0,0.0
3603,6,0.0,1.0
3604,6,0.0,1.0
3605,6,1.0,0.0
3606,6,0.25,0.75
3607,6,1.0,0.0
3608,6,1.0,0.0
3609,6,0.33333333333333337,0.6666666666666666
3610,6,0.5,0.5
3611,6,1.0,0.0
3612,6,0.75,0.25
3613,6,1.0,0.0
3614,6,1.0,0.0
3615,6,1.0,0.0
3616,6,0.5,0.5
3617,6,0.0,1.0
3618,6,0.5,0.5
3619,6,0.5,0.5
3620,6,1.0,0.0
3621,6,0.16666666666666663,0.8333333333333334
3622,6,0.5,0.5
3623,6,1.0,0.0
3624,6,0.0,1.0
3625,6,0.5,0.5
3626,6,0.5625,0.4375
3627,6,0.5,0.5
3628,6,0.08333333333333337,0.9166666666666666
3629,6,1.0,0.0
3630,6,0.5,0.5
3631,6,1.0,0.0
3632,6,0.0,1.0
3633,6,0.0,1.0
3634,6,0.19999999999999996,0.8
3635,6,0.5,0.5
3636,6,0.5,0.5
3637,6,1.0,0.0
3638,6,0.0,1.0
3639,6,0.0,1.0
3640,6,0.5,0.5
3641,6,0.0,1.0
3642,6,0.0,1.0
3643,6,0.5,0.5
3644,6,0.0,1.0
3645,6,0.0,1.0
3646,6,0.0,1.0
3647,6,0.0,1.0
3648,6,1.0,0.0
3649,6,1.0,0.0
3650,6,0.5,0.5
3651,6,1.0,0.0
3652,6,1.0,0.0
3653,6,0.5,0.5
3654,6,0.0,1.0
3655,6,0.5,0.5
3656,6,1.0,0.0
3657,6,1.0,0.0
3658,6,0.0,1.0
3659,6,0.0,1.0
3660,6,1.0,0.0
3661,6,1.0,0.0
3662,6,0.5,0.5
3663,6,0.5,0.5
3664,6,1.0,0.0
3665,6,0.5,0.5
3666,6,0.75,0.25
3667,6,1.0,0.0
3668,6,1.0,0.0
3669,6,0.5,0.5
3670,6,0.75,0.25
3671,6,0.6666666666666667,0.3333333333333333
3672,6,1.0,0.0
3673,6,1.0,0.0
3674,6,0.6666666666666667,0.3333333333333333
3675,6,1.0,0.0
3676,6,0.5,0.5
3677,6,0.9166666666666666,0.08333333333333333
3678,6,1.0,0.0
3679,6,0.5,0.5
3680,6,0.0,1.0
3681,6,0.0,1.0
3682,6,0.0,1.0
3683,6,0.0,1.0
3684,6,0.0,1.0
3685,6,0.0,1.0
3686,6,0.5,0.5
3687,6,0.0,1.0
3688,6,0.0,1.0
3689,6,1.0,0.0
3690,6,1.0,0.0
3691,6,0.7,0.3
3692,6,0.5,0.5
3693,6,1.0,0.0
3694,6,1.0,0.0
3695,6,1.0,0.0
3696,6,1.0,0.0
3697,6,0.5,0.5
3698,6,1.0,0.0
3699,6,1.0,0.0
3700,6,0.5,0.5
3701,6,0.5,0.5
3702,6,0.5,0.5
3703,6,0.0,1.0
3704,6,1.0,0.0
3705,6,1.0,0.0
3706,6,1.0,0.0
3707,6,1.0,0.0
3708,6,0.8333333333333334,0.16666666666666666
3709,6,0.5,0.5
3710,6,0.5,0.5
3711,6,0.25,0.75
3712,6,1.0,0.0
3713,6,0.5,0.5
3714,6,0.0,1.0
3715,6,1.0,0.0
3716,6,1.0,0.0
3717,6,0.0,1.0
3718,6,0.6666666666666667,0.3333333333333333
3719,6,0.0,1.0
3720,6,1.0,0.0
3721,6,0.5,0.5
3722,6,0.0,1.0
3723,6,0.875,0.125
3724,6,0.5,0.5
3725,6,1.0,0.0
3726,6,1.0,0.0
3727,6,0.85,0.15
3728,6,0.5,0.5
3729,6,1.0,0.0
3730,6,0.75,0.25
3731,6,1.0,0.0
3732,6,0.5,0.5
3733,6,1.0,0.0
3734,6,0.5,0.5
3735,6,1.0,0.0
3736,6,0.0,1.0
3737,6,1.0,0.0
3738,6,1.0,0.0
3739,6,0.0,1.0
3740,6,1.0,0.0
3741,6,0.0,1.0
3742,6,0.0,1.0
3743,6,1.0,0.0
3744,6,1.0,0.0
3745,6,0.5,0.5
3746,6,1.0,0.0
3747,6,1.0,0.0
3748,6,1.0,0.0
3749,6,0.5,0.5
3750,6,0.0,1.0
3751,6,0.5,0.5
3752,6,0.5,0.5
3753,6,1.0,0.0
3754,6,1.0,0.0
3755,6,0.5,0.5
3756,6,0.5,0.5
3757,6,1.0,0.0
3758,6,0.25,0.75
3759,6,0.33333333333333337,0.6666666666666666
3760,6,0.0,1.0
3761,6,0.5,0.5
3762,6,0.5,0.5
3763,6,0.25,0.75
3764,6,0.0,1.0
3765,6,0.5,0.5
3766,6,0.75,0.25
3767,6,0.33333333333333337,0.6666666666666666
3768,6,0.7222222222222222,0.2777777777777778
3769,6,0.5,0.5
3770,6,0.0,1.0
3771,6,0.5,0.5
3772,6,1.0,0.0
3773,6,0.5,0.5
3774,6,1.0,0.0
3775,6,0.0,1.0
3776,6,1.0,0.0
3777,6,0.5,0.5
3778,6,0.0,1.0
3779,6,0.0,1.0
3780,6,1.0,0.0
3781,6,0.5,0.5
3782,6,0.5,0.5
3783,6,1.0,0.0
3784,6,1.0,0.0
3785,6,1.0,0.0
3786,6,0.0,1.0
3787,6,1.0,0.0
3788,6,0.0,1.0
3789,6,0.25,0.75
3790,6,1.0,0.0
3791,6,1.0,0.0
3792,6,1.0,0.0
3793,6,1.0,0.0
3794,6,0.5,0.5
3795,6,1.0,0.0
3796,6,1.0,0.0
3797,6,0.0,1.0
3798,6,0.5,0.5
3799,6,0.5,0.5
3800,6,0.0,1.0
3801,6,0.5,0.5
3802,6,1.0,0.0
3803,6,1.0,0.0
3804,6,0.0,1.0
3805,6,1.0,0.0
3806,6,1.0,0.0
3807,6,0.25,0.75
3808,6,0.5,0.5
3809,6,0.5,0.5
3810,6,0.5,0.5
3811,6,1.0,0.0
3812,6,0.5,0.5
3813,6,0.0,1.0
3814,6,0.75,0.25
3815,6,1.0,0.0
3816,6,1.0,0.0
3817,6,0.25,0.75
3818,6,1.0,0.0
3819,6,1.0,0.0
3820,6,0.5,0.5
3821,6,0.75,0.25
3822,6,0.5,0.5
3823,6,0.75,0.25
3824,6,0.5,0.5
3825,6,1.0,0.0
3826,6,0.5,0.5
3827,6,0.25,0.75
3828,6,1.0,0.0
3829,6,1.0,0.0
3830,6,0.5,0.5
3831,6,1.0,0.0
3832,6,0.5,0.5
3833,6,0.75,0.25
3834,6,0.0,1.0
3835,6,1.0,0.0
3836,6,0.5,0.5
3837,6,1.0,0.0
3838,6,0.5,0.5
3839,6,1.0,0.0
3840,6,0.5,0.5
3841,6,1.0,0.0
3842,6,1.0,0.0
3843,6,1.0,0.0
3844,6,1.0,0.0
3845,6,0.5,0.5
3846,6,0.5,0.5
3847,6,1.0,0.0
3848,6,0.5,0.5
3849,6,0.0,1.0
3850,6,1.0,0.0
3851,6,1.0,0.0
3852,6,0.25,0.75
3853,6,0.5,0.5
3854,6,0.5,0.5
3855,6,0.5,0.5
3856,6,1.0,0.0
3857,6,0.5,0.5
3858,6,0.0,1.0
3859,6,0.5,0.5
3860,6,1.0,0.0
3861,6,1.0,0.0
3862,6,0.7142857142857143,0.2857142857142857
3863,6,0.0,1.0
3864,6,0.5,0.5
3865,6,1.0,0.0
3866,6,1.0,0.0
3867,6,0.0,1.0
3868,6,0.5,0.5
3869,6,1.0,0.0
3870,6,0.25,0.75
3871,6,1.0,0.0
3872,6,0.5,0.5
3873,6,0.75,0.25
3874,6,0.5,0.5
3875,6,1.0,0.0
3876,6,0.5,0.5
3877,6,1.0,0.0
3878,6,1.0,0.0
3879,6,0.5,0.5
3880,6,0.5,0.5
3881,6,0.0,1.0
3882,6,0.0,1.0
3883,6,0.0,1.0
3884,6,1.0,0.0
3885,6,0.0,1.0
3886,6,0.0,1.0
3887,6,0.5,0.5
3888,6,1.0,0.0
3889,6,1.0,0.0
3890,6,0.7,0.3
3891,6,0.5,0.5
3892,6,1.0,0.0
3893,6,0.0,1.0
3894,6,1.0,0.0
3895,6,0.5,0.5
3896,6,1.0,0.0
3897,6,0.5,0.5
3898,6,0.5,0.5
3899,6,0.0,1.0
3900,6,0.6666666666666667,0.3333333333333333
3901,6,0.0,1.0
3902,6,0.5,0.5
3903,6,0.5,0.5
3904,6,1.0,0.0
3905,6,0.5,0.5
3906,6,1.0,0.0
3907,6,0.875,0.125
3908,6,1.0,0.0
3909,6,0.5,0.5
3910,6,0.0,1.0
3911,6,1.0,0.0
3912,6,0.0,1.0
3913,6,1.0,0.0
3914,6,1.0,0.0
3915,6,1.0,0.0
3916,6,0.5,0.5
3917,6,0.0,1.0
3918,6,0.5,0.5
3919,6,0.0,1.0
3920,6,1.0,0.0
3921,6,0.6666666666666667,0.3333333333333333
3922,6,0.0,1.0
3923,6,0.75,0.25
3924,6,0.5,0.5
3925,6,0.5,0.5
3926,6,1.0,0.0
3927,6,0.75,0.25
3928,6,1.0,0.0
3929,6,1.0,0.0
3930,6,1.0,0.0
3931,6,0.0,1.0
3932,6,1.0,0.0
3933,6,1.0,0.0
3934,6,1.0,0.0
3935,6,0.25,0.75
3936,6,0.5,0.5
3937,6,1.0,0.0
3938,6,0.5,0.5
3939,6,0.75,0.25
3940,6,1.0,0.0
3941,6,0.5700000000000001,0.43
3942,6,0.6666666666666667,0.3333333333333333
3943,6,1.0,0.0
3944,6,1.0,0.0
3945,6,0.5,0.5
3946,6,0.41666666666666663,0.5833333333333334
3947,6,0.5,0.5
3948,6,0.6666666666666667,0.3333333333333333
3949,6,0.0,1.0
3950,6,0.5,0.5
3951,6,1.0,0.0
3952,6,0.5,0.5
3953,6,0.0,1.0
3954,6,0.6666666666666667,0.3333333333333333
3955,6,0.5,0.5
3956,6,0.7777777777777778,0.2222222222222222
3957,6,0.5,0.5
3958,6,0.5,0.5
3959,6,0.5,0.5
3960,6,0.875,0.125
3961,6,1.0,0.0
3962,6,0.0,1.0
3963,6,0.7,0.3
3964,6,0.75,0.25
3965,6,0.5,0.5
3966,6,0.5,0.5
3967,6,0.75,0.25
3968,6,0.5,0.5
3969,6,0.5,0.5
3970,6,1.0,0.0
3971,6,1.0,0.0
3972,6,0.5869565217391304,0.41304347826086957
3973,6,0.5,0.5
3974,6,0.30000000000000004,0.7
3975,6,1.0,0.0
3976,6,0.8,0.2
3977,6,1.0,0.0
3978,6,0.6666666666666667,0.3333333333333333
3979,6,0.6,0.4
3980,6,0.7083333333333333,0.2916666666666667
3981,6,0.5,0.5
3982,6,1.0,0.0
3983,6,0.5,0.5
3984,6,0.0,1.0
3985,6,1.0,0.0
3986,6,0.33333333333333337,0.6666666666666666
3987,6,0.8125,0.1875
3988,6,1.0,0.0
3989,6,0.8,0.2
3990,6,1.0,0.0
3991,6,1.0,0.0
3992,6,0.75,0.25
3993,6,1.0,0.0
3994,6,0.8333333333333334,0.16666666666666666
3995,6,0.5,0.5
3996,6,0.5,0.5
3997,6,0.5,0.5
3998,6,0.8333333333333334,0.16666666666666666
3999,6,1.0,0.0
4000,6,1.0,0.0
4001,6,1.0,0.0
4002,6,0.5,0.5
4003,6,0.75,0.25
4004,6,0.6666666666666667,0.3333333333333333
4005,6,0.5,0.5
4006,6,0.8,0.2
4007,6,0.4285714285714286,0.5714285714285714
4008,6,0.5,0.5
4009,6,0.875,0.125
4010,6,0.25,0.75
4011,6,0.5,0.5
4012,6,0.75,0.25
4013,6,0.625,0.375
4014,6,0.25,0.75
4015,6,0.5,0.5
4016,6,1.0,0.0
4017,6,0.5,0.5
4018,6,0.0,1.0
4019,6,0.375,0.625
4020,6,0.5,0.5
4021,6,0.625,0.375
4022,6,0.5,0.5
4023,6,0.16666666666666663,0.8333333333333334
4024,6,0.25,0.75
4025,6,0.8181818181818181,0.18181818181818182
4026,6,1.0,0.0
4027,6,0.5,0.5
4028,6,0.5714285714285714,0.42857142857142855
4029,6,0.25,0.75
4030,6,0.6,0.4
4031,6,0.6666666666666667,0.3333333333333333
4032,6,0.6186440677966102,0.3813559322033898
4033,6,0.7105263157894737,0.2894736842105263
4034,6,0.6190476190476191,0.38095238095238093
4035,6,0.4666666666666667,0.5333333333333333
4036,6,0.5,0.5
4037,6,0.44999999999999996,0.55
4038,6,0.4473684210526315,0.5526315789473685
4039,6,0.7222222222222222,0.2777777777777778
4040,6,0.5263157894736843,0.47368421052631576
4041,6,0.6052631578947368,0.39473684210526316
4042,6,0.55,0.45
4043,6,0.6666666666666667,0.3333333333333333
4044,6,0.33333333333333337,0.6666666666666666
4045,6,0.5,0.5
4046,6,0.5,0.5
4047,6,0.0,1.0
4048,6,0.6666666666666667,0.3333333333333333
4049,6,0.0,1.0
4050,6,1.0,0.0
4051,6,0.0,1.0
4052,6,1.0,0.0
4053,6,1.0,0.0
4054,6,0.6875,0.3125
4055,6,0.75,0.25
4056,6,0.625,0.375
4057,6,0.75,0.25
4058,6,0.7916666666666666,0.20833333333333334
4059,6,0.625,0.375
4060,6,0.868421052631579,0.13157894736842105
4061,6,0.6,0.4
4062,6,0.25,0.75
4063,6,0.7,0.3
4064,6,0.5,0.5
4065,6,0.6363636363636364,0.36363636363636365
4066,6,1.0,0.0
4067,6,0.625,0.375
4068,6,0.0,1.0
4069,6,0.5,0.5
4070,6,0.8333333333333334,0.16666666666666666
4071,6,0.7023809523809523,0.2976190476190476
4072,6,0.6101694915254237,0.3898305084745763
4073,6,0.75,0.25
4074,6,0.5689655172413793,0.43103448275862066
4075,6,0.33333333333333337,0.6666666666666666
4076,6,0.5,0.5
4077,6,0.5,0.5
4078,6,0.75,0.25
4079,6,0.0,1.0
4080,6,1.0,0.0
4081,6,1.0,0.0
4082,6,1.0,0.0
4083,6,0.8333333333333334,0.16666666666666666
4084,6,0.8,0.2
4085,6,0.4,0.6
4086,6,1.0,0.0
4087,6,0.0,1.0
4088,6,0.5,0.5
4089,6,0.5,0.5
4090,6,0.0,1.0
4091,6,0.5,0.5
4092,6,0.25,0.75
4093,6,0.0,1.0
4094,6,0.0,1.0
4095,6,0.5,0.5
4096,6,1.0,0.0
4097,6,1.0,0.0
4098,6,1.0,0.0
4099,6,1.0,0.0
4100,6,1.0,0.0
4101,6,1.0,0.0
4102,6,0.5,0.5
4103,6,0.0,1.0
4104,6,1.0,0.0
4105,6,1.0,0.0
4106,6,0.0,1.0
4107,6,0.0,1.0
4108,6,0.25,0.75
4109,6,0.5,0.5
4110,6,1.0,0.0
4111,6,0.5,0.5
4112,6,1.0,0.0
4113,6,0.0,1.0
4114,6,0.5,0.5
4115,6,1.0,0.0
4116,6,1.0,0.0
4117,6,0.8333333333333334,0.16666666666666666
4118,6,0.5,0.5
4119,6,0.5,0.5
4120,6,0.25,0.75
4121,6,1.0,0.0
4122,6,0.0,1.0
4123,6,0.0,1.0
4124,6,0.0,1.0
4125,6,1.0,0.0
4126,6,0.5,0.5
4127,6,0.30000000000000004,0.7
4128,6,1.0,0.0
4129,6,0.16666666666666663,0.8333333333333334
4130,6,1.0,0.0
4131,6,0.5,0.5
4132,6,1.0,0.0
4133,6,1.0,0.0
4134,6,0.0,1.0
4135,6,1.0,0.0
4136,6,1.0,0.0
4137,6,0.0,1.0
4138,6,0.8333333333333334,0.16666666666666666
4139,6,0.0,1.0
4140,6,0.5,0.5
4141,6,1.0,0.0
4142,6,0.6666666666666667,0.3333333333333333
4143,6,0.75,0.25
4144,6,0.875,0.125
4145,6,1.0,0.0
4146,6,1.0,0.0
4147,6,0.75,0.25
4148,6,0.0,1.0
4149,6,0.5,0.5
4150,6,1.0,0.0
4151,6,0.5,0.5
4152,6,0.5,0.5
4153,6,1.0,0.0
4154,6,0.5588235294117647,0.4411764705882353
4155,6,0.5641025641025641,0.4358974358974359
4156,6,1.0,0.0
4157,6,0.5,0.5
4158,6,0.5,0.5
4159,6,1.0,0.0
4160,6,0.5,0.5
4161,6,1.0,0.0
4162,6,1.0,0.0
4163,6,0.0,1.0
4164,6,0.0,1.0
4165,6,1.0,0.0
4166,6,0.75,0.25
4167,6,0.5,0.5
4168,6,1.0,0.0
4169,6,1.0,0.0
4170,6,0.5,0.5
4171,6,0.5,0.5
4172,6,1.0,0.0
4173,6,0.5,0.5
4174,6,0.0,1.0
4175,6,1.0,0.0
4176,6,0.0,1.0
4177,6,0.5,0.5
4178,6,1.0,0.0
4179,6,0.0,1.0
4180,6,0.0,1.0
4181,6,0.75,0.25
4182,6,0.40625,0.59375
4183,6,0.8,0.2
4184,6,0.5,0.5
4185,6,0.0,1.0
4186,6,1.0,0.0
4187,6,0.0,1.0
4188,6,1.0,0.0
4189,6,1.0,0.0
4190,6,0.5,0.5
4191,6,0.5,0.5
4192,6,1.0,0.0
4193,6,0.5,0.5
4194,6,0.5,0.5
4195,6,1.0,0.0
4196,6,0.6,0.4
4197,6,1.0,0.0
4198,6,0.0,1.0
4199,6,0.0,1.0
4200,6,0.6666666666666667,0.3333333333333333
4201,6,0.0,1.0
4202,6,1.0,0.0
4203,6,0.5,0.5
4204,6,0.25,0.75
4205,6,0.5,0.5
4206,6,0.5,0.5
4207,6,1.0,0.0
4208,6,0.25,0.75
4209,6,1.0,0.0
4210,6,0.16666666666666663,0.8333333333333334
4211,6,0.5,0.5
4212,6,0.6666666666666667,0.3333333333333333
4213,6,0.8333333333333334,0.16666666666666666
4214,6,0.5,0.5
4215,6,0.75,0.25
4216,6,0.5,0.5
4217,6,0.0,1.0
4218,6,0.875,0.125
4219,6,0.5,0.5
4220,6,1.0,0.0
4221,6,0.33333333333333337,0.6666666666666666
4222,6,1.0,0.0
4223,6,0.0,1.0
4224,6,1.0,0.0
4225,6,0.5,0.5
4226,6,0.8333333333333334,0.16666666666666666
4227,6,0.5,0.5
4228,6,0.5,0.5
4229,6,0.5,0.5
4230,6,0.0,1.0
4231,6,0.5,0.5
4232,6,0.0,1.0
4233,6,0.0,1.0
4234,6,0.5,0.5
4235,6,0.0,1.0
4236,6,0.0,1.0
4237,6,0.2692307692307693,0.7307692307692307
4238,6,0.6666666666666667,0.3333333333333333
4239,6,0.5,0.5
4240,6,0.0,1.0
4241,6,1.0,0.0
4242,6,0.5,0.5
4243,6,1.0,0.0
4244,6,1.0,0.0
4245,6,1.0,0.0
4246,6,1.0,0.0
4247,6,0.0,1.0
4248,6,1.0,0.0
4249,6,1.0,0.0
4250,6,0.0,1.0
4251,6,0.0,1.0
4252,6,0.0,1.0
4253,6,0.0,1.0
4254,6,0.5,0.5
4255,6,0.0,1.0
4256,6,0.0,1.0
4257,6,0.0,1.0
4258,6,1.0,0.0
4259,6,1.0,0.0
4260,6,0.5,0.5
4261,6,1.0,0.0
4262,6,1.0,0.0
4263,6,0.9615384615384616,0.038461538461538464
4264,6,0.75,0.25
4265,6,0.0,1.0
4266,6,1.0,0.0
4267,6,0.75,0.25
4268,6,1.0,0.0
4269,6,1.0,0.0
4270,6,1.0,0.0
4271,6,1.0,0.0
4272,6,0.5,0.5
4273,6,0.6666666666666667,0.3333333333333333
4274,6,0.5,0.5
4275,6,0.0,1.0
4276,6,1.0,0.0
4277,6,0.5,0.5
4278,6,0.0,1.0
4279,6,0.25,0.75
4280,6,0.5,0.5
4281,6,0.875,0.125
4282,6,0.4444444444444444,0.5555555555555556
4283,6,0.5,0.5
4284,6,0.625,0.375
4285,6,0.375,0.625
4286,6,0.5,0.5
4287,6,0.375,0.625
4288,6,0.0,1.0
4289,6,0.0,1.0
4290,6,0.0,1.0
4291,6,1.0,0.0
4292,6,0.5,0.5
4293,6,0.5,0.5
4294,6,0.0,1.0
4295,6,1.0,0.0
4296,6,1.0,0.0
4297,6,0.33333333333333337,0.6666666666666666
4298,6,0.0,1.0
4299,6,0.75,0.25
4300,6,0.5,0.5
4301,6,0.0,1.0
4302,6,0.5,0.5
4303,6,0.0,1.0
4304,6,1.0,0.0
4305,6,1.0,0.0
4306,6,0.5,0.5
4307,6,0.0,1.0
4308,6,0.0,1.0
4309,6,0.0,1.0
4310,6,0.5,0.5
4311,6,0.0,1.0
4312,6,1.0,0.0
4313,6,0.0,1.0
4314,6,1.0,0.0
4315,6,0.25,0.75
4316,6,0.0,1.0
4317,6,0.5,0.5
4318,6,0.0,1.0
4319,6,1.0,0.0
4320,6,1.0,0.0
4321,6,1.0,0.0
4322,6,1.0,0.0
4323,6,0.0,1.0
4324,6,0.16666666666666663,0.8333333333333334
4325,6,0.4411764705882353,0.5588235294117647
4326,6,0.625,0.375
4327,6,0.5833333333333333,0.4166666666666667
4328,6,0.5833333333333333,0.4166666666666667
4329,6,0.5454545454545454,0.45454545454545453
4330,6,0.0,1.0
4331,6,0.0,1.0
4332,6,1.0,0.0
4333,6,1.0,0.0
4334,6,1.0,0.0
4335,6,0.5,0.5
4336,6,0.5,0.5
4337,6,1.0,0.0
4338,6,0.5,0.5
4339,6,1.0,0.0
4340,6,1.0,0.0
4341,6,1.0,0.0
4342,6,0.0,1.0
4343,6,0.25,0.75
4344,6,0.5,0.5
4345,6,0.0,1.0
4346,6,0.5,0.5
4347,6,0.5,0.5
4348,6,1.0,0.0
4349,6,1.0,0.0
4350,6,0.0,1.0
4351,6,0.5,0.5
4352,6,0.5,0.5
4353,6,1.0,0.0
4354,6,0.0,1.0
4355,6,0.5,0.5
4356,6,0.5,0.5
4357,6,0.6666666666666667,0.3333333333333333
4358,6,0.5,0.5
4359,6,0.5,0.5
4360,6,1.0,0.0
4361,6,0.4,0.6
4362,6,0.25,0.75
4363,6,0.5,0.5
4364,6,0.0,1.0
4365,6,1.0,0.0
4366,6,0.5,0.5
4367,6,0.5,0.5
4368,6,0.0,1.0
4369,6,0.0,1.0
4370,6,0.5,0.5
4371,6,0.5,0.5
4372,6,1.0,0.0
4373,6,0.0,1.0
4374,6,0.6666666666666667,0.3333333333333333
4375,6,0.0,1.0
4376,6,0.0,1.0
4377,6,1.0,0.0
4378,6,0.6666666666666667,0.3333333333333333
4379,6,0.5,0.5
4380,6,1.0,0.0
4381,6,0.5,0.5
4382,6,1.0,0.0
4383,6,1.0,0.0
4384,6,0.5,0.5
4385,6,0.5,0.5
4386,6,0.0,1.0
4387,6,0.19999999999999996,0.8
4388,6,0.5,0.5
4389,6,1.0,0.0
4390,6,0.5,0.5
4391,6,0.33333333333333337,0.6666666666666666
4392,6,0.0,1.0
4393,6,1.0,0.0
4394,6,0.0,1.0
4395,6,0.0,1.0
4396,6,0.0,1.0
4397,6,0.5,0.5
4398,6,0.875,0.125
4399,6,1.0,0.0
4400,6,0.0,1.0
4401,6,1.0,0.0
4402,6,0.4545454545454546,0.5454545454545454
4403,6,0.6666666666666667,0.3333333333333333
4404,6,0.0,1.0
4405,6,0.0,1.0
4406,6,0.19999999999999996,0.8
4407,6,0.6428571428571428,0.35714285714285715
4408,6,0.33333333333333337,0.6666666666666666
4409,6,0.4,0.6
4410,6,0.0,1.0
4411,6,0.5,0.5
4412,6,0.0,1.0
4413,6,1.0,0.0
4414,6,1.0,0.0
4415,6,1.0,0.0
4416,6,0.5,0.5
4417,6,0.0,1.0
4418,6,0.0,1.0
4419,6,0.5,0.5
4420,6,1.0,0.0
4421,6,0.0,1.0
4422,6,0.375,0.625
4423,6,0.5,0.5
4424,6,0.75,0.25
4425,6,0.5,0.5
4426,6,0.0,1.0
4427,6,0.5,0.5
4428,6,0.0,1.0
4429,6,0.5,0.5
4430,6,1.0,0.0
4431,6,0.5,0.5
4432,6,0.5,0.5
4433,6,0.5,0.5
4434,6,0.6666666666666667,0.3333333333333333
4435,6,1.0,0.0
4436,6,0.16666666666666663,0.8333333333333334
4437,6,0.0,1.0
4438,6,0.5,0.5
4439,6,0.0,1.0
4440,6,0.0,1.0
4441,6,0.0,1.0
4442,6,0.75,0.25
4443,6,0.25,0.75
4444,6,1.0,0.0
4445,6,0.75,0.25
4446,6,0.4,0.6
4447,6,0.5,0.5
4448,6,0.0,1.0
4449,6,0.75,0.25
4450,6,1.0,0.0
4451,6,0.0,1.0
4452,6,1.0,0.0
4453,6,1.0,0.0
4454,6,1.0,0.0
4455,6,0.5,0.5
4456,6,0.5,0.5
4457,6,0.5,0.5
4458,6,0.5,0.5
4459,6,1.0,0.0
4460,6,0.5,0.5
4461,6,0.5,0.5
4462,6,0.5,0.5
4463,6,0.5,0.5
4464,6,0.75,0.25
4465,6,1.0,0.0
4466,6,0.5,0.5
4467,6,1.0,0.0
4468,6,0.5,0.5
4469,6,1.0,0.0
4470,6,0.5,0.5
4471,6,0.0,1.0
4472,6,0.75,0.25
4473,6,0.0,1.0
4474,6,0.0,1.0
4475,6,0.4,0.6
4476,6,0.5,0.5
4477,6,0.5,0.5
4478,6,0.5,0.5
4479,6,0.5,0.5
4480,6,0.0,1.0
4481,6,1.0,0.0
4482,6,1.0,0.0
4483,6,1.0,0.0
4484,6,1.0,0.0
4485,6,0.0,1.0
4486,6,0.6666666666666667,0.3333333333333333
4487,6,0.7,0.3
4488,6,0.875,0.125
4489,6,1.0,0.0
4490,6,1.0,0.0
4491,6,0.5,0.5
4492,6,1.0,0.0
4493,6,1.0,0.0
4494,6,0.5,0.5
4495,6,1.0,0.0
4496,6,0.5,0.5
4497,6,1.0,0.0
4498,6,0.5,0.5
4499,6,0.5,0.5
4500,6,0.625,0.375
4501,6,0.875,0.125
4502,6,0.5,0.5
4503,6,1.0,0.0
4504,6,1.0,0.0
4505,6,0.5,0.5
4506,6,0.0,1.0
4507,6,0.0,1.0
4508,6,0.5,0.5
4509,6,1.0,0.0
4510,6,1.0,0.0
4511,6,1.0,0.0
4512,6,0.5,0.5
4513,6,1.0,0.0
4514,6,0.0,1.0
4515,6,0.5,0.5
4516,6,0.16666666666666663,0.8333333333333334
4517,6,1.0,0.0
4518,6,1.0,0.0
4519,6,0.5,0.5
4520,6,1.0,0.0
4521,6,0.5,0.5
4522,6,0.5,0.5
4523,6,1.0,0.0
4524,6,0.0,1.0
4525,6,0.0,1.0
4526,6,0.0,1.0
4527,6,1.0,0.0
4528,6,1.0,0.0
4529,6,1.0,0.0
4530,6,1.0,0.0
4531,6,0.0,1.0
4532,6,0.0,1.0
4533,6,1.0,0.0
4534,6,0.75,0.25
4535,6,1.0,0.0
4536,6,1.0,0.0
4537,6,1.0,0.0
4538,6,1.0,0.0
4539,6,0.0,1.0
4540,6,0.0,1.0
4541,6,0.0,1.0
4542,6,0.25,0.75
4543,6,0.0,1.0
4544,6,0.33333333333333337,0.6666666666666666
4545,6,1.0,0.0
4546,6,0.6666666666666667,0.3333333333333333
4547,6,0.25,0.75
4548,6,1.0,0.0
4549,6,1.0,0.0
4550,6,0.0,1.0
4551,6,1.0,0.0
4552,6,0.5,0.5
4553,6,1.0,0.0
4554,6,0.5,0.5
4555,6,1.0,0.0
4556,6,0.5,0.5
4557,6,1.0,0.0
4558,6,0.5,0.5
4559,6,1.0,0.0
4560,6,1.0,0.0
4561,6,0.5,0.5
4562,6,0.38888888888888884,0.6111111111111112
4563,6,0.5,0.5
4564,6,0.0,1.0
4565,6,0.5,0.5
4566,6,0.0,1.0
4567,6,0.5,0.5
4568,6,1.0,0.0
4569,6,0.0,1.0
4570,6,0.0,1.0
4571,6,1.0,0.0
4572,6,1.0,0.0
4573,6,1.0,0.0
4574,6,0.5,0.5
4575,6,0.5,0.5
4576,6,0.5,0.5
4577,6,0.5,0.5
4578,6,0.5,0.5
4579,6,0.75,0.25
4580,6,0.0,1.0
4581,6,0.0,1.0
4582,6,0.25,0.75
4583,6,1.0,0.0
4584,6,0.5,0.5
4585,6,0.5,0.5
4586,6,1.0,0.0
4587,6,0.5,0.5
4588,6,1.0,0.0
4589,6,1.0,0.0
4590,6,0.5,0.5
4591,6,1.0,0.0
4592,6,0.0,1.0
4593,6,0.0,1.0
4594,6,1.0,0.0
4595,6,0.0,1.0
4596,6,0.0,1.0
4597,6,1.0,0.0
4598,6,1.0,0.0
4599,6,0.0,1.0
4600,6,0.5,0.5
4601,6,0.75,0.25
4602,6,0.5,0.5
4603,6,0.5,0.5
4604,6,0.25,0.75
4605,6,0.5714285714285714,0.42857142857142855
4606,6,0.5,0.5
4607,6,0.5,0.5
4608,6,1.0,0.0
4609,6,1.0,0.0
4610,6,0.0,1.0
4611,6,1.0,0.0
4612,6,0.0,1.0
4613,6,1.0,0.0
4614,6,0.5,0.5
4615,6,0.75,0.25
4616,6,1.0,0.0
4617,6,1.0,0.0
4618,6,0.5,0.5
4619,6,0.5,0.5
4620,6,0.0,1.0
4621,6,0.5,0.5
4622,6,0.5,0.5
4623,6,1.0,0.0
4624,6,0.375,0.625
4625,6,1.0,0.0
4626,6,1.0,0.0
4627,6,0.5,0.5
4628,6,0.8333333333333334,0.16666666666666666
4629,6,0.25,0.75
4630,6,0.0,1.0
4631,6,0.0,1.0
4632,6,0.5,0.5
4633,6,0.0,1.0
4634,6,1.0,0.0
4635,6,0.75,0.25
4636,6,0.25,0.75
4637,6,0.33333333333333337,0.6666666666666666
4638,6,0.25,0.75
4639,6,0.5,0.5
4640,6,0.0,1.0
4641,6,0.16666666666666663,0.8333333333333334
4642,6,0.0,1.0
4643,6,1.0,0.0
4644,6,0.75,0.25
4645,6,0.375,0.625
4646,6,0.16666666666666663,0.8333333333333334
4647,6,0.0,1.0
4648,6,0.0,1.0
4649,6,0.0,1.0
4650,6,0.0,1.0
4651,6,0.8333333333333334,0.16666666666666666
4652,6,0.19999999999999996,0.8
4653,6,0.0,1.0
4654,6,1.0,0.0
4655,6,0.0,1.0
4656,6,0.5,0.5
4657,6,0.5,0.5
4658,6,0.6666666666666667,0.3333333333333333
4659,6,0.0,1.0
4660,6,0.0,1.0
4661,6,0.6666666666666667,0.3333333333333333
4662,6,0.4285714285714286,0.5714285714285714
4663,6,0.5,0.5
4664,6,0.5,0.5
4665,6,0.5,0.5
4666,6,0.0,1.0
4667,6,0.33333333333333337,0.6666666666666666
4668,6,0.5,0.5
4669,6,0.33333333333333337,0.6666666666666666
4670,6,0.25,0.75
4671,6,0.75,0.25
4672,6,0.0714285714285714,0.9285714285714286
4673,6,0.30000000000000004,0.7
4674,6,0.375,0.625
4675,6,0.09999999999999998,0.9
4676,6,0.75,0.25
4677,6,1.0,0.0
4678,6,1.0,0.0
4679,6,0.0,1.0
4680,6,0.4375,0.5625
4681,6,0.3035714285714286,0.6964285714285714
4682,6,0.3571428571428571,0.6428571428571429
4683,6,0.0,1.0
4684,6,1.0,0.0
4685,6,0.0,1.0
4686,6,0.375,0.625
4687,6,0.625,0.375
4688,6,1.0,0.0
4689,6,0.0,1.0
4690,6,0.75,0.25
4691,6,0.0,1.0
4692,6,0.0,1.0
4693,6,0.5,0.5
4694,6,0.5,0.5
4695,6,0.44999999999999996,0.55
4696,6,0.0,1.0
4697,6,1.0,0.0
4698,6,0.0,1.0
4699,6,0.0,1.0
4700,6,0.5,0.5
4701,6,0.25,0.75
4702,6,1.0,0.0
4703,6,0.5,0.5
4704,6,0.5,0.5
4705,6,1.0,0.0
4706,6,1.0,0.0
4707,6,1.0,0.0
4708,6,0.5,0.5
4709,6,0.0,1.0
4710,6,0.75,0.25
4711,6,0.33333333333333337,0.6666666666666666
4712,6,0.0,1.0
4713,6,0.5,0.5
4714,6,0.0,1.0
4715,6,1.0,0.0
4716,6,0.5,0.5
4717,6,0.0,1.0
4718,6,0.0,1.0
4719,6,0.0,1.0
4720,6,0.75,0.25
4721,6,0.0,1.0
4722,6,0.5,0.5
4723,6,0.6666666666666667,0.3333333333333333
4724,6,0.33333333333333337,0.6666666666666666
4725,6,0.5,0.5
4726,6,0.5833333333333333,0.4166666666666667
4727,6,0.5,0.5
4728,6,1.0,0.0
4729,6,0.0,1.0
4730,6,1.0,0.0
4731,6,0.5,0.5
4732,6,0.0,1.0
4733,6,0.5,0.5
4734,6,1.0,0.0
4735,6,0.8333333333333334,0.16666666666666666
4736,6,0.5,0.5
4737,6,0.5,0.5
4738,6,1.0,0.0
4739,6,0.0,1.0
4740,6,0.0,1.0
4741,6,0.0,1.0
4742,6,0.0,1.0
4743,6,0.0,1.0
4744,6,0.0,1.0
4745,6,0.5,0.5
4746,6,1.0,0.0
4747,6,0.0,1.0
4748,6,1.0,0.0
4749,6,0.0,1.0
4750,6,0.0,1.0
4751,6,0.0,1.0
4752,6,0.125,0.875
4753,6,0.5,0.5
4754,6,1.0,0.0
4755,6,1.0,0.0
4756,6,0.6666666666666667,0.3333333333333333
4757,6,0.75,0.25
4758,6,1.0,0.0
4759,6,0.625,0.375
4760,6,1.0,0.0
4761,6,0.5,0.5
4762,6,0.5,0.5
4763,6,1.0,0.0
4764,6,1.0,0.0
4765,6,0.16666666666666663,0.8333333333333334
4766,6,0.25,0.75
4767,6,1.0,0.0
4768,6,0.25,0.75
4769,6,0.0,1.0
4770,6,0.5,0.5
4771,6,0.25,0.75
4772,6,0.5,0.5
4773,6,0.75,0.25
4774,6,0.25,0.75
4775,6,1.0,0.0
4776,6,0.0,1.0
4777,6,0.5,0.5
4778,6,0.0,1.0
4779,6,1.0,0.0
4780,6,1.0,0.0
4781,6,0.0,1.0
4782,6,1.0,0.0
4783,6,0.0,1.0
4784,6,0.25,0.75
4785,6,1.0,0.0
4786,6,0.0,1.0
4787,6,0.0,1.0
4788,6,0.5,0.5
4789,6,0.0,1.0
4790,6,0.5,0.5
4791,6,0.0,1.0
4792,6,0.5,0.5
4793,6,0.0,1.0
4794,6,1.0,0.0
4795,6,0.5,0.5
4796,6,0.0,1.0
4797,6,1.0,0.0
4798,6,0.0,1.0
4799,6,0.5,0.5
4800,6,0.0,1.0
4801,6,0.0,1.0
4802,6,1.0,0.0
4803,6,0.0,1.0
4804,6,1.0,0.0
4805,6,1.0,0.0
4806,6,0.5,0.5
4807,6,1.0,0.0
4808,6,0.0,1.0
4809,6,0.5,0.5
4810,6,0.5,0.5
4811,6,1.0,0.0
4812,6,1.0,0.0
4813,6,0.5,0.5
4814,6,1.0,0.0
4815,6,0.3666666666666667,0.6333333333333333
4816,6,0.0,1.0
4817,6,0.0,1.0
4818,6,0.5,0.5
4819,6,1.0,0.0
4820,6,0.0,1.0
4821,6,0.4,0.6
4822,6,0.5,0.5
4823,6,1.0,0.0
4824,6,0.5,0.5
4825,6,0.75,0.25
4826,6,0.75,0.25
4827,6,0.5,0.5
4828,6,1.0,0.0
4829,6,0.5,0.5
4830,6,0.5,0.5
4831,6,0.0,1.0
4832,6,1.0,0.0
4833,6,0.0,1.0
4834,6,0.5,0.5
4835,6,0.0,1.0
4836,6,0.0,1.0
4837,6,0.5,0.5
4838,6,0.0,1.0
4839,6,0.0,1.0
4840,6,0.0,1.0
4841,6,0.5,0.5
4842,6,0.25,0.75
4843,6,0.5,0.5
4844,6,0.0,1.0
4845,6,1.0,0.0
4846,6,0.5,0.5
4847,6,1.0,0.0
4848,6,1.0,0.0
4849,6,0.75,0.25
4850,6,0.0,1.0
4851,6,1.0,0.0
4852,6,0.0,1.0
4853,6,0.5,0.5
4854,6,0.25,0.75
4855,6,0.4545454545454546,0.5454545454545454
4856,6,0.5,0.5
4857,6,0.5,0.5
4858,6,0.0,1.0
4859,6,1.0,0.0
4860,6,0.5,0.5
4861,6,1.0,0.0
4862,6,0.41666666666666663,0.5833333333333334
4863,6,0.5,0.5
4864,6,0.5,0.5
4865,6,1.0,0.0
4866,6,0.5,0.5
4867,6,0.5,0.5
4868,6,0.5,0.5
4869,6,0.0,1.0
4870,6,1.0,0.0
4871,6,1.0,0.0
4872,6,0.5,0.5
4873,6,1.0,0.0
4874,6,1.0,0.0
4875,6,0.5,0.5
4876,6,0.0,1.0
4877,6,0.5,0.5
4878,6,0.0,1.0
4879,6,0.0,1.0
4880,6,0.75,0.25
4881,6,1.0,0.0
4882,6,0.16666666666666663,0.8333333333333334
4883,6,0.5,0.5
4884,6,1.0,0.0
4885,6,0.8,0.2
4886,6,0.0,1.0
4887,6,0.0,1.0
4888,6,0.5,0.5
4889,6,0.33333333333333337,0.6666666666666666
4890,6,0.5,0.5
4891,6,1.0,0.0
4892,6,0.5,0.5
4893,6,0.0,1.0
4894,6,0.25,0.75
4895,6,0.25,0.75
4896,6,0.5,0.5
4897,6,0.5,0.5
4898,6,0.0,1.0
4899,6,0.5,0.5
4900,6,1.0,0.0
4901,6,0.0,1.0
4902,6,0.5,0.5
4903,6,0.33333333333333337,0.6666666666666666
4904,6,0.7142857142857143,0.2857142857142857
4905,6,0.33333333333333337,0.6666666666666666
4906,6,0.0,1.0
4907,6,0.5,0.5
4908,6,0.0,1.0
4909,6,1.0,0.0
4910,6,1.0,0.0
4911,6,1.0,0.0
4912,6,1.0,0.0
4913,6,0.75,0.25
4914,6,0.5,0.5
4915,6,1.0,0.0
4916,6,0.0,1.0
4917,6,0.5,0.5
4918,6,0.5,0.5
4919,6,1.0,0.0
4920,6,1.0,0.0
4921,6,0.5,0.5
4922,6,0.625,0.375
4923,6,0.0,1.0
4924,6,0.5,0.5
4925,6,0.5,0.5
4926,6,0.75,0.25
4927,6,1.0,0.0
4928,6,0.5,0.5
4929,6,0.0,1.0
4930,6,0.5,0.5
4931,6,1.0,0.0
4932,6,0.0,1.0
4933,6,0.25,0.75
4934,6,0.0,1.0
4935,6,0.5,0.5
4936,6,1.0,0.0
4937,6,0.0,1.0
4938,6,0.5,0.5
4939,6,1.0,0.0
4940,6,0.0,1.0
4941,6,0.5,0.5
4942,6,0.5,0.5
4943,6,0.16666666666666663,0.8333333333333334
4944,6,0.5,0.5
4945,6,0.5,0.5
4946,6,1.0,0.0
4947,6,0.5,0.5
4948,6,1.0,0.0
4949,6,1.0,0.0
4950,6,0.16666666666666663,0.8333333333333334
4951,6,0.5833333333333333,0.4166666666666667
4952,6,0.5,0.5
4953,6,0.5,0.5
4954,6,0.33333333333333337,0.6666666666666666
4955,6,1.0,0.0
4956,6,1.0,0.0
4957,6,0.0,1.0
4958,6,0.5,0.5
4959,6,0.5,0.5
4960,6,1.0,0.0
4961,6,0.0,1.0
4962,6,0.5,0.5
4963,6,1.0,0.0
4964,6,0.5,0.5
4965,6,0.0,1.0
4966,6,1.0,0.0
4967,6,0.33333333333333337,0.6666666666666666
4968,6,0.6666666666666667,0.3333333333333333
4969,6,0.6,0.4
4970,6,1.0,0.0
4971,6,0.5,0.5
4972,6,1.0,0.0
4973,6,0.0,1.0
4974,6,0.0,1.0
4975,6,1.0,0.0
4976,6,0.25,0.75
4977,6,0.5,0.5
4978,6,1.0,0.0
4979,6,1.0,0.0
4980,6,1.0,0.0
4981,6,0.0,1.0
4982,6,0.75,0.25
4983,6,0.5,0.5
4984,6,0.32608695652173914,0.6739130434782609
4985,6,0.0,1.0
4986,6,0.0,1.0
4987,6,0.4545454545454546,0.5454545454545454
4988,6,0.19999999999999996,0.8
4989,6,1.0,0.0
4990,6,0.5,0.5
4991,6,0.75,0.25
4992,6,0.0,1.0
4993,6,0.5714285714285714,0.42857142857142855
4994,6,0.0,1.0
4995,6,1.0,0.0
4996,6,1.0,0.0
4997,6,1.0,0.0
4998,6,1.0,0.0
4999,6,1.0,0.0
5000,6,0.0,1.0
5001,6,0.0,1.0
5002,6,0.0,1.0
5003,6,0.0,1.0
5004,6,1.0,0.0
5005,6,1.0,0.0
5006,6,0.0,1.0
5007,6,0.0,1.0
5008,6,0.0,1.0
5009,6,0.0,1.0
5010,6,0.0,1.0
5011,6,1.0,0.0
5012,6,0.5,0.5
5013,6,0.0,1.0
5014,6,0.4375,0.5625
5015,6,1.0,0.0
5016,6,1.0,0.0
5017,6,1.0,0.0
5018,6,1.0,0.0
5019,6,0.0,1.0
5020,6,0.33333333333333337,0.6666666666666666
5021,6,0.0,1.0
5022,6,1.0,0.0
5023,6,1.0,0.0
5024,6,0.0,1.0
5025,6,0.5,0.5
5026,6,0.0,1.0
5027,6,0.0,1.0
5028,6,0.0,1.0
5029,6,0.5,0.5
5030,6,0.0,1.0
5031,6,1.0,0.0
5032,6,0.5,0.5
5033,6,0.0,1.0
5034,6,0.0,1.0
5035,6,0.0,1.0
5036,6,1.0,0.0
5037,6,0.5,0.5
5038,6,0.5,0.5
5039,6,0.0,1.0
5040,6,0.5,0.5
5041,6,0.0,1.0
5042,6,1.0,0.0
5043,6,0.0,1.0
5044,6,1.0,0.0
5045,6,0.3928571428571429,0.6071428571428571
5046,6,0.5,0.5
5047,6,1.0,0.0
5048,6,0.0,1.0
5049,6,0.0,1.0
5050,6,0.0,1.0
5051,6,0.33333333333333337,0.6666666666666666
5052,6,0.75,0.25
5053,6,1.0,0.0
5054,6,0.5,0.5
5055,6,0.25,0.75
5056,6,0.5,0.5
5057,6,0.0,1.0
5058,6,0.5,0.5
5059,6,0.0,1.0
5060,6,0.06818181818181823,0.9318181818181818
5061,6,1.0,0.0
5062,6,0.6666666666666667,0.3333333333333333
5063,6,0.0,1.0
5064,6,0.16666666666666663,0.8333333333333334
5065,6,0.0,1.0
5066,6,0.75,0.25
5067,6,0.0,1.0
5068,6,0.0,1.0
5069,6,0.0,1.0
5070,6,0.0,1.0
5071,6,0.5,0.5
5072,6,0.125,0.875
5073,6,1.0,0.0
5074,6,0.0,1.0
5075,6,1.0,0.0
5076,6,0.0,1.0
5077,6,0.5,0.5
5078,6,0.0,1.0
5079,6,0.0,1.0
5080,6,0.0,1.0
5081,6,0.5,0.5
5082,6,0.0,1.0
5083,6,0.0,1.0
5084,6,0.25,0.75
5085,6,0.0,1.0
5086,6,1.0,0.0
5087,6,0.0,1.0
5088,6,0.75,0.25
5089,6,0.0,1.0
5090,6,0.0,1.0
5091,6,0.6,0.4
5092,6,0.0,1.0
5093,6,0.0,1.0
5094,6,0.375,0.625
5095,6,0.0,1.0
5096,6,0.0,1.0
5097,6,0.5,0.5
5098,6,0.0,1.0
5099,6,0.0,1.0
5100,6,1.0,0.0
5101,6,0.25,0.75
5102,6,0.5,0.5
5103,6,0.5,0.5
5104,6,0.0,1.0
5105,6,0.5,0.5
5106,6,0.5,0.5
5107,6,0.5,0.5
5108,6,0.5,0.5
5109,6,0.0,1.0
5110,6,0.0,1.0
5111,6,1.0,0.0
5112,6,0.0,1.0
5113,6,0.0,1.0
5114,6,0.2666666666666667,0.7333333333333333
5115,6,0.5,0.5
5116,6,0.4444444444444444,0.5555555555555556
5117,6,0.25,0.75
5118,6,0.625,0.375
5119,6,1.0,0.0
5120,6,0.7,0.3
5121,6,0.0,1.0
5122,6,0.0,1.0
5123,6,0.0,1.0
5124,6,0.0,1.0
5125,6,0.0,1.0
5126,6,0.0,1.0
5127,6,1.0,0.0
5128,6,0.0,1.0
5129,6,1.0,0.0
5130,6,0.5,0.5
5131,6,0.5952380952380952,0.40476190476190477
5132,6,0.6666666666666667,0.3333333333333333
5133,6,0.25,0.75
5134,6,0.5,0.5
5135,6,0.7,0.3
5136,6,0.5,0.5
5137,6,0.8333333333333334,0.16666666666666666
5138,6,0.37,0.63
5139,6,0.625,0.375
5140,6,0.0,1.0
5141,6,0.0,1.0
5142,6,0.5,0.5
5143,6,0.0,1.0
5144,6,0.0,1.0
5145,6,1.0,0.0
5146,6,1.0,0.0
5147,6,0.5,0.5
5148,6,0.9032258064516129,0.0967741935483871
5149,6,0.9,0.1
5150,6,1.0,0.0
5151,6,0.5,0.5
5152,6,0.8571428571428572,0.14285714285714285
5153,6,1.0,0.0
5154,6,1.0,0.0
5155,6,1.0,0.0
5156,6,1.0,0.0
5157,6,1.0,0.0
5158,6,1.0,0.0
5159,6,1.0,0.0
5160,6,1.0,0.0
5161,6,1.0,0.0
5162,6,1.0,0.0
5163,6,1.0,0.0
5164,6,1.0,0.0
5165,6,1.0,0.0
5166,6,1.0,0.0
5167,6,1.0,0.0
5168,6,1.0,0.0
5169,6,1.0,0.0
5170,6,1.0,0.0
5171,6,1.0,0.0
5172,6,1.0,0.0
5173,6,1.0,0.0
5174,6,1.0,0.0
5175,6,1.0,0.0
5176,6,1.0,0.0
5177,6,1.0,0.0
5178,6,1.0,0.0
5179,6,1.0,0.0
5180,6,1.0,0.0
5181,6,1.0,0.0
5182,6,1.0,0.0
5183,6,1.0,0.0
5184,6,1.0,0.0
5185,6,1.0,0.0
5186,6,1.0,0.0
5187,6,1.0,0.0
5188,6,1.0,0.0
5189,6,0.0,1.0
5190,6,1.0,0.0
5191,6,1.0,0.0
5192,6,1.0,0.0
5193,6,1.0,0.0
5194,6,1.0,0.0
5195,6,1.0,0.0
5196,6,1.0,0.0
5197,6,0.875,0.125
5198,6,1.0,0.0
5199,6,1.0,0.0
5200,6,1.0,0.0
5201,6,1.0,0.0
5202,6,1.0,0.0
5203,6,1.0,0.0
5204,6,0.75,0.25
5205,6,1.0,0.0
5206,6,1.0,0.0
5207,6,0.75,0.25
5208,6,1.0,0.0
5209,6,1.0,0.0
5210,6,1.0,0.0
5211,6,1.0,0.0
5212,6,1.0,0.0
5213,6,1.0,0.0
5214,6,0.5,0.5
5215,6,1.0,0.0
5216,6,0.8333333333333334,0.16666666666666666
5217,6,0.5,0.5
5218,6,0.25,0.75
5219,6,0.5,0.5
5220,6,1.0,0.0
5221,6,1.0,0.0
5222,6,1.0,0.0
5223,6,1.0,0.0
5224,6,0.0,1.0
5225,6,1.0,0.0
5226,6,1.0,0.0
5227,6,1.0,0.0
5228,6,0.5,0.5
5229,6,0.0,1.0
5230,6,0.6666666666666667,0.3333333333333333
5231,6,0.0,1.0
5232,6,1.0,0.0
5233,6,0.0,1.0
5234,6,0.0,1.0
5235,6,0.0,1.0
5236,6,0.5,0.5
5237,6,0.0,1.0
5238,6,0.75,0.25
5239,6,0.75,0.25
5240,6,0.5,0.5
5241,6,0.8181818181818181,0.18181818181818182
5242,6,0.5,0.5
5243,6,0.5,0.5
5244,6,0.6666666666666667,0.3333333333333333
5245,6,0.5,0.5
5246,6,1.0,0.0
5247,6,0.5,0.5
5248,6,1.0,0.0
5249,6,0.875,0.125
5250,6,0.0,1.0
5251,6,0.5,0.5
5252,6,0.8333333333333334,0.16666666666666666
5253,6,1.0,0.0
5254,6,0.5,0.5
5255,6,0.0,1.0
5256,6,0.16666666666666663,0.8333333333333334
5257,6,1.0,0.0
5258,6,0.5,0.5
5259,6,0.0,1.0
5260,6,1.0,0.0
5261,6,0.5,0.5
5262,6,0.75,0.25
5263,6,0.5,0.5
5264,6,1.0,0.0
5265,6,0.5,0.5
5266,6,0.5,0.5
5267,6,1.0,0.0
5268,6,0.5,0.5
5269,6,1.0,0.0
5270,6,1.0,0.0
5271,6,1.0,0.0
5272,6,1.0,0.0
5273,6,0.9,0.1
5274,6,0.5555555555555556,0.4444444444444444
5275,6,0.625,0.375
5276,6,0.5,0.5
5277,6,0.5833333333333333,0.4166666666666667
5278,6,1.0,0.0
5279,6,1.0,0.0
5280,6,1.0,0.0
5281,6,0.5,0.5
5282,6,1.0,0.0
5283,6,0.5,0.5
5284,6,1.0,0.0
5285,6,0.5,0.5
5286,6,0.5,0.5
5287,6,0.0,1.0
5288,6,0.5,0.5
5289,6,1.0,0.0
5290,6,0.75,0.25
5291,6,0.5,0.5
5292,6,0.0,1.0
5293,6,0.5,0.5
5294,6,0.5,0.5
5295,6,1.0,0.0
5296,6,0.0,1.0
5297,6,0.0,1.0
5298,6,1.0,0.0
5299,6,1.0,0.0
5300,6,1.0,0.0
5301,6,0.6,0.4
5302,6,1.0,0.0
5303,6,0.0,1.0
5304,6,0.8,0.2
5305,6,0.42307692307692313,0.5769230769230769
5306,6,1.0,0.0
5307,6,0.75,0.25
5308,6,0.33333333333333337,0.6666666666666666
5309,6,0.5,0.5
5310,6,0.5,0.5
5311,6,0.6428571428571428,0.35714285714285715
5312,6,1.0,0.0
5313,6,0.2142857142857143,0.7857142857142857
5314,6,0.5,0.5
5315,6,0.0,1.0
5316,6,0.75,0.25
5317,6,1.0,0.0
5318,6,0.0,1.0
5319,6,1.0,0.0
5320,6,0.0,1.0
5321,6,0.5,0.5
5322,6,0.5,0.5
5323,6,0.0,1.0
5324,6,1.0,0.0
5325,6,0.0,1.0
5326,6,0.5,0.5
5327,6,1.0,0.0
5328,6,0.0,1.0
5329,6,1.0,0.0
5330,6,0.0,1.0
5331,6,0.5,0.5
5332,6,1.0,0.0
5333,6,0.5,0.5
5334,6,0.0,1.0
5335,6,1.0,0.0
5336,6,0.0,1.0
5337,6,1.0,0.0
5338,6,0.25,0.75
5339,6,0.625,0.375
5340,6,0.5,0.5
5341,6,0.5,0.5
5342,6,0.7,0.3
5343,6,0.7,0.3
5344,6,0.7,0.3
5345,6,0.5,0.5
5346,6,1.0,0.0
5347,6,1.0,0.0
5348,6,0.75,0.25
5349,6,1.0,0.0
5350,6,0.0,1.0
5351,6,1.0,0.0
5352,6,0.0,1.0
5353,6,1.0,0.0
5354,6,0.7777777777777778,0.2222222222222222
5355,6,0.75,0.25
5356,6,0.5,0.5
5357,6,0.5,0.5
5358,6,1.0,0.0
5359,6,1.0,0.0
5360,6,0.5,0.5
5361,6,0.8333333333333334,0.16666666666666666
5362,6,0.5,0.5
5363,6,1.0,0.0
5364,6,0.0,1.0
5365,6,1.0,0.0
5366,6,0.5,0.5
5367,6,0.0,1.0
5368,6,1.0,0.0
5369,6,1.0,0.0
5370,6,1.0,0.0
5371,6,0.625,0.375
5372,6,0.5,0.5
5373,6,0.0,1.0
5374,6,0.6,0.4
5375,6,1.0,0.0
5376,6,0.0,1.0
5377,6,0.0,1.0
5378,6,1.0,0.0
5379,6,0.5,0.5
5380,6,1.0,0.0
5381,6,1.0,0.0
5382,6,0.5833333333333333,0.4166666666666667
5383,6,0.0,1.0
5384,6,0.6,0.4
5385,6,1.0,0.0
5386,6,0.0,1.0
5387,6,1.0,0.0
5388,6,0.0,1.0
5389,6,0.0,1.0
5390,6,1.0,0.0
5391,6,0.7222222222222222,0.2777777777777778
5392,6,1.0,0.0
5393,6,0.16666666666666663,0.8333333333333334
5394,6,0.5,0.5
5395,6,1.0,0.0
5396,6,1.0,0.0
5397,6,0.0,1.0
5398,6,1.0,0.0
5399,6,1.0,0.0
5400,6,1.0,0.0
5401,6,0.5,0.5
5402,6,1.0,0.0
5403,6,0.5,0.5
5404,6,0.5,0.5
5405,6,0.5,0.5
5406,6,1.0,0.0
5407,6,1.0,0.0
5408,6,0.0,1.0
5409,6,1.0,0.0
5410,6,1.0,0.0
5411,6,0.5,0.5
5412,6,1.0,0.0
5413,6,0.875,0.125
5414,6,1.0,0.0
5415,6,1.0,0.0
5416,6,0.6,0.4
5417,6,1.0,0.0
5418,6,0.6,0.4
5419,6,1.0,0.0
5420,6,0.5,0.5
5421,6,0.0,1.0
5422,6,0.75,0.25
5423,6,1.0,0.0
5424,6,0.5,0.5
5425,6,0.5769230769230769,0.4230769230769231
5426,6,0.5,0.5
5427,6,0.75,0.25
5428,6,0.5,0.5
5429,6,0.75,0.25
5430,6,0.5,0.5
5431,6,0.5,0.5
5432,6,0.0,1.0
5433,6,0.6666666666666667,0.3333333333333333
5434,6,1.0,0.0
5435,6,0.0,1.0
5436,6,1.0,0.0
5437,6,0.5,0.5
5438,6,0.25,0.75
5439,6,0.6363636363636364,0.36363636363636365
5440,6,0.5,0.5
5441,6,0.0,1.0
5442,6,1.0,0.0
5443,6,0.5,0.5
5444,6,1.0,0.0
5445,6,0.8333333333333334,0.16666666666666666
5446,6,0.0,1.0
5447,6,0.5,0.5
5448,6,0.5,0.5
5449,6,0.5,0.5
5450,6,0.5,0.5
5451,6,1.0,0.0
5452,6,1.0,0.0
5453,6,0.5714285714285714,0.42857142857142855
5454,6,0.0,1.0
5455,6,1.0,0.0
5456,6,0.5,0.5
5457,6,0.0,1.0
5458,6,0.5,0.5
5459,6,0.0,1.0
5460,6,1.0,0.0
5461,6,1.0,0.0
5462,6,0.5,0.5
5463,6,0.0,1.0
5464,6,0.5,0.5
5465,6,1.0,0.0
5466,6,0.75,0.25
5467,6,0.5,0.5
5468,6,1.0,0.0
5469,6,0.0,1.0
5470,6,0.0,1.0
5471,6,0.4,0.6
5472,6,0.5,0.5
5473,6,0.4,0.6
5474,6,0.0,1.0
5475,6,0.75,0.25
5476,6,0.5,0.5
5477,6,0.25,0.75
5478,6,0.7857142857142857,0.21428571428571427
5479,6,0.7,0.3
5480,6,0.5,0.5
5481,6,0.5,0.5
5482,6,0.75,0.25
5483,6,0.41666666666666663,0.5833333333333334
5484,6,0.09999999999999998,0.9
5485,6,0.375,0.625
5486,6,0.5,0.5
5487,6,1.0,0.0
5488,6,0.25,0.75
5489,6,0.6666666666666667,0.3333333333333333
5490,6,0.0,1.0
5491,6,0.25,0.75
5492,6,0.6666666666666667,0.3333333333333333
5493,6,0.6,0.4
5494,6,0.8333333333333334,0.16666666666666666
5495,6,0.16666666666666663,0.8333333333333334
5496,6,0.625,0.375
5497,6,0.5,0.5
5498,6,0.75,0.25
5499,6,0.5,0.5
5500,6,1.0,0.0
5501,6,1.0,0.0
5502,6,0.5,0.5
5503,6,0.75,0.25
5504,6,0.0,1.0
5505,6,0.25,0.75
5506,6,0.0,1.0
5507,6,0.75,0.25
5508,6,1.0,0.0
5509,6,0.0,1.0
5510,6,0.25,0.75
5511,6,1.0,0.0
5512,6,0.5,0.5
5513,6,0.75,0.25
5514,6,0.6111111111111112,0.3888888888888889
5515,6,0.75,0.25
5516,6,0.5,0.5
5517,6,1.0,0.0
5518,6,1.0,0.0
5519,6,0.6666666666666667,0.3333333333333333
5520,6,0.703125,0.296875
5521,6,0.4,0.6
5522,6,0.7169811320754718,0.2830188679245283
5523,6,0.0,1.0
5524,6,1.0,0.0
5525,6,0.8571428571428572,0.14285714285714285
5526,6,0.875,0.125
5527,6,1.0,0.0
5528,6,0.0,1.0
5529,6,0.75,0.25
5530,6,1.0,0.0
5531,6,0.75,0.25
5532,6,0.6071428571428572,0.39285714285714285
5533,6,0.75,0.25
5534,6,0.55,0.45
5535,6,0.5,0.5
5536,6,0.5,0.5
5537,6,1.0,0.0
5538,6,0.7272727272727273,0.2727272727272727
5539,6,0.7222222222222222,0.2777777777777778
5540,6,0.6666666666666667,0.3333333333333333
5541,6,0.6666666666666667,0.3333333333333333
5542,6,0.75,0.25
5543,6,1.0,0.0
5544,6,0.7777777777777778,0.2222222222222222
5545,6,0.5,0.5
5546,6,0.5800000000000001,0.42
5547,6,0.7352941176470589,0.2647058823529412
5548,6,0.33333333333333337,0.6666666666666666
5549,6,0.75,0.25
5550,6,0.5,0.5
5551,6,0.8333333333333334,0.16666666666666666
5552,6,0.0,1.0
5553,6,0.5833333333333333,0.4166666666666667
5554,6,0.6111111111111112,0.3888888888888889
5555,6,0.0,1.0
5556,6,0.5,0.5
5557,6,0.5,0.5
5558,6,0.0,1.0
5559,6,0.75,0.25
5560,6,0.5,0.5
5561,6,0.75,0.25
5562,6,1.0,0.0
5563,6,1.0,0.0
5564,6,0.6666666666666667,0.3333333333333333
5565,6,1.0,0.0
5566,6,0.0,1.0
5567,6,0.0,1.0
5568,6,0.5,0.5
5569,6,0.0,1.0
5570,6,0.8333333333333334,0.16666666666666666
5571,6,0.0,1.0
5572,6,0.75,0.25
5573,6,0.5,0.5
5574,6,0.5,0.5
5575,6,0.5,0.5
5576,6,0.0,1.0
5577,6,0.25,0.75
5578,6,0.75,0.25
5579,6,0.5,0.5
5580,6,0.75,0.25
5581,6,0.5,0.5
5582,6,1.0,0.0
5583,6,0.5,0.5
5584,6,0.5,0.5
5585,6,1.0,0.0
5586,6,1.0,0.0
5587,6,1.0,0.0
5588,6,0.7307692307692308,0.2692307692307692
5589,6,0.5,0.5
5590,6,1.0,0.0
5591,6,0.0,1.0
5592,6,0.5,0.5
5593,6,0.25,0.75
5594,6,0.0,1.0
5595,6,1.0,0.0
5596,6,0.5,0.5
5597,6,1.0,0.0
5598,6,0.5,0.5
5599,6,0.5,0.5
5600,6,1.0,0.0
5601,6,1.0,0.0
5602,6,0.6666666666666667,0.3333333333333333
5603,6,0.75,0.25
5604,6,1.0,0.0
5605,6,0.5,0.5
5606,6,1.0,0.0
5607,6,0.0,1.0
5608,6,0.5,0.5
5609,6,0.6666666666666667,0.3333333333333333
5610,6,0.0,1.0
5611,6,0.6666666666666667,0.3333333333333333
5612,6,1.0,0.0
5613,6,0.0,1.0
5614,6,0.5,0.5
5615,6,1.0,0.0
5616,6,0.75,0.25
5617,6,0.75,0.25
5618,6,0.33333333333333337,0.6666666666666666
5619,6,1.0,0.0
5620,6,1.0,0.0
5621,6,0.0,1.0
5622,6,0.5,0.5
5623,6,0.5555555555555556,0.4444444444444444
5624,6,0.6875,0.3125
5625,6,0.0,1.0
5626,6,0.5,0.5
5627,6,0.5,0.5
5628,6,1.0,0.0
5629,6,0.5,0.5
5630,6,0.0,1.0
5631,6,0.5,0.5
5632,6,1.0,0.0
5633,6,0.0,1.0
5634,6,1.0,0.0
5635,6,0.75,0.25
5636,6,1.0,0.0
5637,6,0.5,0.5
5638,6,0.25,0.75
5639,6,1.0,0.0
5640,6,0.5,0.5
5641,6,0.5,0.5
5642,6,0.5,0.5
5643,6,1.0,0.0
5644,6,1.0,0.0
5645,6,0.75,0.25
5646,6,0.375,0.625
5647,6,0.875,0.125
5648,6,0.6428571428571428,0.35714285714285715
5649,6,0.0,1.0
5650,6,0.0,1.0
5651,6,0.75,0.25
5652,6,1.0,0.0
5653,6,1.0,0.0
5654,6,1.0,0.0
5655,6,0.5833333333333333,0.4166666666666667
5656,6,1.0,0.0
5657,6,1.0,0.0
5658,6,0.5,0.5
5659,6,1.0,0.0
5660,6,1.0,0.0
5661,6,1.0,0.0
5662,6,1.0,0.0
5663,6,1.0,0.0
5664,6,1.0,0.0
5665,6,0.5,0.5
5666,6,1.0,0.0
5667,6,1.0,0.0
5668,6,0.375,0.625
5669,6,0.5,0.5
5670,6,0.0,1.0
5671,6,0.5,0.5
5672,6,0.6666666666666667,0.3333333333333333
5673,6,0.0,1.0
5674,6,0.0,1.0
5675,6,0.6666666666666667,0.3333333333333333
5676,6,0.0,1.0
5677,6,0.5,0.5
5678,6,0.5,0.5
5679,6,0.0,1.0
5680,6,0.75,0.25
5681,6,0.0,1.0
5682,6,0.0,1.0
5683,6,0.0,1.0
5684,6,0.0,1.0
5685,6,0.0,1.0
5686,6,0.75,0.25
5687,6,0.5,0.5
5688,6,0.5,0.5
5689,6,1.0,0.0
5690,6,0.0,1.0
5691,6,0.6,0.4
5692,6,0.4,0.6
5693,6,0.5,0.5
5694,6,0.125,0.875
5695,6,0.4444444444444444,0.5555555555555556
5696,6,1.0,0.0
5697,6,0.375,0.625
5698,6,0.6428571428571428,0.35714285714285715
5699,6,0.3571428571428571,0.6428571428571429
5700,6,0.25,0.75
5701,6,0.25,0.75
5702,6,0.5,0.5
5703,6,0.5,0.5
5704,6,0.5,0.5
5705,6,0.5,0.5
5706,6,0.16666666666666663,0.8333333333333334
5707,6,0.0,1.0
5708,6,0.5,0.5
5709,6,0.3571428571428571,0.6428571428571429
5710,6,1.0,0.0
5711,6,1.0,0.0
5712,6,0.5,0.5
5713,6,1.0,0.0
5714,6,0.6666666666666667,0.3333333333333333
5715,6,0.25,0.75
5716,6,0.0,1.0
5717,6,0.25,0.75
5718,6,0.5,0.5
5719,6,1.0,0.0
5720,6,0.0,1.0
5721,6,0.5,0.5
5722,6,0.625,0.375
5723,6,1.0,0.0
5724,6,0.75,0.25
5725,6,0.5,0.5
5726,6,0.8333333333333334,0.16666666666666666
5727,6,0.7,0.3
5728,6,0.5,0.5
5729,6,0.5,0.5
5730,6,0.0,1.0
5731,6,0.5,0.5
5732,6,0.0,1.0
5733,6,1.0,0.0
5734,6,0.0,1.0
5735,6,0.5,0.5
5736,6,1.0,0.0
5737,6,0.5,0.5
5738,6,0.5,0.5
5739,6,0.5,0.5
5740,6,1.0,0.0
5741,6,0.6666666666666667,0.3333333333333333
5742,6,1.0,0.0
5743,6,1.0,0.0
5744,6,0.25,0.75
5745,6,0.75,0.25
5746,6,0.0,1.0
5747,6,0.75,0.25
5748,6,0.5,0.5
5749,6,0.5,0.5
5750,6,1.0,0.0
5751,6,0.25,0.75
5752,6,0.7,0.3
5753,6,0.0,1.0
5754,6,0.33333333333333337,0.6666666666666666
5755,6,0.0,1.0
5756,6,1.0,0.0
5757,6,0.0,1.0
5758,6,0.5,0.5
5759,6,1.0,0.0
5760,6,0.0,1.0
5761,6,1.0,0.0
5762,6,0.0,1.0
5763,6,1.0,0.0
5764,6,0.5,0.5
5765,6,0.5,0.5
5766,6,0.625,0.375
5767,6,0.6666666666666667,0.3333333333333333
5768,6,0.0,1.0
5769,6,0.0,1.0
5770,6,0.5,0.5
5771,6,0.75,0.25
5772,6,0.5,0.5
5773,6,1.0,0.0
5774,6,0.6666666666666667,0.3333333333333333
5775,6,0.6666666666666667,0.3333333333333333
5776,6,0.7,0.3
5777,6,0.0,1.0
5778,6,0.6206896551724138,0.3793103448275862
5779,6,0.4,0.6
5780,6,0.5,0.5
5781,6,1.0,0.0
5782,6,0.5,0.5
5783,6,0.5,0.5
5784,6,0.5,0.5
5785,6,1.0,0.0
5786,6,0.0,1.0
5787,6,0.5,0.5
5788,6,0.5,0.5
5789,6,0.5,0.5
5790,6,1.0,0.0
5791,6,0.5,0.5
5792,6,0.0,1.0
5793,6,0.5,0.5
5794,6,0.5,0.5
5795,6,0.5,0.5
5796,6,1.0,0.0
5797,6,1.0,0.0
5798,6,0.5,0.5
5799,6,1.0,0.0
5800,6,0.25,0.75
5801,6,0.5833333333333333,0.4166666666666667
5802,6,1.0,0.0
5803,6,0.0,1.0
5804,6,1.0,0.0
5805,6,1.0,0.0
5806,6,0.5,0.5
5807,6,0.0,1.0
5808,6,1.0,0.0
5809,6,1.0,0.0
5810,6,1.0,0.0
5811,6,1.0,0.0
5812,6,0.0,1.0
5813,6,0.16666666666666663,0.8333333333333334
5814,6,0.75,0.25
5815,6,0.0,1.0
5816,6,0.0,1.0
5817,6,1.0,0.0
5818,6,0.0,1.0
5819,6,0.8333333333333334,0.16666666666666666
5820,6,0.5,0.5
5821,6,1.0,0.0
5822,6,1.0,0.0
5823,6,0.5,0.5
5824,6,0.0,1.0
5825,6,0.5,0.5
5826,6,0.5,0.5
5827,6,1.0,0.0
5828,6,0.0,1.0
5829,6,0.0,1.0
5830,6,0.0,1.0
5831,6,0.0,1.0
5832,6,1.0,0.0
5833,6,0.6428571428571428,0.35714285714285715
5834,6,0.75,0.25
5835,6,0.5,0.5
5836,6,0.5,0.5
5837,6,0.75,0.25
5838,6,0.6666666666666667,0.3333333333333333
5839,6,0.33333333333333337,0.6666666666666666
5840,6,0.875,0.125
5841,6,0.0,1.0
5842,6,0.8333333333333334,0.16666666666666666
5843,6,0.5,0.5
5844,6,0.75,0.25
5845,6,1.0,0.0
5846,6,0.75,0.25
5847,6,0.5833333333333333,0.4166666666666667
5848,6,0.5,0.5
5849,6,0.5833333333333333,0.4166666666666667
5850,6,0.5,0.5
5851,6,0.6,0.4
5852,6,0.5,0.5
5853,6,0.5,0.5
5854,6,1.0,0.0
5855,6,0.75,0.25
5856,6,0.5,0.5
5857,6,1.0,0.0
5858,6,0.5,0.5
5859,6,1.0,0.0
5860,6,0.5,0.5
5861,6,0.5,0.5
5862,6,0.5,0.5
5863,6,1.0,0.0
5864,6,0.75,0.25
5865,6,0.5,0.5
5866,6,0.0,1.0
5867,6,1.0,0.0
5868,6,1.0,0.0
5869,6,0.75,0.25
5870,6,1.0,0.0
5871,6,1.0,0.0
5872,6,0.75,0.25
5873,6,1.0,0.0
5874,6,1.0,0.0
5875,6,1.0,0.0
5876,6,0.5,0.5
5877,6,1.0,0.0
5878,6,1.0,0.0
5879,6,1.0,0.0
5880,6,0.6666666666666667,0.3333333333333333
5881,6,1.0,0.0
5882,6,0.5,0.5
5883,6,0.75,0.25
5884,6,0.0,1.0
5885,6,0.7857142857142857,0.21428571428571427
5886,6,0.69,0.31
5887,6,0.6666666666666667,0.3333333333333333
5888,6,0.5,0.5
5889,6,0.75,0.25
5890,6,1.0,0.0
5891,6,0.0,1.0
5892,6,1.0,0.0
5893,6,0.5,0.5
5894,6,0.5,0.5
5895,6,1.0,0.0
5896,6,1.0,0.0
5897,6,0.30000000000000004,0.7
5898,6,0.0,1.0
5899,6,1.0,0.0
5900,6,0.5,0.5
5901,6,1.0,0.0
5902,6,0.6428571428571428,0.35714285714285715
5903,6,1.0,0.0
5904,6,0.625,0.375
5905,6,1.0,0.0
5906,6,0.75,0.25
5907,6,1.0,0.0
5908,6,0.7142857142857143,0.2857142857142857
5909,6,1.0,0.0
5910,6,0.7857142857142857,0.21428571428571427
5911,6,1.0,0.0
5912,6,0.5,0.5
5913,6,1.0,0.0
5914,6,1.0,0.0
5915,6,0.5,0.5
5916,6,0.5,0.5
5917,6,0.75,0.25
5918,6,0.0,1.0
5919,6,0.5,0.5
5920,6,0.5,0.5
5921,6,0.8333333333333334,0.16666666666666666
5922,6,1.0,0.0
5923,6,0.5,0.5
5924,6,0.5,0.5
5925,6,0.0,1.0
5926,6,0.5,0.5
5927,6,1.0,0.0
5928,6,0.33333333333333337,0.6666666666666666
5929,6,1.0,0.0
5930,6,0.5833333333333333,0.4166666666666667
5931,6,0.5,0.5
5932,6,0.5,0.5
5933,6,0.5,0.5
5934,6,0.5,0.5
5935,6,1.0,0.0
5936,6,0.5,0.5
5937,6,0.5,0.5
5938,6,0.5,0.5
5939,6,0.0,1.0
5940,7,0.5,0.5
5941,7,0.0,1.0
5942,7,0.5,0.5
5943,7,1.0,0.0
5944,7,1.0,0.0
5945,7,0.5,0.5
5946,7,0.0,1.0
5947,7,0.5,0.5
5948,7,0.8,0.2
5949,7,0.6428571428571428,0.35714285714285715
5950,7,0.75,0.25
5951,7,1.0,0.0
5952,7,0.25,0.75
5953,7,1.0,0.0
5954,7,0.5,0.5
5955,7,0.5,0.5
5956,7,1.0,0.0
5957,7,1.0,0.0
5958,7,0.5,0.5
5959,7,0.33333333333333337,0.6666666666666666
5960,7,1.0,0.0
5961,7,0.5,0.5
5962,7,1.0,0.0
5963,7,0.75,0.25
5964,7,0.25,0.75
5965,7,0.40909090909090906,0.5909090909090909
5966,7,0.75,0.25
5967,7,1.0,0.0
5968,7,0.5,0.5
5969,7,1.0,0.0
5970,7,0.0,1.0
5971,7,0.0,1.0
5972,7,0.16666666666666663,0.8333333333333334
5973,7,0.5,0.5
5974,7,0.5,0.5
5975,7,1.0,0.0
5976,7,1.0,0.0
5977,7,0.5,0.5
5978,7,0.25,0.75
5979,7,1.0,0.0
5980,7,0.5,0.5
5981,7,1.0,0.0
5982,7,0.0,1.0
5983,7,0.0,1.0
5984,7,1.0,0.0
5985,7,0.0,1.0
5986,7,1.0,0.0
5987,7,0.75,0.25
5988,7,0.5,0.5
5989,7,1.0,0.0
5990,7,0.7,0.3
5991,7,0.0,1.0
5992,7,0.75,0.25
5993,7,0.4285714285714286,0.5714285714285714
5994,7,1.0,0.0
5995,7,1.0,0.0
5996,7,1.0,0.0
5997,7,0.5,0.5
5998,7,1.0,0.0
5999,7,0.0,1.0
6000,7,0.5,0.5
6001,7,0.0,1.0
6002,7,1.0,0.0
6003,7,0.0,1.0
6004,7,0.0,1.0
6005,7,0.5,0.5
6006,7,0.5,0.5
6007,7,0.5,0.5
6008,7,0.0,1.0
6009,7,0.25,0.75
6010,7,0.5,0.5
6011,7,0.19999999999999996,0.8
6012,7,0.25,0.75
6013,7,0.25,0.75
6014,7,0.5,0.5
6015,7,1.0,0.0
6016,7,0.875,0.125
6017,7,1.0,0.0
6018,7,0.75,0.25
6019,7,0.30000000000000004,0.7
6020,7,1.0,0.0
6021,7,0.33333333333333337,0.6666666666666666
6022,7,1.0,0.0
6023,7,0.0,1.0
6024,7,0.6666666666666667,0.3333333333333333
6025,7,1.0,0.0
6026,7,0.0,1.0
6027,7,0.5,0.5
6028,7,1.0,0.0
6029,7,1.0,0.0
6030,7,1.0,0.0
6031,7,1.0,0.0
6032,7,0.0,1.0
6033,7,0.5,0.5
6034,7,0.5,0.5
6035,7,1.0,0.0
6036,7,0.0,1.0
6037,7,0.0,1.0
6038,7,0.0,1.0
6039,7,0.0,1.0
6040,7,0.5,0.5
6041,7,0.0,1.0
6042,7,0.0,1.0
6043,7,0.5,0.5
6044,7,0.0,1.0
6045,7,1.0,0.0
6046,7,0.5,0.5
6047,7,0.0,1.0
6048,7,0.0,1.0
6049,7,0.25,0.75
6050,7,0.6666666666666667,0.3333333333333333
6051,7,0.25,0.75
6052,7,1.0,0.0
6053,7,1.0,0.0
6054,7,0.0,1.0
6055,7,0.0,1.0
6056,7,1.0,0.0
6057,7,0.5,0.5
6058,7,0.375,0.625
6059,7,1.0,0.0
6060,7,1.0,0.0
6061,7,0.0,1.0
6062,7,1.0,0.0
6063,7,0.0,1.0
6064,7,0.25,0.75
6065,7,1.0,0.0
6066,7,0.5,0.5
6067,7,1.0,0.0
6068,7,0.875,0.125
6069,7,0.8333333333333334,0.16666666666666666
6070,7,0.0,1.0
6071,7,0.6818181818181819,0.3181818181818182
6072,7,0.6666666666666667,0.3333333333333333
6073,7,0.6666666666666667,0.3333333333333333
6074,7,0.0,1.0
6075,7,1.0,0.0
6076,7,1.0,0.0
6077,7,1.0,0.0
6078,7,0.0,1.0
6079,7,1.0,0.0
6080,7,0.0,1.0
6081,7,0.5,0.5
6082,7,1.0,0.0
6083,7,1.0,0.0
6084,7,0.5,0.5
6085,7,0.33333333333333337,0.6666666666666666
6086,7,1.0,0.0
6087,7,0.5,0.5
6088,7,0.0,1.0
6089,7,0.5,0.5
6090,7,0.75,0.25
6091,7,0.0,1.0
6092,7,1.0,0.0
6093,7,0.5,0.5
6094,7,0.25,0.75
6095,7,0.75,0.25
6096,7,0.0,1.0
6097,7,0.25,0.75
6098,7,0.16666666666666663,0.8333333333333334
6099,7,0.5,0.5
6100,7,0.25,0.75
6101,7,0.0,1.0
6102,7,0.0,1.0
6103,7,0.0,1.0
6104,7,0.0,1.0
6105,7,0.0,1.0
6106,7,0.25,0.75
6107,7,0.5833333333333333,0.4166666666666667
6108,7,1.0,0.0
6109,7,0.6666666666666667,0.3333333333333333
6110,7,0.0,1.0
6111,7,0.0,1.0
6112,7,1.0,0.0
6113,7,0.5,0.5
6114,7,0.5,0.5
6115,7,0.25,0.75
6116,7,0.5,0.5
6117,7,0.0,1.0
6118,7,1.0,0.0
6119,7,0.0,1.0
6120,7,1.0,0.0
6121,7,0.5,0.5
6122,7,1.0,0.0
6123,7,1.0,0.0
6124,7,0.5,0.5
6125,7,0.0,1.0
6126,7,0.5,0.5
6127,7,0.5,0.5
6128,7,1.0,0.0
6129,7,0.0,1.0
6130,7,0.25,0.75
6131,7,1.0,0.0
6132,7,1.0,0.0
6133,7,0.75,0.25
6134,7,0.33333333333333337,0.6666666666666666
6135,7,1.0,0.0
6136,7,0.75,0.25
6137,7,0.5,0.5
6138,7,0.0,1.0
6139,7,0.0,1.0
6140,7,0.5,0.5
6141,7,0.0,1.0
6142,7,1.0,0.0
6143,7,0.0,1.0
6144,7,0.5,0.5
6145,7,0.0,1.0
6146,7,1.0,0.0
6147,7,0.25,0.75
6148,7,0.25,0.75
6149,7,0.8636363636363636,0.13636363636363635
6150,7,0.9166666666666666,0.08333333333333333
6151,7,0.25,0.75
6152,7,0.16666666666666663,0.8333333333333334
6153,7,1.0,0.0
6154,7,1.0,0.0
6155,7,0.5,0.5
6156,7,1.0,0.0
6157,7,1.0,0.0
6158,7,0.0,1.0
6159,7,1.0,0.0
6160,7,1.0,0.0
6161,7,1.0,0.0
6162,7,1.0,0.0
6163,7,0.6,0.4
6164,7,1.0,0.0
6165,7,0.5,0.5
6166,7,0.33333333333333337,0.6666666666666666
6167,7,0.5,0.5
6168,7,0.5,0.5
6169,7,1.0,0.0
6170,7,1.0,0.0
6171,7,0.0,1.0
6172,7,1.0,0.0
6173,7,0.75,0.25
6174,7,0.5,0.5
6175,7,0.5,0.5
6176,7,1.0,0.0
6177,7,0.25,0.75
6178,7,1.0,0.0
6179,7,0.0,1.0
6180,7,1.0,0.0
6181,7,1.0,0.0
6182,7,1.0,0.0
6183,7,0.0,1.0
6184,7,0.0,1.0
6185,7,0.5,0.5
6186,7,0.7,0.3
6187,7,0.75,0.25
6188,7,0.33333333333333337,0.6666666666666666
6189,7,0.7857142857142857,0.21428571428571427
6190,7,0.6666666666666667,0.3333333333333333
6191,7,0.5,0.5
6192,7,0.6666666666666667,0.3333333333333333
6193,7,0.0,1.0
6194,7,0.5,0.5
6195,7,0.5,0.5
6196,7,0.6153846153846154,0.38461538461538464
6197,7,0.8333333333333334,0.16666666666666666
6198,7,0.0,1.0
6199,7,0.5,0.5
6200,7,1.0,0.0
6201,7,1.0,0.0
6202,7,0.0,1.0
6203,7,0.75,0.25
6204,7,0.0,1.0
6205,7,0.0,1.0
6206,7,0.0,1.0
6207,7,0.8333333333333334,0.16666666666666666
6208,7,0.5,0.5
6209,7,0.75,0.25
6210,7,0.75,0.25
6211,7,0.5,0.5
6212,7,0.5,0.5
6213,7,0.0,1.0
6214,7,0.6,0.4
6215,7,0.5714285714285714,0.42857142857142855
6216,7,0.625,0.375
6217,7,1.0,0.0
6218,7,0.0,1.0
6219,7,1.0,0.0
6220,7,0.5,0.5
6221,7,0.5,0.5
6222,7,0.5,0.5
6223,7,1.0,0.0
6224,7,0.0,1.0
6225,7,0.5,0.5
6226,7,0.5,0.5
6227,7,0.0,1.0
6228,7,0.5,0.5
6229,7,0.25,0.75
6230,7,1.0,0.0
6231,7,0.5,0.5
6232,7,0.0,1.0
6233,7,0.0,1.0
6234,7,1.0,0.0
6235,7,0.5,0.5
6236,7,0.0,1.0
6237,7,1.0,0.0
6238,7,1.0,0.0
6239,7,1.0,0.0
6240,7,0.0,1.0
6241,7,1.0,0.0
6242,7,0.0,1.0
6243,7,0.75,0.25
6244,7,0.8333333333333334,0.16666666666666666
6245,7,0.75,0.25
6246,7,0.4,0.6
6247,7,1.0,0.0
6248,7,0.9,0.1
6249,7,1.0,0.0
6250,7,0.0,1.0
6251,7,0.0,1.0
6252,7,1.0,0.0
6253,7,0.33333333333333337,0.6666666666666666
6254,7,0.375,0.625
6255,7,0.6,0.4
6256,7,0.5,0.5
6257,7,0.75,0.25
6258,7,0.33333333333333337,0.6666666666666666
6259,7,1.0,0.0
6260,7,1.0,0.0
6261,7,0.5,0.5
6262,7,0.0,1.0
6263,7,0.19999999999999996,0.8
6264,7,0.875,0.125
6265,7,1.0,0.0
6266,7,0.0,1.0
6267,7,0.5,0.5
6268,7,0.0,1.0
6269,7,0.0,1.0
6270,7,0.7222222222222222,0.2777777777777778
6271,7,0.5833333333333333,0.4166666666666667
6272,7,0.0,1.0
6273,7,0.25,0.75
6274,7,0.38888888888888884,0.6111111111111112
6275,7,0.6176470588235294,0.38235294117647056
6276,7,0.5,0.5
6277,7,0.0,1.0
6278,7,0.0,1.0
6279,7,1.0,0.0
6280,7,1.0,0.0
6281,7,0.0,1.0
6282,7,0.5,0.5
6283,7,1.0,0.0
6284,7,0.5,0.5
6285,7,0.0,1.0
6286,7,0.0,1.0
6287,7,1.0,0.0
6288,7,0.9166666666666666,0.08333333333333333
6289,7,0.5,0.5
6290,7,1.0,0.0
6291,7,1.0,0.0
6292,7,1.0,0.0
6293,7,1.0,0.0
6294,7,0.6666666666666667,0.3333333333333333
6295,7,0.0,1.0
6296,7,1.0,0.0
6297,7,0.36363636363636365,0.6363636363636364
6298,7,1.0,0.0
6299,7,0.8333333333333334,0.16666666666666666
6300,7,0.75,0.25
6301,7,0.5,0.5
6302,7,1.0,0.0
6303,7,0.5,0.5
6304,7,1.0,0.0
6305,7,1.0,0.0
6306,7,0.0,1.0
6307,7,1.0,0.0
6308,7,0.625,0.375
6309,7,0.5,0.5
6310,7,1.0,0.0
6311,7,1.0,0.0
6312,7,1.0,0.0
6313,7,1.0,0.0
6314,7,0.0,1.0
6315,7,0.5,0.5
6316,7,0.5,0.5
6317,7,1.0,0.0
6318,7,0.75,0.25
6319,7,0.5,0.5
6320,7,0.0,1.0
6321,7,1.0,0.0
6322,7,1.0,0.0
6323,7,1.0,0.0
6324,7,0.0,1.0
6325,7,1.0,0.0
6326,7,0.0,1.0
6327,7,1.0,0.0
6328,7,0.5,0.5
6329,7,1.0,0.0
6330,7,0.0,1.0
6331,7,1.0,0.0
6332,7,0.6285714285714286,0.37142857142857144
6333,7,1.0,0.0
6334,7,0.0,1.0
6335,7,0.4444444444444444,0.5555555555555556
6336,7,1.0,0.0
6337,7,1.0,0.0
6338,7,1.0,0.0
6339,7,0.0,1.0
6340,7,0.0,1.0
6341,7,1.0,0.0
6342,7,0.0,1.0
6343,7,0.75,0.25
6344,7,0.5,0.5
6345,7,1.0,0.0
6346,7,1.0,0.0
6347,7,0.0,1.0
6348,7,1.0,0.0
6349,7,0.75,0.25
6350,7,1.0,0.0
6351,7,1.0,0.0
6352,7,0.0,1.0
6353,7,0.0,1.0
6354,7,1.0,0.0
6355,7,1.0,0.0
6356,7,0.75,0.25
6357,7,0.5,0.5
6358,7,0.4,0.6
6359,7,1.0,0.0
6360,7,0.75,0.25
6361,7,0.0,1.0
6362,7,0.7,0.3
6363,7,0.6333333333333333,0.36666666666666664
6364,7,1.0,0.0
6365,7,0.375,0.625
6366,7,0.75,0.25
6367,7,0.16666666666666663,0.8333333333333334
6368,7,1.0,0.0
6369,7,0.0,1.0
6370,7,0.75,0.25
6371,7,1.0,0.0
6372,7,1.0,0.0
6373,7,0.5,0.5
6374,7,1.0,0.0
6375,7,0.75,0.25
6376,7,0.5,0.5
6377,7,0.5,0.5
6378,7,0.0,1.0
6379,7,1.0,0.0
6380,7,0.5,0.5
6381,7,0.7142857142857143,0.2857142857142857
6382,7,0.0,1.0
6383,7,0.5,0.5
6384,7,1.0,0.0
6385,7,0.25,0.75
6386,7,0.5,0.5
6387,7,0.0,1.0
6388,7,0.25,0.75
6389,7,0.5,0.5
6390,7,0.0,1.0
6391,7,1.0,0.0
6392,7,0.33333333333333337,0.6666666666666666
6393,7,0.8571428571428572,0.14285714285714285
6394,7,1.0,0.0
6395,7,0.25,0.75
6396,7,0.75,0.25
6397,7,0.6666666666666667,0.3333333333333333
6398,7,0.5,0.5
6399,7,1.0,0.0
6400,7,0.5,0.5
6401,7,0.33333333333333337,0.6666666666666666
6402,7,0.5,0.5
6403,7,0.5,0.5
6404,7,1.0,0.0
6405,7,1.0,0.0
6406,7,0.625,0.375
6407,7,0.25,0.75
6408,7,0.5,0.5
6409,7,0.42307692307692313,0.5769230769230769
6410,7,0.5,0.5
6411,7,0.5,0.5
6412,7,1.0,0.0
6413,7,1.0,0.0
6414,7,0.0,1.0
6415,7,1.0,0.0
6416,7,1.0,0.0
6417,7,1.0,0.0
6418,7,1.0,0.0
6419,7,0.5,0.5
6420,7,0.5,0.5
6421,7,0.625,0.375
6422,7,1.0,0.0
6423,7,1.0,0.0
6424,7,0.5,0.5
6425,7,0.25,0.75
6426,7,1.0,0.0
6427,7,1.0,0.0
6428,7,0.0,1.0
6429,7,0.75,0.25
6430,7,0.5,0.5
6431,7,0.0,1.0
6432,7,0.5,0.5
6433,7,1.0,0.0
6434,7,1.0,0.0
6435,7,1.0,0.0
6436,7,1.0,0.0
6437,7,0.5,0.5
6438,7,0.75,0.25
6439,7,0.8333333333333334,0.16666666666666666
6440,7,0.5,0.5
6441,7,0.0,1.0
6442,7,0.5,0.5
6443,7,0.5,0.5
6444,7,0.65625,0.34375
6445,7,0.55,0.45
6446,7,0.75,0.25
6447,7,1.0,0.0
6448,7,0.0,1.0
6449,7,0.5,0.5
6450,7,0.0,1.0
6451,7,1.0,0.0
6452,7,0.0,1.0
6453,7,1.0,0.0
6454,7,1.0,0.0
6455,7,0.5714285714285714,0.42857142857142855
6456,7,1.0,0.0
6457,7,1.0,0.0
6458,7,1.0,0.0
6459,7,1.0,0.0
6460,7,0.0,1.0
6461,7,0.5,0.5
6462,7,1.0,0.0
6463,7,0.5,0.5
6464,7,0.0,1.0
6465,7,1.0,0.0
6466,7,1.0,0.0
6467,7,0.0,1.0
6468,7,1.0,0.0
6469,7,0.5,0.5
6470,7,1.0,0.0
6471,7,0.8333333333333334,0.16666666666666666
6472,7,0.625,0.375
6473,7,1.0,0.0
6474,7,0.0,1.0
6475,7,0.16666666666666663,0.8333333333333334
6476,7,1.0,0.0
6477,7,0.25,0.75
6478,7,0.75,0.25
6479,7,0.5,0.5
6480,7,1.0,0.0
6481,7,0.5,0.5
6482,7,0.5,0.5
6483,7,1.0,0.0
6484,7,0.5,0.5
6485,7,1.0,0.0
6486,7,1.0,0.0
6487,7,0.0,1.0
6488,7,0.25,0.75
6489,7,0.5,0.5
6490,7,1.0,0.0
6491,7,1.0,0.0
6492,7,0.5,0.5
6493,7,0.5,0.5
6494,7,0.75,0.25
6495,7,0.0,1.0
6496,7,1.0,0.0
6497,7,1.0,0.0
6498,7,1.0,0.0
6499,7,1.0,0.0
6500,7,0.5,0.5
6501,7,0.0,1.0
6502,7,0.0,1.0
6503,7,0.25,0.75
6504,7,0.0,1.0
6505,7,0.0,1.0
6506,7,1.0,0.0
6507,7,0.0,1.0
6508,7,0.5,0.5
6509,7,0.8333333333333334,0.16666666666666666
6510,7,1.0,0.0
6511,7,0.5,0.5
6512,7,0.75,0.25
6513,7,0.0,1.0
6514,7,0.0,1.0
6515,7,1.0,0.0
6516,7,0.0,1.0
6517,7,0.5,0.5
6518,7,0.5,0.5
6519,7,0.0,1.0
6520,7,1.0,0.0
6521,7,1.0,0.0
6522,7,0.0,1.0
6523,7,0.5,0.5
6524,7,0.5,0.5
6525,7,1.0,0.0
6526,7,0.0,1.0
6527,7,1.0,0.0
6528,7,1.0,0.0
6529,7,1.0,0.0
6530,7,0.0,1.0
6531,7,0.5,0.5
6532,7,0.5,0.5
6533,7,0.0,1.0
6534,7,1.0,0.0
6535,7,1.0,0.0
6536,7,0.8333333333333334,0.16666666666666666
6537,7,0.5,0.5
6538,7,1.0,0.0
6539,7,0.7307692307692308,0.2692307692307692
6540,7,0.0,1.0
6541,7,1.0,0.0
6542,7,1.0,0.0
6543,7,0.5,0.5
6544,7,0.8333333333333334,0.16666666666666666
6545,7,0.5,0.5
6546,7,0.5,0.5
6547,7,0.0,1.0
6548,7,1.0,0.0
6549,7,1.0,0.0
6550,7,0.5,0.5
6551,7,1.0,0.0
6552,7,0.0,1.0
6553,7,0.5,0.5
6554,7,1.0,0.0
6555,7,0.0,1.0
6556,7,0.25,0.75
6557,7,1.0,0.0
6558,7,0.5,0.5
6559,7,0.0,1.0
6560,7,1.0,0.0
6561,7,1.0,0.0
6562,7,0.4,0.6
6563,7,0.5,0.5
6564,7,0.5,0.5
6565,7,0.0,1.0
6566,7,0.5,0.5
6567,7,0.5,0.5
6568,7,0.5,0.5
6569,7,0.0,1.0
6570,7,0.5238095238095238,0.47619047619047616
6571,7,0.75,0.25
6572,7,1.0,0.0
6573,7,1.0,0.0
6574,7,0.0,1.0
6575,7,0.0,1.0
6576,7,1.0,0.0
6577,7,0.33333333333333337,0.6666666666666666
6578,7,1.0,0.0
6579,7,1.0,0.0
6580,7,1.0,0.0
6581,7,0.0,1.0
6582,7,0.0,1.0
6583,7,1.0,0.0
6584,7,1.0,0.0
6585,7,0.5,0.5
6586,7,0.625,0.375
6587,7,0.5714285714285714,0.42857142857142855
6588,7,0.16666666666666663,0.8333333333333334
6589,7,0.6666666666666667,0.3333333333333333
6590,7,0.4,0.6
6591,7,0.5333333333333333,0.4666666666666667
6592,7,0.5,0.5
6593,7,1.0,0.0
6594,7,0.75,0.25
6595,7,1.0,0.0
6596,7,0.5,0.5
6597,7,1.0,0.0
6598,7,1.0,0.0
6599,7,1.0,0.0
6600,7,1.0,0.0
6601,7,1.0,0.0
6602,7,0.0,1.0
6603,7,0.0,1.0
6604,7,0.5,0.5
6605,7,0.0,1.0
6606,7,0.5,0.5
6607,7,0.5,0.5
6608,7,1.0,0.0
6609,7,0.0,1.0
6610,7,0.5,0.5
6611,7,1.0,0.0
6612,7,0.25,0.75
6613,7,0.9,0.1
6614,7,1.0,0.0
6615,7,0.875,0.125
6616,7,1.0,0.0
6617,7,0.5,0.5
6618,7,0.5,0.5
6619,7,1.0,0.0
6620,7,0.0,1.0
6621,7,0.0,1.0
6622,7,0.5,0.5
6623,7,0.0,1.0
6624,7,0.375,0.625
6625,7,0.0,1.0
6626,7,1.0,0.0
6627,7,0.5,0.5
6628,7,1.0,0.0
6629,7,0.33333333333333337,0.6666666666666666
6630,7,1.0,0.0
6631,7,1.0,0.0
6632,7,0.5,0.5
6633,7,1.0,0.0
6634,7,1.0,0.0
6635,7,1.0,0.0
6636,7,1.0,0.0
6637,7,1.0,0.0
6638,7,1.0,0.0
6639,7,0.0,1.0
6640,7,0.33333333333333337,0.6666666666666666
6641,7,0.0,1.0
6642,7,0.625,0.375
6643,7,0.5,0.5
6644,7,0.5,0.5
6645,7,1.0,0.0
6646,7,0.0,1.0
6647,7,0.75,0.25
6648,7,1.0,0.0
6649,7,0.16666666666666663,0.8333333333333334
6650,7,1.0,0.0
6651,7,1.0,0.0
6652,7,0.5,0.5
6653,7,0.0,1.0
6654,7,1.0,0.0
6655,7,1.0,0.0
6656,7,0.5,0.5
6657,7,0.5,0.5
6658,7,1.0,0.0
6659,7,1.0,0.0
6660,7,0.5238095238095238,0.47619047619047616
6661,7,1.0,0.0
6662,7,0.5,0.5
6663,7,1.0,0.0
6664,7,0.6016949152542372,0.3983050847457627
6665,7,0.5,0.5
6666,7,0.5909090909090908,0.4090909090909091
6667,7,0.16666666666666663,0.8333333333333334
6668,7,0.36363636363636365,0.6363636363636364
6669,7,0.5555555555555556,0.4444444444444444
6670,7,0.0,1.0
6671,7,1.0,0.0
6672,7,0.5,0.5
6673,7,0.0,1.0
6674,7,0.0,1.0
6675,7,1.0,0.0
6676,7,0.625,0.375
6677,7,0.5,0.5
6678,7,0.5,0.5
6679,7,0.5,0.5
6680,7,1.0,0.0
6681,7,0.5,0.5
6682,7,1.0,0.0
6683,7,1.0,0.0
6684,7,1.0,0.0
6685,7,1.0,0.0
6686,7,0.5,0.5
6687,7,0.5,0.5
6688,7,0.0,1.0
6689,7,1.0,0.0
6690,7,1.0,0.0
6691,7,1.0,0.0
6692,7,1.0,0.0
6693,7,0.5,0.5
6694,7,1.0,0.0
6695,7,1.0,0.0
6696,7,0.75,0.25
6697,7,0.5,0.5
6698,7,1.0,0.0
6699,7,1.0,0.0
6700,7,0.5,0.5
6701,7,0.5,0.5
6702,7,0.8333333333333334,0.16666666666666666
6703,7,0.5,0.5
6704,7,1.0,0.0
6705,7,1.0,0.0
6706,7,0.33333333333333337,0.6666666666666666
6707,7,0.8333333333333334,0.16666666666666666
6708,7,1.0,0.0
6709,7,1.0,0.0
6710,7,0.0,1.0
6711,7,0.0,1.0
6712,7,0.5,0.5
6713,7,1.0,0.0
6714,7,0.5454545454545454,0.45454545454545453
6715,7,0.5833333333333333,0.4166666666666667
6716,7,0.5,0.5
6717,7,0.0,1.0
6718,7,1.0,0.0
6719,7,1.0,0.0
6720,7,1.0,0.0
6721,7,0.5,0.5
6722,7,0.25,0.75
6723,7,0.5,0.5
6724,7,1.0,0.0
6725,7,0.5,0.5
6726,7,0.75,0.25
6727,7,1.0,0.0
6728,7,0.6666666666666667,0.3333333333333333
6729,7,0.5,0.5
6730,7,1.0,0.0
6731,7,1.0,0.0
6732,7,0.0,1.0
6733,7,0.0,1.0
6734,7,0.5,0.5
6735,7,0.5,0.5
6736,7,0.0,1.0
6737,7,0.0,1.0
6738,7,0.5,0.5
6739,7,0.0,1.0
6740,7,1.0,0.0
6741,7,1.0,0.0
6742,7,0.625,0.375
6743,7,0.75,0.25
6744,7,0.8333333333333334,0.16666666666666666
6745,7,0.5,0.5
6746,7,0.5,0.5
6747,7,0.5,0.5
6748,7,0.6666666666666667,0.3333333333333333
6749,7,0.33333333333333337,0.6666666666666666
6750,7,0.6599999999999999,0.34
6751,7,0.5909090909090908,0.4090909090909091
6752,7,0.0,1.0
6753,7,1.0,0.0
6754,7,1.0,0.0
6755,7,0.5,0.5
6756,7,1.0,0.0
6757,7,0.0,1.0
6758,7,1.0,0.0
6759,7,0.5,0.5
6760,7,0.0,1.0
6761,7,0.5,0.5
6762,7,0.3571428571428571,0.6428571428571429
6763,7,0.75,0.25
6764,7,1.0,0.0
6765,7,0.75,0.25
6766,7,0.5,0.5
6767,7,0.5,0.5
6768,7,0.5,0.5
6769,7,0.375,0.625
6770,7,0.5,0.5
6771,7,0.6666666666666667,0.3333333333333333
6772,7,0.25,0.75
6773,7,0.5,0.5
6774,7,0.75,0.25
6775,7,1.0,0.0
6776,7,1.0,0.0
6777,7,0.5,0.5
6778,7,0.0,1.0
6779,7,0.75,0.25
6780,7,0.5,0.5
6781,7,0.5,0.5
6782,7,0.6176470588235294,0.38235294117647056
6783,7,0.5,0.5
6784,7,0.75,0.25
6785,7,0.8333333333333334,0.16666666666666666
6786,7,0.09999999999999998,0.9
6787,7,0.5625,0.4375
6788,7,1.0,0.0
6789,7,1.0,0.0
6790,7,0.25,0.75
6791,7,0.5,0.5
6792,7,0.47058823529411764,0.5294117647058824
6793,7,0.5,0.5
6794,7,0.0,1.0
6795,7,1.0,0.0
6796,7,0.5,0.5
6797,7,1.0,0.0
6798,7,0.0,1.0
6799,7,1.0,0.0
6800,7,0.6666666666666667,0.3333333333333333
6801,7,0.5,0.5
6802,7,0.875,0.125
6803,7,0.6666666666666667,0.3333333333333333
6804,7,1.0,0.0
6805,7,0.0,1.0
6806,7,0.25,0.75
6807,7,1.0,0.0
6808,7,1.0,0.0
6809,7,0.0,1.0
6810,7,0.5,0.5
6811,7,1.0,0.0
6812,7,1.0,0.0
6813,7,1.0,0.0
6814,7,0.75,0.25
6815,7,0.5,0.5
6816,7,1.0,0.0
6817,7,0.5,0.5
6818,7,0.0,1.0
6819,7,1.0,0.0
6820,7,1.0,0.0
6821,7,1.0,0.0
6822,7,0.5,0.5
6823,7,0.5,0.5
6824,7,0.5,0.5
6825,7,1.0,0.0
6826,7,0.0,1.0
6827,7,1.0,0.0
6828,7,0.0,1.0
6829,7,1.0,0.0
6830,7,0.75,0.25
6831,7,0.7,0.3
6832,7,0.5833333333333333,0.4166666666666667
6833,7,0.8333333333333334,0.16666666666666666
6834,7,0.5,0.5
6835,7,0.6052631578947368,0.39473684210526316
6836,7,0.75,0.25
6837,7,0.5714285714285714,0.42857142857142855
6838,7,0.5,0.5
6839,7,0.5,0.5
6840,7,1.0,0.0
6841,7,0.6666666666666667,0.3333333333333333
6842,7,1.0,0.0
6843,7,0.0,1.0
6844,7,0.0,1.0
6845,7,1.0,0.0
6846,7,0.75,0.25
6847,7,1.0,0.0
6848,7,1.0,0.0
6849,7,1.0,0.0
6850,7,0.5,0.5
6851,7,1.0,0.0
6852,7,0.5,0.5
6853,7,0.5,0.5
6854,7,1.0,0.0
6855,7,0.625,0.375
6856,7,0.8,0.2
6857,7,0.5,0.5
6858,7,0.5,0.5
6859,7,0.25,0.75
6860,7,1.0,0.0
6861,7,0.5,0.5
6862,7,1.0,0.0
6863,7,0.5,0.5
6864,7,0.0,1.0
6865,7,0.0,1.0
6866,7,0.0,1.0
6867,7,0.0,1.0
6868,7,1.0,0.0
6869,7,1.0,0.0
6870,7,1.0,0.0
6871,7,0.0,1.0
6872,7,1.0,0.0
6873,7,1.0,0.0
6874,7,1.0,0.0
6875,7,1.0,0.0
6876,7,1.0,0.0
6877,7,0.5,0.5
6878,7,0.0,1.0
6879,7,0.75,0.25
6880,7,0.5,0.5
6881,7,0.25,0.75
6882,7,0.5,0.5
6883,7,1.0,0.0
6884,7,0.5,0.5
6885,7,1.0,0.0
6886,7,1.0,0.0
6887,7,0.5,0.5
6888,7,1.0,0.0
6889,7,1.0,0.0
6890,7,0.5,0.5
6891,7,0.5,0.5
6892,7,0.0,1.0
6893,7,0.5,0.5
6894,7,0.0,1.0
6895,7,1.0,0.0
6896,7,1.0,0.0
6897,7,0.75,0.25
6898,7,1.0,0.0
6899,7,0.0,1.0
6900,7,0.875,0.125
6901,7,0.75,0.25
6902,7,1.0,0.0
6903,7,1.0,0.0
6904,7,1.0,0.0
6905,7,0.5,0.5
6906,7,0.0,1.0
6907,7,1.0,0.0
6908,7,0.9,0.1
6909,7,0.875,0.125
6910,7,1.0,0.0
6911,7,1.0,0.0
6912,7,0.6666666666666667,0.3333333333333333
6913,7,0.16666666666666663,0.8333333333333334
6914,7,0.5,0.5
6915,7,0.5,0.5
6916,7,1.0,0.0
6917,7,0.5,0.5
6918,7,1.0,0.0
6919,7,0.8,0.2
6920,7,1.0,0.0
6921,7,1.0,0.0
6922,7,1.0,0.0
6923,7,1.0,0.0
6924,7,0.8333333333333334,0.16666666666666666
6925,7,0.6875,0.3125
6926,7,1.0,0.0
6927,7,0.375,0.625
6928,7,0.5,0.5
6929,7,0.5,0.5
6930,7,1.0,0.0
6931,7,1.0,0.0
6932,7,0.5,0.5
6933,7,0.25,0.75
6934,7,0.5,0.5
6935,7,0.75,0.25
6936,7,0.25,0.75
6937,7,1.0,0.0
6938,7,1.0,0.0
6939,7,0.5,0.5
6940,7,1.0,0.0
6941,7,1.0,0.0
6942,7,1.0,0.0
6943,7,1.0,0.0
6944,7,0.75,0.25
6945,7,0.5,0.5
6946,7,1.0,0.0
6947,7,1.0,0.0
6948,7,1.0,0.0
6949,7,1.0,0.0
6950,7,0.5,0.5
6951,7,1.0,0.0
6952,7,0.5,0.5
6953,7,0.5,0.5
6954,7,0.5,0.5
6955,7,0.6666666666666667,0.3333333333333333
6956,7,1.0,0.0
6957,7,1.0,0.0
6958,7,1.0,0.0
6959,7,1.0,0.0
6960,7,0.0,1.0
6961,7,1.0,0.0
6962,7,1.0,0.0
6963,7,1.0,0.0
6964,7,0.5,0.5
6965,7,0.5,0.5
6966,7,0.5,0.5
6967,7,1.0,0.0
6968,7,1.0,0.0
6969,7,1.0,0.0
6970,7,0.5,0.5
6971,7,1.0,0.0
6972,7,1.0,0.0
6973,7,1.0,0.0
6974,7,1.0,0.0
6975,7,1.0,0.0
6976,7,1.0,0.0
6977,7,0.5833333333333333,0.4166666666666667
6978,7,0.0,1.0
6979,7,0.0,1.0
6980,7,1.0,0.0
6981,7,0.0,1.0
6982,7,1.0,0.0
6983,7,0.0,1.0
6984,7,0.0,1.0
6985,7,0.5,0.5
6986,7,0.0,1.0
6987,7,0.0,1.0
6988,7,0.0,1.0
6989,7,0.0,1.0
6990,7,0.75,0.25
6991,7,1.0,0.0
6992,7,1.0,0.0
6993,7,0.5,0.5
6994,7,0.5,0.5
6995,7,0.4444444444444444,0.5555555555555556
6996,7,0.5,0.5
6997,7,0.0,1.0
6998,7,0.5,0.5
6999,7,0.0,1.0
7000,7,0.0,1.0
7001,7,0.0,1.0
7002,7,0.0,1.0
7003,7,0.5,0.5
7004,7,0.5,0.5
7005,7,0.0,1.0
7006,7,0.0,1.0
7007,7,0.25,0.75
7008,7,1.0,0.0
7009,7,0.5,0.5
7010,7,0.0,1.0
7011,7,0.0,1.0
7012,7,0.5,0.5
7013,7,0.0,1.0
7014,7,0.5,0.5
7015,7,0.0,1.0
7016,7,1.0,0.0
7017,7,1.0,0.0
7018,7,0.5,0.5
7019,7,1.0,0.0
7020,7,0.0,1.0
7021,7,1.0,0.0
7022,7,1.0,0.0
7023,7,0.0,1.0
7024,7,0.0,1.0
7025,7,0.25,0.75
7026,7,0.5,0.5
7027,7,0.5,0.5
7028,7,0.6428571428571428,0.35714285714285715
7029,7,0.0,1.0
7030,7,1.0,0.0
7031,7,0.0,1.0
7032,7,0.09999999999999998,0.9
7033,7,0.0,1.0
7034,7,0.0,1.0
7035,7,0.0,1.0
7036,7,0.0,1.0
7037,7,0.5,0.5
7038,7,0.0,1.0
7039,7,0.0,1.0
7040,7,0.0,1.0
7041,7,0.0,1.0
7042,7,0.0,1.0
7043,7,1.0,0.0
7044,7,1.0,0.0
7045,7,0.5,0.5
7046,7,0.5,0.5
7047,7,0.5,0.5
7048,7,0.6666666666666667,0.3333333333333333
7049,7,0.75,0.25
7050,7,1.0,0.0
7051,7,0.5,0.5
7052,7,0.7,0.3
7053,7,0.0,1.0
7054,7,1.0,0.0
7055,7,1.0,0.0
7056,7,1.0,0.0
7057,7,1.0,0.0
7058,7,0.0,1.0
7059,7,1.0,0.0
7060,7,0.75,0.25
7061,7,1.0,0.0
7062,7,1.0,0.0
7063,7,1.0,0.0
7064,7,1.0,0.0
7065,7,0.5,0.5
7066,7,1.0,0.0
7067,7,1.0,0.0
7068,7,1.0,0.0
7069,7,1.0,0.0
7070,7,1.0,0.0
7071,7,1.0,0.0
7072,7,1.0,0.0
7073,7,0.5,0.5
7074,7,0.75,0.25
7075,7,1.0,0.0
7076,7,0.5,0.5
7077,7,0.5,0.5
7078,7,0.5,0.5
7079,7,1.0,0.0
7080,7,1.0,0.0
7081,7,0.0,1.0
7082,7,0.0,1.0
7083,7,1.0,0.0
7084,7,1.0,0.0
7085,7,0.75,0.25
7086,7,1.0,0.0
7087,7,0.0,1.0
7088,7,0.5,0.5
7089,7,0.5,0.5
7090,7,0.5,0.5
7091,7,0.5,0.5
7092,7,0.75,0.25
7093,7,0.75,0.25
7094,7,1.0,0.0
7095,7,0.5,0.5
7096,7,0.5,0.5
7097,7,1.0,0.0
7098,7,1.0,0.0
7099,7,0.0,1.0
7100,7,1.0,0.0
7101,7,1.0,0.0
7102,7,0.75,0.25
7103,7,1.0,0.0
7104,7,0.5,0.5
7105,7,1.0,0.0
7106,7,1.0,0.0
7107,7,0.0,1.0
7108,7,0.0,1.0
7109,7,0.0,1.0
7110,7,1.0,0.0
7111,7,1.0,0.0
7112,7,1.0,0.0
7113,7,0.5,0.5
7114,7,0.0,1.0
7115,7,0.5,0.5
7116,7,0.5,0.5
7117,7,0.0,1.0
7118,7,0.5,0.5
7119,7,0.0,1.0
7120,7,0.5,0.5
7121,7,1.0,0.0
7122,7,0.0,1.0
7123,7,0.5,0.5
7124,7,0.0,1.0
7125,7,0.0,1.0
7126,7,0.0,1.0
7127,7,1.0,0.0
7128,7,0.0,1.0
7129,7,0.5,0.5
7130,7,1.0,0.0
7131,7,0.5,0.5
7132,7,0.0,1.0
7133,7,1.0,0.0
7134,7,0.6666666666666667,0.3333333333333333
7135,7,0.5,0.5
7136,7,0.6666666666666667,0.3333333333333333
7137,7,1.0,0.0
7138,7,0.0,1.0
7139,7,0.5,0.5
7140,7,0.0,1.0
7141,7,0.5,0.5
7142,7,0.5,0.5
7143,7,0.5,0.5
7144,7,0.5,0.5
7145,7,0.0,1.0
7146,7,0.75,0.25
7147,7,1.0,0.0
7148,7,0.5,0.5
7149,7,0.5,0.5
7150,7,0.0,1.0
7151,7,1.0,0.0
7152,7,0.0,1.0
7153,7,0.5,0.5
7154,7,1.0,0.0
7155,7,0.5,0.5
7156,7,1.0,0.0
7157,7,0.5,0.5
7158,7,0.0,1.0
7159,7,0.5,0.5
7160,7,0.5,0.5
7161,7,0.5,0.5
7162,7,0.5,0.5
7163,7,1.0,0.0
7164,7,1.0,0.0
7165,7,1.0,0.0
7166,7,1.0,0.0
7167,7,1.0,0.0
7168,7,0.0,1.0
7169,7,1.0,0.0
7170,7,1.0,0.0
7171,7,1.0,0.0
7172,7,0.5,0.5
7173,7,0.25,0.75
7174,7,0.0,1.0
7175,7,0.0,1.0
7176,7,1.0,0.0
7177,7,1.0,0.0
7178,7,1.0,0.0
7179,7,1.0,0.0
7180,7,0.5,0.5
7181,7,0.5,0.5
7182,7,0.5,0.5
7183,7,0.0,1.0
7184,7,0.0,1.0
7185,7,0.0,1.0
7186,7,0.5,0.5
7187,7,0.0,1.0
7188,7,1.0,0.0
7189,7,1.0,0.0
7190,7,0.5,0.5
7191,7,1.0,0.0
7192,7,1.0,0.0
7193,7,1.0,0.0
7194,7,0.0,1.0
7195,7,1.0,0.0
7196,7,1.0,0.0
7197,7,1.0,0.0
7198,7,0.0,1.0
7199,7,1.0,0.0
7200,7,1.0,0.0
7201,7,1.0,0.0
7202,7,0.625,0.375
7203,7,1.0,0.0
7204,7,1.0,0.0
7205,7,1.0,0.0
7206,7,0.0,1.0
7207,7,1.0,0.0
7208,7,0.5,0.5
7209,7,0.5,0.5
7210,7,0.5,0.5
7211,7,1.0,0.0
7212,7,1.0,0.0
7213,7,1.0,0.0
7214,7,0.8333333333333334,0.16666666666666666
7215,7,1.0,0.0
7216,7,1.0,0.0
7217,7,1.0,0.0
7218,7,1.0,0.0
7219,7,0.5,0.5
7220,7,0.5,0.5
7221,7,1.0,0.0
7222,7,0.5,0.5
7223,7,0.5,0.5
7224,7,1.0,0.0
7225,7,1.0,0.0
7226,7,1.0,0.0
7227,7,0.0,1.0
7228,7,0.5,0.5
7229,7,0.5,0.5
7230,7,0.5,0.5
7231,7,0.5,0.5
7232,7,0.5,0.5
7233,7,0.8333333333333334,0.16666666666666666
7234,7,0.625,0.375
7235,7,0.6666666666666667,0.3333333333333333
7236,7,1.0,0.0
7237,7,1.0,0.0
7238,7,1.0,0.0
7239,7,0.5568181818181819,0.4431818181818182
7240,7,0.6666666666666667,0.3333333333333333
7241,7,1.0,0.0
7242,7,0.5,0.5
7243,7,1.0,0.0
7244,7,1.0,0.0
7245,7,0.0,1.0
7246,7,0.625,0.375
7247,7,0.5,0.5
7248,7,0.4,0.6
7249,7,1.0,0.0
7250,7,0.0,1.0
7251,7,1.0,0.0
7252,7,0.5,0.5
7253,7,0.5,0.5
7254,7,0.5,0.5
7255,7,1.0,0.0
7256,7,1.0,0.0
7257,7,0.5,0.5
7258,7,1.0,0.0
7259,7,0.5,0.5
7260,7,1.0,0.0
7261,7,0.0,1.0
7262,7,0.7857142857142857,0.21428571428571427
7263,7,0.75,0.25
7264,7,0.0,1.0
7265,7,1.0,0.0
7266,7,0.6,0.4
7267,7,0.0,1.0
7268,7,1.0,0.0
7269,7,0.75,0.25
7270,7,0.75,0.25
7271,7,0.6666666666666667,0.3333333333333333
7272,7,1.0,0.0
7273,7,0.5,0.5
7274,7,0.5,0.5
7275,7,1.0,0.0
7276,7,0.5,0.5
7277,7,0.5,0.5
7278,7,1.0,0.0
7279,7,0.5476190476190477,0.4523809523809524
7280,7,0.5,0.5
7281,7,0.5,0.5
7282,7,0.16666666666666663,0.8333333333333334
7283,7,0.5,0.5
7284,7,0.8333333333333334,0.16666666666666666
7285,7,0.5,0.5
7286,7,1.0,0.0
7287,7,1.0,0.0
7288,7,0.5,0.5
7289,7,1.0,0.0
7290,7,0.5,0.5
7291,7,0.625,0.375
7292,7,0.6818181818181819,0.3181818181818182
7293,7,1.0,0.0
7294,7,1.0,0.0
7295,7,1.0,0.0
7296,7,0.5,0.5
7297,7,1.0,0.0
7298,7,0.5,0.5
7299,7,0.5,0.5
7300,7,0.0,1.0
7301,7,0.0,1.0
7302,7,0.5,0.5
7303,7,0.0,1.0
7304,7,0.0,1.0
7305,7,1.0,0.0
7306,7,0.625,0.375
7307,7,1.0,0.0
7308,7,1.0,0.0
7309,7,0.75,0.25
7310,7,1.0,0.0
7311,7,1.0,0.0
7312,7,1.0,0.0
7313,7,0.5,0.5
7314,7,1.0,0.0
7315,7,1.0,0.0
7316,7,0.5,0.5
7317,7,1.0,0.0
7318,7,0.0,1.0
7319,7,1.0,0.0
7320,7,0.5,0.5
7321,7,0.5,0.5
7322,7,1.0,0.0
7323,7,1.0,0.0
7324,7,0.5,0.5
7325,7,0.75,0.25
7326,7,1.0,0.0
7327,7,0.5,0.5
7328,7,0.5,0.5
7329,7,1.0,0.0
7330,7,0.8333333333333334,0.16666666666666666
7331,7,0.5,0.5
7332,7,0.0,1.0
7333,7,1.0,0.0
7334,7,1.0,0.0
7335,7,0.5,0.5
7336,7,0.5,0.5
7337,7,0.5,0.5
7338,7,0.0,1.0
7339,7,0.5,0.5
7340,7,0.5,0.5
7341,7,0.5,0.5
7342,7,0.5,0.5
7343,7,1.0,0.0
7344,7,0.75,0.25
7345,7,1.0,0.0
7346,7,0.0,1.0
7347,7,0.5,0.5
7348,7,0.5,0.5
7349,7,1.0,0.0
7350,7,0.5,0.5
7351,7,0.6666666666666667,0.3333333333333333
7352,7,0.5,0.5
7353,7,0.0,1.0
7354,7,0.5,0.5
7355,7,0.0,1.0
7356,7,1.0,0.0
7357,7,0.5714285714285714,0.42857142857142855
7358,7,0.5,0.5
7359,7,0.5,0.5
7360,7,0.5,0.5
7361,7,0.0,1.0
7362,7,0.0,1.0
7363,7,0.5,0.5
7364,7,0.5,0.5
7365,7,0.85,0.15
7366,7,1.0,0.0
7367,7,1.0,0.0
7368,7,0.5,0.5
7369,7,0.5,0.5
7370,7,0.0,1.0
7371,7,0.75,0.25
7372,7,0.5,0.5
7373,7,1.0,0.0
7374,7,0.5,0.5
7375,7,0.0,1.0
7376,7,0.75,0.25
7377,7,1.0,0.0
7378,7,0.0,1.0
7379,7,0.0,1.0
7380,7,0.5,0.5
7381,7,0.5,0.5
7382,7,1.0,0.0
7383,7,0.5,0.5
7384,7,0.6666666666666667,0.3333333333333333
7385,7,0.6739130434782609,0.32608695652173914
7386,7,0.625,0.375
7387,7,0.6666666666666667,0.3333333333333333
7388,7,0.5961538461538461,0.40384615384615385
7389,7,0.6363636363636364,0.36363636363636365
7390,7,0.6818181818181819,0.3181818181818182
7391,7,0.75,0.25
7392,7,0.6578947368421053,0.34210526315789475
7393,7,0.25,0.75
7394,7,0.5,0.5
7395,7,0.45833333333333337,0.5416666666666666
7396,7,0.5,0.5
7397,7,0.5,0.5
7398,7,0.75,0.25
7399,7,0.0,1.0
7400,7,0.0,1.0
7401,7,0.0,1.0
7402,7,1.0,0.0
7403,7,1.0,0.0
7404,7,0.0,1.0
7405,7,1.0,0.0
7406,7,0.30000000000000004,0.7
7407,7,0.5,0.5
7408,7,0.7,0.3
7409,7,1.0,0.0
7410,7,1.0,0.0
7411,7,0.0,1.0
7412,7,0.375,0.625
7413,7,0.75,0.25
7414,7,1.0,0.0
7415,7,0.5,0.5
7416,7,0.8333333333333334,0.16666666666666666
7417,7,0.5,0.5
7418,7,0.5,0.5
7419,7,0.33333333333333337,0.6666666666666666
7420,7,0.0,1.0
7421,7,0.5,0.5
7422,7,0.6666666666666667,0.3333333333333333
7423,7,1.0,0.0
7424,7,0.125,0.875
7425,7,0.5,0.5
7426,7,0.5,0.5
7427,7,0.5,0.5
7428,7,1.0,0.0
7429,7,1.0,0.0
7430,7,0.5,0.5
7431,7,1.0,0.0
7432,7,0.5,0.5
7433,7,0.75,0.25
7434,7,0.5,0.5
7435,7,1.0,0.0
7436,7,0.5,0.5
7437,7,0.25,0.75
7438,7,1.0,0.0
7439,7,0.0,1.0
7440,7,0.5,0.5
7441,7,1.0,0.0
7442,7,1.0,0.0
7443,7,1.0,0.0
7444,7,1.0,0.0
7445,7,1.0,0.0
7446,7,1.0,0.0
7447,7,1.0,0.0
7448,7,1.0,0.0
7449,7,0.5,0.5
7450,7,0.6,0.4
7451,7,1.0,0.0
7452,7,0.6363636363636364,0.36363636363636365
7453,7,0.5,0.5
7454,7,0.5,0.5
7455,7,1.0,0.0
7456,7,0.875,0.125
7457,7,1.0,0.0
7458,7,0.5,0.5
7459,7,1.0,0.0
7460,7,0.6666666666666667,0.3333333333333333
7461,7,0.6666666666666667,0.3333333333333333
7462,7,0.25,0.75
7463,7,0.5,0.5
7464,7,1.0,0.0
7465,7,1.0,0.0
7466,7,0.7,0.3
7467,7,0.9166666666666666,0.08333333333333333
7468,7,1.0,0.0
7469,7,0.6666666666666667,0.3333333333333333
7470,7,0.5,0.5
7471,7,0.0,1.0
7472,7,0.5,0.5
7473,7,0.7777777777777778,0.2222222222222222
7474,7,0.0,1.0
7475,7,1.0,0.0
7476,7,0.5,0.5
7477,7,0.0,1.0
7478,7,0.5,0.5
7479,7,0.5,0.5
7480,7,0.75,0.25
7481,7,0.625,0.375
7482,7,0.33333333333333337,0.6666666666666666
7483,7,1.0,0.0
7484,7,1.0,0.0
7485,7,1.0,0.0
7486,7,0.5,0.5
7487,7,1.0,0.0
7488,7,1.0,0.0
7489,7,0.0,1.0
7490,7,1.0,0.0
7491,7,0.75,0.25
7492,7,0.875,0.125
7493,7,0.75,0.25
7494,7,0.75,0.25
7495,7,0.75,0.25
7496,7,0.7142857142857143,0.2857142857142857
7497,7,0.5,0.5
7498,7,0.0,1.0
7499,7,1.0,0.0
7500,7,0.8,0.2
7501,7,0.5,0.5
7502,7,0.6190476190476191,0.38095238095238093
7503,7,0.6052631578947368,0.39473684210526316
7504,7,0.5,0.5
7505,7,1.0,0.0
7506,7,1.0,0.0
7507,7,0.5,0.5
7508,7,0.5652173913043479,0.43478260869565216
7509,7,0.5714285714285714,0.42857142857142855
7510,7,1.0,0.0
7511,7,0.0,1.0
7512,7,0.0,1.0
7513,7,0.5,0.5
7514,7,1.0,0.0
7515,7,1.0,0.0
7516,7,0.75,0.25
7517,7,0.75,0.25
7518,7,1.0,0.0
7519,7,0.5,0.5
7520,7,0.0,1.0
7521,7,0.0,1.0
7522,7,1.0,0.0
7523,7,0.0,1.0
7524,7,0.5,0.5
7525,7,0.0,1.0
7526,7,0.0,1.0
7527,7,1.0,0.0
7528,7,0.0,1.0
7529,7,0.5,0.5
7530,7,0.0,1.0
7531,7,0.25,0.75
7532,7,1.0,0.0
7533,7,0.75,0.25
7534,7,1.0,0.0
7535,7,0.0,1.0
7536,7,1.0,0.0
7537,7,1.0,0.0
7538,7,0.0,1.0
7539,7,0.0,1.0
7540,7,0.5,0.5
7541,7,0.33333333333333337,0.6666666666666666
7542,7,0.25,0.75
7543,7,0.25,0.75
7544,7,0.0,1.0
7545,7,0.0,1.0
7546,7,0.0,1.0
7547,7,1.0,0.0
7548,7,1.0,0.0
7549,7,0.75,0.25
7550,7,1.0,0.0
7551,7,0.5,0.5
7552,7,1.0,0.0
7553,7,1.0,0.0
7554,7,0.5,0.5
7555,7,1.0,0.0
7556,7,0.75,0.25
7557,7,1.0,0.0
7558,7,1.0,0.0
7559,7,0.5,0.5
7560,7,1.0,0.0
7561,7,0.8,0.2
7562,7,0.5172413793103448,0.4827586206896552
7563,7,0.575,0.425
7564,7,0.5526315789473684,0.4473684210526316
7565,7,1.0,0.0
7566,7,1.0,0.0
7567,7,1.0,0.0
7568,7,1.0,0.0
7569,7,1.0,0.0
7570,7,0.5,0.5
7571,7,1.0,0.0
7572,7,1.0,0.0
7573,7,0.0,1.0
7574,7,1.0,0.0
7575,7,0.5,0.5
7576,7,1.0,0.0
7577,7,0.5,0.5
7578,7,0.4107142857142857,0.5892857142857143
7579,7,0.0,1.0
7580,7,0.5,0.5
7581,7,0.8333333333333334,0.16666666666666666
7582,7,0.5,0.5
7583,7,0.5,0.5
7584,7,0.0,1.0
7585,7,0.0,1.0
7586,7,0.0,1.0
7587,7,0.0,1.0
7588,7,0.0,1.0
7589,7,0.0,1.0
7590,7,1.0,0.0
7591,7,1.0,0.0
7592,7,0.75,0.25
7593,7,0.0,1.0
7594,7,1.0,0.0
7595,7,0.0,1.0
7596,7,0.0,1.0
7597,7,0.0,1.0
7598,7,0.0,1.0
7599,7,1.0,0.0
7600,7,1.0,0.0
7601,7,1.0,0.0
7602,7,1.0,0.0
7603,7,0.125,0.875
7604,7,0.19999999999999996,0.8
7605,7,1.0,0.0
7606,7,0.0,1.0
7607,7,1.0,0.0
7608,7,1.0,0.0
7609,7,1.0,0.0
7610,7,0.0,1.0
7611,7,0.5,0.5
7612,7,0.25,0.75
7613,7,0.0,1.0
7614,7,0.6,0.4
7615,7,0.25,0.75
7616,7,0.5,0.5
7617,7,0.75,0.25
7618,7,0.5,0.5
7619,7,1.0,0.0
7620,7,0.5,0.5
7621,7,1.0,0.0
7622,7,0.5,0.5
7623,7,0.5,0.5
7624,7,1.0,0.0
7625,7,1.0,0.0
7626,7,1.0,0.0
7627,7,0.75,0.25
7628,7,0.25,0.75
7629,7,0.5,0.5
7630,7,1.0,0.0
7631,7,0.0,1.0
7632,7,1.0,0.0
7633,7,0.75,0.25
7634,7,0.5,0.5
7635,7,0.5,0.5
7636,7,0.0,1.0
7637,7,0.0,1.0
7638,7,1.0,0.0
7639,7,0.0,1.0
7640,7,0.0,1.0
7641,7,0.0,1.0
7642,7,0.0,1.0
7643,7,0.2777777777777778,0.7222222222222222
7644,7,0.0,1.0
7645,7,1.0,0.0
7646,7,1.0,0.0
7647,7,0.5,0.5
7648,7,1.0,0.0
7649,7,1.0,0.0
7650,7,0.0,1.0
7651,7,0.0,1.0
7652,7,0.0,1.0
7653,7,1.0,0.0
7654,7,0.95,0.05
7655,7,1.0,0.0
7656,7,0.5,0.5
7657,7,1.0,0.0
7658,7,0.5,0.5
7659,7,1.0,0.0
7660,7,0.5,0.5
7661,7,1.0,0.0
7662,7,0.5,0.5
7663,7,0.0,1.0
7664,7,1.0,0.0
7665,7,0.8333333333333334,0.16666666666666666
7666,7,0.75,0.25
7667,7,0.0,1.0
7668,7,0.0,1.0
7669,7,0.5,0.5
7670,7,0.5,0.5
7671,7,1.0,0.0
7672,7,0.5,0.5
7673,7,0.5,0.5
7674,7,0.5,0.5
7675,7,0.75,0.25
7676,7,0.0,1.0
7677,7,1.0,0.0
7678,7,0.5,0.5
7679,7,0.33333333333333337,0.6666666666666666
7680,7,0.75,0.25
7681,7,0.0,1.0
7682,7,1.0,0.0
7683,7,0.5,0.5
7684,7,0.375,0.625
7685,7,0.5,0.5
7686,7,0.25,0.75
7687,7,0.0,1.0
7688,7,0.0,1.0
7689,7,0.5,0.5
7690,7,0.25,0.75
7691,7,0.5,0.5
7692,7,1.0,0.0
7693,7,0.0,1.0
7694,7,1.0,0.0
7695,7,1.0,0.0
7696,7,1.0,0.0
7697,7,1.0,0.0
7698,7,1.0,0.0
7699,7,0.19999999999999996,0.8
7700,7,0.5,0.5
7701,7,0.0,1.0
7702,7,0.6666666666666667,0.3333333333333333
7703,7,0.25,0.75
7704,7,0.5,0.5
7705,7,0.0,1.0
7706,7,0.0,1.0
7707,7,0.25,0.75
7708,7,0.4666666666666667,0.5333333333333333
7709,7,1.0,0.0
7710,7,1.0,0.0
7711,7,0.0,1.0
7712,7,0.5,0.5
7713,7,1.0,0.0
7714,7,0.5,0.5
7715,7,0.0,1.0
7716,7,0.5625,0.4375
7717,7,0.625,0.375
7718,7,0.5,0.5
7719,7,0.625,0.375
7720,7,0.6666666666666667,0.3333333333333333
7721,7,1.0,0.0
7722,7,0.5,0.5
7723,7,1.0,0.0
7724,7,0.5,0.5
7725,7,0.0,1.0
7726,7,0.0,1.0
7727,7,0.0,1.0
7728,7,1.0,0.0
7729,7,0.5,0.5
7730,7,0.5,0.5
7731,7,1.0,0.0
7732,7,1.0,0.0
7733,7,1.0,0.0
7734,7,1.0,0.0
7735,7,0.0,1.0
7736,7,0.5,0.5
7737,7,0.5,0.5
7738,7,0.5,0.5
7739,7,1.0,0.0
7740,7,0.0,1.0
7741,7,0.0,1.0
7742,7,0.5714285714285714,0.42857142857142855
7743,7,0.0,1.0
7744,7,0.5,0.5
7745,7,1.0,0.0
7746,7,0.0,1.0
7747,7,0.5,0.5
7748,7,1.0,0.0
7749,7,0.5,0.5
7750,7,0.5,0.5
7751,7,0.125,0.875
7752,7,0.5,0.5
7753,7,0.5,0.5
7754,7,1.0,0.0
7755,7,0.0,1.0
7756,7,0.0,1.0
7757,7,0.5,0.5
7758,7,1.0,0.0
7759,7,1.0,0.0
7760,7,0.0,1.0
7761,7,0.0,1.0
7762,7,0.33333333333333337,0.6666666666666666
7763,7,0.75,0.25
7764,7,0.5,0.5
7765,7,0.5,0.5
7766,7,1.0,0.0
7767,7,0.75,0.25
7768,7,0.4,0.6
7769,7,1.0,0.0
7770,7,1.0,0.0
7771,7,0.5,0.5
7772,7,0.0,1.0
7773,7,0.0,1.0
7774,7,0.25,0.75
7775,7,0.0,1.0
7776,7,0.7,0.3
7777,7,1.0,0.0
7778,7,0.0,1.0
7779,7,0.5,0.5
7780,7,0.0,1.0
7781,7,0.0,1.0
7782,7,0.5,0.5
7783,7,0.0,1.0
7784,7,1.0,0.0
7785,7,0.0,1.0
7786,7,0.0,1.0
7787,7,1.0,0.0
7788,7,1.0,0.0
7789,7,0.5,0.5
7790,7,0.33333333333333337,0.6666666666666666
7791,7,0.5,0.5
7792,7,1.0,0.0
7793,7,0.5,0.5
7794,7,0.5,0.5
7795,7,0.25,0.75
7796,7,0.5,0.5
7797,7,1.0,0.0
7798,7,1.0,0.0
7799,7,1.0,0.0
7800,7,0.0,1.0
7801,7,0.0,1.0
7802,7,0.0,1.0
7803,7,1.0,0.0
7804,7,0.0,1.0
7805,7,0.19999999999999996,0.8
7806,7,0.0,1.0
7807,7,1.0,0.0
7808,7,0.0,1.0
7809,7,0.0,1.0
7810,7,0.5,0.5
7811,7,1.0,0.0
7812,7,0.5,0.5
7813,7,0.0,1.0
7814,7,1.0,0.0
7815,7,0.5,0.5
7816,7,0.25,0.75
7817,7,0.5,0.5
7818,7,1.0,0.0
7819,7,0.5,0.5
7820,7,1.0,0.0
7821,7,1.0,0.0
7822,7,1.0,0.0
7823,7,0.0,1.0
7824,7,0.5,0.5
7825,7,0.5,0.5
7826,7,0.5,0.5
7827,7,1.0,0.0
7828,7,1.0,0.0
7829,7,0.25,0.75
7830,7,0.0,1.0
7831,7,0.0,1.0
7832,7,0.5,0.5
7833,7,1.0,0.0
7834,7,0.5,0.5
7835,7,0.5,0.5
7836,7,0.0,1.0
7837,7,1.0,0.0
7838,7,0.0,1.0
7839,7,1.0,0.0
7840,7,1.0,0.0
7841,7,0.0,1.0
7842,7,0.0,1.0
7843,7,1.0,0.0
7844,7,0.5,0.5
7845,7,0.6666666666666667,0.3333333333333333
7846,7,0.5,0.5
7847,7,1.0,0.0
7848,7,0.75,0.25
7849,7,1.0,0.0
7850,7,0.25,0.75
7851,7,0.75,0.25
7852,7,1.0,0.0
7853,7,1.0,0.0
7854,7,1.0,0.0
7855,7,1.0,0.0
7856,7,0.5,0.5
7857,7,0.5,0.5
7858,7,0.5,0.5
7859,7,0.7,0.3
7860,7,1.0,0.0
7861,7,1.0,0.0
7862,7,0.75,0.25
7863,7,0.5,0.5
7864,7,0.5,0.5
7865,7,0.0,1.0
7866,7,1.0,0.0
7867,7,1.0,0.0
7868,7,0.25,0.75
7869,7,0.0,1.0
7870,7,0.0,1.0
7871,7,0.5,0.5
7872,7,1.0,0.0
7873,7,0.0,1.0
7874,7,1.0,0.0
7875,7,1.0,0.0
7876,7,1.0,0.0
7877,7,0.5,0.5
7878,7,1.0,0.0
7879,7,1.0,0.0
7880,7,0.0,1.0
7881,7,0.5,0.5
7882,7,0.0,1.0
7883,7,1.0,0.0
7884,7,0.75,0.25
7885,7,0.5,0.5
7886,7,0.0,1.0
7887,7,0.5,0.5
7888,7,0.0,1.0
7889,7,1.0,0.0
7890,7,1.0,0.0
7891,7,1.0,0.0
7892,7,1.0,0.0
7893,7,0.0,1.0
7894,7,1.0,0.0
7895,7,1.0,0.0
7896,7,1.0,0.0
7897,7,1.0,0.0
7898,7,0.5,0.5
7899,7,0.375,0.625
7900,7,0.5,0.5
7901,7,1.0,0.0
7902,7,0.0,1.0
7903,7,0.0,1.0
7904,7,0.0,1.0
7905,7,0.0,1.0
7906,7,0.5,0.5
7907,7,0.0,1.0
7908,7,1.0,0.0
7909,7,1.0,0.0
7910,7,0.5,0.5
7911,7,0.5,0.5
7912,7,1.0,0.0
7913,7,1.0,0.0
7914,7,0.5,0.5
7915,7,0.5,0.5
7916,7,0.5,0.5
7917,7,1.0,0.0
7918,7,0.0,1.0
7919,7,0.5,0.5
7920,7,0.0,1.0
7921,7,0.5,0.5
7922,7,0.5,0.5
7923,7,0.5,0.5
7924,7,1.0,0.0
7925,7,0.75,0.25
7926,7,0.0,1.0
7927,7,1.0,0.0
7928,7,0.0,1.0
7929,7,0.0,1.0
7930,7,1.0,0.0
7931,7,1.0,0.0
7932,7,1.0,0.0
7933,7,1.0,0.0
7934,7,0.5,0.5
7935,7,1.0,0.0
7936,7,1.0,0.0
7937,7,1.0,0.0
7938,7,0.0,1.0
7939,7,1.0,0.0
7940,7,0.5,0.5
7941,7,0.0,1.0
7942,7,1.0,0.0
7943,7,1.0,0.0
7944,7,0.75,0.25
7945,7,1.0,0.0
7946,7,0.5,0.5
7947,7,0.0,1.0
7948,7,1.0,0.0
7949,7,0.5,0.5
7950,7,0.0,1.0
7951,7,0.5,0.5
7952,7,0.25,0.75
7953,7,1.0,0.0
7954,7,0.0,1.0
7955,7,0.5,0.5
7956,7,1.0,0.0
7957,7,0.0,1.0
7958,7,0.0,1.0
7959,7,0.25,0.75
7960,7,1.0,0.0
7961,7,0.5,0.5
7962,7,0.39655172413793105,0.603448275862069
7963,7,0.2857142857142857,0.7142857142857143
7964,7,0.0,1.0
7965,7,0.5,0.5
7966,7,0.0,1.0
7967,7,0.0,1.0
7968,7,0.0,1.0
7969,7,0.0,1.0
7970,7,0.0,1.0
7971,7,0.0,1.0
7972,7,0.75,0.25
7973,7,1.0,0.0
7974,7,1.0,0.0
7975,7,0.0,1.0
7976,7,1.0,0.0
7977,7,0.0,1.0
7978,7,1.0,0.0
7979,7,0.0,1.0
7980,7,1.0,0.0
7981,7,0.5,0.5
7982,7,1.0,0.0
7983,7,0.5,0.5
7984,7,0.5,0.5
7985,7,1.0,0.0
7986,7,0.33333333333333337,0.6666666666666666
7987,7,0.0,1.0
7988,7,1.0,0.0
7989,7,0.5,0.5
7990,7,0.5,0.5
7991,7,0.5,0.5
7992,7,0.5,0.5
7993,7,0.5,0.5
7994,7,0.5,0.5
7995,7,0.16666666666666663,0.8333333333333334
7996,7,0.0,1.0
7997,7,0.5714285714285714,0.42857142857142855
7998,7,0.5,0.5
7999,7,0.0,1.0
8000,7,0.5,0.5
8001,7,0.0,1.0
8002,7,0.0,1.0
8003,7,0.9,0.1
8004,7,0.0,1.0
8005,7,0.0,1.0
8006,7,0.0,1.0
8007,7,0.0,1.0
8008,7,0.25,0.75
8009,7,0.0,1.0
8010,7,0.0,1.0
8011,7,0.5,0.5
8012,7,0.5,0.5
8013,7,1.0,0.0
8014,7,0.16666666666666663,0.8333333333333334
8015,7,0.0,1.0
8016,7,0.125,0.875
8017,7,0.6666666666666667,0.3333333333333333
8018,7,1.0,0.0
8019,7,0.5,0.5
8020,7,0.25,0.75
8021,7,0.25,0.75
8022,7,1.0,0.0
8023,7,0.0,1.0
8024,7,0.29166666666666663,0.7083333333333334
8025,7,0.125,0.875
8026,7,1.0,0.0
8027,7,0.16666666666666663,0.8333333333333334
8028,7,0.0,1.0
8029,7,0.0,1.0
8030,7,0.6666666666666667,0.3333333333333333
8031,7,1.0,0.0
8032,7,0.0,1.0
8033,7,0.41666666666666663,0.5833333333333334
8034,7,0.0,1.0
8035,7,0.25,0.75
8036,7,0.5,0.5
8037,7,0.25,0.75
8038,7,1.0,0.0
8039,7,1.0,0.0
8040,7,0.5,0.5
8041,7,1.0,0.0
8042,7,1.0,0.0
8043,7,0.0,1.0
8044,7,0.0,1.0
8045,7,0.5,0.5
8046,7,1.0,0.0
8047,7,0.0,1.0
8048,7,1.0,0.0
8049,7,0.0,1.0
8050,7,0.5,0.5
8051,7,0.5,0.5
8052,7,0.0,1.0
8053,7,0.0,1.0
8054,7,1.0,0.0
8055,7,1.0,0.0
8056,7,1.0,0.0
8057,7,1.0,0.0
8058,7,0.5,0.5
8059,7,0.5,0.5
8060,7,0.33333333333333337,0.6666666666666666
8061,7,0.0,1.0
8062,7,0.5,0.5
8063,7,0.25,0.75
8064,7,0.0,1.0
8065,7,0.0,1.0
8066,7,0.0,1.0
8067,7,0.0,1.0
8068,7,0.5,0.5
8069,7,1.0,0.0
8070,7,0.0,1.0
8071,7,1.0,0.0
8072,7,0.0,1.0
8073,7,0.5,0.5
8074,7,0.5,0.5
8075,7,0.5,0.5
8076,7,1.0,0.0
8077,7,0.5,0.5
8078,7,0.0,1.0
8079,7,1.0,0.0
8080,7,0.5,0.5
8081,7,1.0,0.0
8082,7,1.0,0.0
8083,7,0.5,0.5
8084,7,0.5,0.5
8085,7,1.0,0.0
8086,7,0.5,0.5
8087,7,0.0,1.0
8088,7,0.0,1.0
8089,7,0.16666666666666663,0.8333333333333334
8090,7,0.0,1.0
8091,7,1.0,0.0
8092,7,0.0,1.0
8093,7,0.75,0.25
8094,7,0.5,0.5
8095,7,1.0,0.0
8096,7,0.5,0.5
8097,7,0.5,0.5
8098,7,0.6666666666666667,0.3333333333333333
8099,7,0.25,0.75
8100,7,0.0,1.0
8101,7,0.5,0.5
8102,7,0.0,1.0
8103,7,0.33333333333333337,0.6666666666666666
8104,7,0.0,1.0
8105,7,1.0,0.0
8106,7,0.09999999999999998,0.9
8107,7,1.0,0.0
8108,7,0.5,0.5
8109,7,0.5,0.5
8110,7,0.0,1.0
8111,7,0.0,1.0
8112,7,0.0,1.0
8113,7,0.5,0.5
8114,7,0.0,1.0
8115,7,0.0,1.0
8116,7,0.0,1.0
8117,7,0.5,0.5
8118,7,0.0,1.0
8119,7,1.0,0.0
8120,7,1.0,0.0
8121,7,1.0,0.0
8122,7,1.0,0.0
8123,7,1.0,0.0
8124,7,1.0,0.0
8125,7,0.0,1.0
8126,7,0.33333333333333337,0.6666666666666666
8127,7,0.375,0.625
8128,7,0.0,1.0
8129,7,0.0,1.0
8130,7,0.0,1.0
8131,7,0.5,0.5
8132,7,1.0,0.0
8133,7,0.0,1.0
8134,7,0.0,1.0
8135,7,0.625,0.375
8136,7,1.0,0.0
8137,7,0.5,0.5
8138,7,1.0,0.0
8139,7,0.6666666666666667,0.3333333333333333
8140,7,0.0,1.0
8141,7,1.0,0.0
8142,7,0.0,1.0
8143,7,0.0,1.0
8144,7,0.0,1.0
8145,7,0.0,1.0
8146,7,0.25,0.75
8147,7,1.0,0.0
8148,7,0.5,0.5
8149,7,0.0,1.0
8150,7,1.0,0.0
8151,7,1.0,0.0
8152,7,0.25,0.75
8153,7,0.5,0.5
8154,7,1.0,0.0
8155,7,1.0,0.0
8156,7,1.0,0.0
8157,7,0.6666666666666667,0.3333333333333333
8158,7,1.0,0.0
8159,7,0.5,0.5
8160,7,0.0,1.0
8161,7,0.5,0.5
8162,7,0.0,1.0
8163,7,0.75,0.25
8164,7,1.0,0.0
8165,7,0.0,1.0
8166,7,0.0,1.0
8167,7,0.0,1.0
8168,7,0.0,1.0
8169,7,1.0,0.0
8170,7,0.625,0.375
8171,7,0.0,1.0
8172,7,0.5,0.5
8173,7,0.5,0.5
8174,7,1.0,0.0
8175,7,0.0,1.0
8176,7,1.0,0.0
8177,7,0.5,0.5
8178,7,0.0,1.0
8179,7,0.25,0.75
8180,7,0.5,0.5
8181,7,1.0,0.0
8182,7,1.0,0.0
8183,7,0.0,1.0
8184,7,0.0,1.0
8185,7,0.25,0.75
8186,7,0.5,0.5
8187,7,0.0,1.0
8188,7,1.0,0.0
8189,7,0.25,0.75
8190,7,0.25,0.75
8191,7,0.0,1.0
8192,7,0.5,0.5
8193,7,0.0,1.0
8194,7,1.0,0.0
8195,7,1.0,0.0
8196,7,0.0,1.0
8197,7,1.0,0.0
8198,7,0.6666666666666667,0.3333333333333333
8199,7,0.5,0.5
8200,7,0.0,1.0
8201,7,0.5,0.5
8202,7,1.0,0.0
8203,7,0.5,0.5
8204,7,0.5,0.5
8205,7,0.75,0.25
8206,7,1.0,0.0
8207,7,0.0,1.0
8208,7,0.5,0.5
8209,7,1.0,0.0
8210,7,0.0,1.0
8211,7,0.5,0.5
8212,7,0.0,1.0
8213,7,0.0,1.0
8214,7,0.25,0.75
8215,7,0.0,1.0
8216,7,0.0,1.0
8217,7,1.0,0.0
8218,7,0.25,0.75
8219,7,0.0,1.0
8220,7,0.5,0.5
8221,7,1.0,0.0
8222,7,0.25,0.75
8223,7,0.5,0.5
8224,7,1.0,0.0
8225,7,0.25,0.75
8226,7,0.0,1.0
8227,7,0.0,1.0
8228,7,1.0,0.0
8229,7,1.0,0.0
8230,7,0.30000000000000004,0.7
8231,7,0.5,0.5
8232,7,0.75,0.25
8233,7,0.5,0.5
8234,7,0.625,0.375
8235,7,0.5,0.5
8236,7,0.0,1.0
8237,7,0.0,1.0
8238,7,0.0,1.0
8239,7,0.5,0.5
8240,7,1.0,0.0
8241,7,1.0,0.0
8242,7,0.0,1.0
8243,7,0.0,1.0
8244,7,0.5,0.5
8245,7,1.0,0.0
8246,7,0.2954545454545454,0.7045454545454546
8247,7,1.0,0.0
8248,7,0.0,1.0
8249,7,0.0,1.0
8250,7,0.0,1.0
8251,7,0.5,0.5
8252,7,0.5,0.5
8253,7,0.0,1.0
8254,7,0.0,1.0
8255,7,1.0,0.0
8256,7,1.0,0.0
8257,7,0.5,0.5
8258,7,1.0,0.0
8259,7,0.5,0.5
8260,7,1.0,0.0
8261,7,1.0,0.0
8262,7,1.0,0.0
8263,7,1.0,0.0
8264,7,0.0,1.0
8265,7,0.0,1.0
8266,7,0.5,0.5
8267,7,0.0,1.0
8268,7,1.0,0.0
8269,7,1.0,0.0
8270,7,0.0,1.0
8271,7,1.0,0.0
8272,7,0.0,1.0
8273,7,0.0,1.0
8274,7,0.0,1.0
8275,7,1.0,0.0
8276,7,0.0,1.0
8277,7,0.0,1.0
8278,7,0.4375,0.5625
8279,7,0.33333333333333337,0.6666666666666666
8280,7,0.0,1.0
8281,7,1.0,0.0
8282,7,1.0,0.0
8283,7,1.0,0.0
8284,7,0.0,1.0
8285,7,0.0,1.0
8286,7,0.5,0.5
8287,7,0.25,0.75
8288,7,0.5,0.5
8289,7,1.0,0.0
8290,7,1.0,0.0
8291,7,1.0,0.0
8292,7,0.5,0.5
8293,7,0.5,0.5
8294,7,0.5,0.5
8295,7,0.0,1.0
8296,7,0.5,0.5
8297,7,1.0,0.0
8298,7,0.0,1.0
8299,7,0.0,1.0
8300,7,0.0,1.0
8301,7,0.0,1.0
8302,7,0.0,1.0
8303,7,0.1428571428571429,0.8571428571428571
8304,7,0.0,1.0
8305,7,0.0,1.0
8306,7,0.25,0.75
8307,7,0.0,1.0
8308,7,0.0,1.0
8309,7,0.0,1.0
8310,7,0.0,1.0
8311,7,1.0,0.0
8312,7,1.0,0.0
8313,7,0.5,0.5
8314,7,0.75,0.25
8315,7,0.0,1.0
8316,7,0.25,0.75
8317,7,0.5,0.5
8318,7,1.0,0.0
8319,7,0.0,1.0
8320,7,0.0,1.0
8321,7,0.0,1.0
8322,7,0.5,0.5
8323,7,1.0,0.0
8324,7,1.0,0.0
8325,7,0.0,1.0
8326,7,0.0,1.0
8327,7,0.0,1.0
8328,7,0.0,1.0
8329,7,0.5,0.5
8330,7,0.0,1.0
8331,7,1.0,0.0
8332,7,0.5,0.5
8333,7,0.5,0.5
8334,7,0.625,0.375
8335,7,0.33333333333333337,0.6666666666666666
8336,7,0.5,0.5
8337,7,1.0,0.0
8338,7,1.0,0.0
8339,7,0.5,0.5
8340,7,0.0,1.0
8341,7,0.5,0.5
8342,7,0.5,0.5
8343,7,0.0,1.0
8344,7,1.0,0.0
8345,7,0.0,1.0
8346,7,0.0,1.0
8347,7,0.0,1.0
8348,7,0.0,1.0
8349,7,0.33333333333333337,0.6666666666666666
8350,7,0.0,1.0
8351,7,0.16666666666666663,0.8333333333333334
8352,7,1.0,0.0
8353,7,0.0,1.0
8354,7,0.0,1.0
8355,7,0.0,1.0
8356,7,1.0,0.0
8357,7,0.16666666666666663,0.8333333333333334
8358,7,0.5,0.5
8359,7,0.5,0.5
8360,7,0.0,1.0
8361,7,0.4285714285714286,0.5714285714285714
8362,7,1.0,0.0
8363,7,0.33333333333333337,0.6666666666666666
8364,7,0.5,0.5
8365,7,0.0,1.0
8366,7,0.25,0.75
8367,7,0.6785714285714286,0.32142857142857145
8368,7,0.5,0.5
8369,7,0.5,0.5
8370,7,1.0,0.0
8371,7,0.0,1.0
8372,7,0.0,1.0
8373,7,0.0,1.0
8374,7,0.0,1.0
8375,7,0.5,0.5
8376,7,0.5,0.5
8377,7,0.3571428571428571,0.6428571428571429
8378,7,0.6428571428571428,0.35714285714285715
8379,7,0.7857142857142857,0.21428571428571427
8380,7,0.0,1.0
8381,7,1.0,0.0
8382,7,0.5,0.5
8383,7,0.0,1.0
8384,7,1.0,0.0
8385,7,0.5,0.5
8386,7,0.75,0.25
8387,7,0.5,0.5
8388,7,1.0,0.0
8389,7,0.5,0.5
8390,7,0.375,0.625
8391,7,0.33333333333333337,0.6666666666666666
8392,7,0.0,1.0
8393,7,1.0,0.0
8394,7,0.1875,0.8125
8395,7,0.16666666666666663,0.8333333333333334
8396,7,0.33333333333333337,0.6666666666666666
8397,7,0.875,0.125
8398,7,0.5,0.5
8399,7,0.25,0.75
8400,7,0.5,0.5
8401,7,0.5,0.5
8402,7,1.0,0.0
8403,7,1.0,0.0
8404,7,1.0,0.0
8405,7,1.0,0.0
8406,7,1.0,0.0
8407,7,1.0,0.0
8408,7,1.0,0.0
8409,7,1.0,0.0
8410,7,1.0,0.0
8411,7,1.0,0.0
8412,7,1.0,0.0
8413,7,1.0,0.0
8414,7,1.0,0.0
8415,7,1.0,0.0
8416,7,0.0,1.0
8417,7,1.0,0.0
8418,7,0.5,0.5
8419,7,1.0,0.0
8420,7,1.0,0.0
8421,7,1.0,0.0
8422,7,1.0,0.0
8423,7,1.0,0.0
8424,7,1.0,0.0
8425,7,1.0,0.0
8426,7,1.0,0.0
8427,7,0.5,0.5
8428,7,1.0,0.0
8429,7,1.0,0.0
8430,7,1.0,0.0
8431,7,1.0,0.0
8432,7,0.0,1.0
8433,7,1.0,0.0
8434,7,1.0,0.0
8435,7,1.0,0.0
8436,7,1.0,0.0
8437,7,0.8333333333333334,0.16666666666666666
8438,7,1.0,0.0
8439,7,1.0,0.0
8440,7,1.0,0.0
8441,7,1.0,0.0
8442,7,0.0,1.0
8443,7,1.0,0.0
8444,7,1.0,0.0
8445,7,1.0,0.0
8446,7,1.0,0.0
8447,7,1.0,0.0
8448,7,1.0,0.0
8449,7,1.0,0.0
8450,7,1.0,0.0
8451,7,1.0,0.0
8452,7,1.0,0.0
8453,7,1.0,0.0
8454,7,1.0,0.0
8455,7,0.0,1.0
8456,7,1.0,0.0
8457,7,1.0,0.0
8458,7,1.0,0.0
8459,7,0.5,0.5
8460,7,1.0,0.0
8461,7,0.6666666666666667,0.3333333333333333
8462,7,1.0,0.0
8463,7,1.0,0.0
8464,7,1.0,0.0
8465,7,1.0,0.0
8466,7,1.0,0.0
8467,7,1.0,0.0
8468,7,1.0,0.0
8469,7,1.0,0.0
8470,7,1.0,0.0
8471,7,1.0,0.0
8472,7,1.0,0.0
8473,7,1.0,0.0
8474,7,1.0,0.0
8475,7,1.0,0.0
8476,7,1.0,0.0
8477,7,1.0,0.0
8478,7,1.0,0.0
8479,7,1.0,0.0
8480,7,1.0,0.0
8481,7,1.0,0.0
8482,7,1.0,0.0
8483,7,0.5,0.5
8484,7,0.0,1.0
8485,7,1.0,0.0
8486,7,0.5,0.5
8487,7,0.0,1.0
8488,7,1.0,0.0
8489,7,0.0,1.0
8490,7,1.0,0.0
8491,7,1.0,0.0
8492,7,1.0,0.0
8493,7,1.0,0.0
8494,7,1.0,0.0
8495,7,1.0,0.0
8496,7,1.0,0.0
8497,7,1.0,0.0
8498,7,1.0,0.0
8499,7,1.0,0.0
8500,7,1.0,0.0
8501,7,1.0,0.0
8502,7,1.0,0.0
8503,7,1.0,0.0
8504,7,1.0,0.0
8505,7,0.0,1.0
8506,7,1.0,0.0
8507,7,0.5,0.5
8508,7,1.0,0.0
8509,7,0.0,1.0
8510,7,0.0,1.0
8511,7,1.0,0.0
8512,7,0.5,0.5
8513,7,1.0,0.0
8514,7,0.6666666666666667,0.3333333333333333
8515,7,0.0,1.0
8516,7,1.0,0.0
8517,7,0.5,0.5
8518,7,1.0,0.0
8519,7,1.0,0.0
8520,7,1.0,0.0
8521,7,1.0,0.0
8522,7,0.5,0.5
8523,7,0.5,0.5
8524,7,0.5,0.5
8525,7,0.33333333333333337,0.6666666666666666
8526,7,1.0,0.0
8527,7,1.0,0.0
8528,7,1.0,0.0
8529,7,1.0,0.0
8530,7,0.5,0.5
8531,7,0.5,0.5
8532,7,1.0,0.0
8533,7,1.0,0.0
8534,7,0.0,1.0
8535,7,1.0,0.0
8536,7,1.0,0.0
8537,7,1.0,0.0
8538,7,0.75,0.25
8539,7,1.0,0.0
8540,7,1.0,0.0
8541,7,0.5,0.5
8542,7,1.0,0.0
8543,7,0.25,0.75
8544,7,0.0,1.0
8545,7,1.0,0.0
8546,7,1.0,0.0
8547,7,1.0,0.0
8548,7,0.0,1.0
8549,7,1.0,0.0
8550,7,0.5,0.5
8551,7,1.0,0.0
8552,7,0.0,1.0
8553,7,0.0,1.0
8554,7,0.5,0.5
8555,7,1.0,0.0
8556,7,1.0,0.0
8557,7,1.0,0.0
8558,7,0.8863636363636364,0.11363636363636363
8559,7,1.0,0.0
8560,7,0.5,0.5
8561,7,0.5576923076923077,0.4423076923076923
8562,7,0.5,0.5
8563,7,0.6086956521739131,0.391304347826087
8564,7,1.0,0.0
8565,7,0.0,1.0
8566,7,1.0,0.0
8567,7,0.5,0.5
8568,7,0.5,0.5
8569,7,0.625,0.375
8570,7,1.0,0.0
8571,7,1.0,0.0
8572,7,0.0,1.0
8573,7,1.0,0.0
8574,7,1.0,0.0
8575,7,1.0,0.0
8576,7,1.0,0.0
8577,7,1.0,0.0
8578,7,1.0,0.0
8579,7,0.5,0.5
8580,7,0.0,1.0
8581,7,0.0,1.0
8582,7,0.5,0.5
8583,7,1.0,0.0
8584,7,0.5,0.5
8585,7,0.0,1.0
8586,7,0.5,0.5
8587,7,1.0,0.0
8588,7,1.0,0.0
8589,7,1.0,0.0
8590,7,0.8333333333333334,0.16666666666666666
8591,7,0.75,0.25
8592,7,0.16666666666666663,0.8333333333333334
8593,7,0.7,0.3
8594,7,0.5,0.5
8595,7,0.5,0.5
8596,7,1.0,0.0
8597,7,0.0,1.0
8598,7,0.5,0.5
8599,7,0.6666666666666667,0.3333333333333333
8600,7,0.625,0.375
8601,7,0.33333333333333337,0.6666666666666666
8602,7,0.0,1.0
8603,7,0.6666666666666667,0.3333333333333333
8604,7,0.5,0.5
8605,7,0.16666666666666663,0.8333333333333334
8606,7,0.5,0.5
8607,7,1.0,0.0
8608,7,0.5,0.5
8609,7,1.0,0.0
8610,7,0.33333333333333337,0.6666666666666666
8611,7,0.0,1.0
8612,7,0.5,0.5
8613,7,0.0,1.0
8614,7,0.0,1.0
8615,7,1.0,0.0
8616,7,1.0,0.0
8617,7,1.0,0.0
8618,7,1.0,0.0
8619,7,0.0,1.0
8620,7,0.75,0.25
8621,7,1.0,0.0
8622,7,0.0,1.0
8623,7,1.0,0.0
8624,7,0.5,0.5
8625,7,1.0,0.0
8626,7,0.0,1.0
8627,7,0.5,0.5
8628,7,1.0,0.0
8629,7,1.0,0.0
8630,7,0.0,1.0
8631,7,1.0,0.0
8632,7,1.0,0.0
8633,7,1.0,0.0
8634,7,1.0,0.0
8635,7,1.0,0.0
8636,7,0.5,0.5
8637,7,0.5,0.5
8638,7,0.8571428571428572,0.14285714285714285
8639,7,1.0,0.0
8640,7,0.5,0.5
8641,7,0.75,0.25
8642,7,1.0,0.0
8643,7,0.0,1.0
8644,7,1.0,0.0
8645,7,0.0,1.0
8646,7,0.0,1.0
8647,7,1.0,0.0
8648,7,1.0,0.0
8649,7,0.5,0.5
8650,7,0.75,0.25
8651,7,0.0,1.0
8652,7,1.0,0.0
8653,7,0.5,0.5
8654,7,0.5,0.5
8655,7,0.5,0.5
8656,7,0.5,0.5
8657,7,0.75,0.25
8658,7,1.0,0.0
8659,7,1.0,0.0
8660,7,0.0,1.0
8661,7,1.0,0.0
8662,7,0.0,1.0
8663,7,0.5,0.5
8664,7,1.0,0.0
8665,7,0.0,1.0
8666,7,1.0,0.0
8667,7,0.0,1.0
8668,7,1.0,0.0
8669,7,1.0,0.0
8670,7,1.0,0.0
8671,7,0.6428571428571428,0.35714285714285715
8672,7,1.0,0.0
8673,7,1.0,0.0
8674,7,1.0,0.0
8675,7,0.0,1.0
8676,7,0.25,0.75
8677,7,0.0,1.0
8678,7,0.75,0.25
8679,7,0.25,0.75
8680,7,0.75,0.25
8681,7,0.0,1.0
8682,7,0.5,0.5
8683,7,1.0,0.0
8684,7,0.0,1.0
8685,7,0.5,0.5
8686,7,1.0,0.0
8687,7,0.8333333333333334,0.16666666666666666
8688,7,1.0,0.0
8689,7,0.0,1.0
8690,7,1.0,0.0
8691,7,0.0,1.0
8692,7,1.0,0.0
8693,7,1.0,0.0
8694,7,0.6666666666666667,0.3333333333333333
8695,7,0.0,1.0
8696,7,1.0,0.0
8697,7,0.5,0.5
8698,7,0.5,0.5
8699,7,1.0,0.0
8700,7,0.5,0.5
8701,7,0.0,1.0
8702,7,1.0,0.0
8703,7,0.5,0.5
8704,7,0.25,0.75
8705,7,0.5,0.5
8706,7,0.5,0.5
8707,7,0.5,0.5
8708,7,0.75,0.25
8709,7,0.5,0.5
8710,7,1.0,0.0
8711,7,0.5,0.5
8712,7,1.0,0.0
8713,7,1.0,0.0
8714,7,0.25,0.75
8715,7,0.5,0.5
8716,7,0.5,0.5
8717,7,1.0,0.0
8718,7,0.0,1.0
8719,7,1.0,0.0
8720,7,0.6666666666666667,0.3333333333333333
8721,7,1.0,0.0
8722,7,0.5,0.5
8723,7,0.5,0.5
8724,7,0.5,0.5
8725,7,1.0,0.0
8726,7,0.0,1.0
8727,7,0.0,1.0
8728,7,0.0,1.0
8729,7,1.0,0.0
8730,7,0.5,0.5
8731,7,0.0,1.0
8732,7,0.6666666666666667,0.3333333333333333
8733,7,1.0,0.0
8734,7,0.0,1.0
8735,7,0.5,0.5
8736,7,0.25,0.75
8737,7,0.5,0.5
8738,7,1.0,0.0
8739,7,0.5,0.5
8740,7,1.0,0.0
8741,7,1.0,0.0
8742,7,0.5,0.5
8743,7,1.0,0.0
8744,7,1.0,0.0
8745,7,0.0,1.0
8746,7,0.0,1.0
8747,7,1.0,0.0
8748,7,0.25,0.75
8749,7,1.0,0.0
8750,7,0.5,0.5
8751,7,0.0,1.0
8752,7,0.0,1.0
8753,7,1.0,0.0
8754,7,0.5,0.5
8755,7,0.0,1.0
8756,7,0.5,0.5
8757,7,0.7,0.3
8758,7,1.0,0.0
8759,7,0.75,0.25
8760,7,1.0,0.0
8761,7,0.0,1.0
8762,7,1.0,0.0
8763,7,1.0,0.0
8764,7,0.0,1.0
8765,7,0.0,1.0
8766,7,1.0,0.0
8767,7,1.0,0.0
8768,7,0.5,0.5
8769,7,0.0,1.0
8770,7,0.625,0.375
8771,7,0.0,1.0
8772,7,0.25,0.75
8773,7,0.25,0.75
8774,7,0.41666666666666663,0.5833333333333334
8775,7,0.5,0.5
8776,7,0.5,0.5
8777,7,1.0,0.0
8778,7,1.0,0.0
8779,7,0.5,0.5
8780,7,0.0,1.0
8781,7,1.0,0.0
8782,7,0.0,1.0
8783,7,0.5,0.5
8784,7,0.0,1.0
8785,7,0.75,0.25
8786,7,0.5,0.5
8787,7,1.0,0.0
8788,7,0.5,0.5
8789,7,0.0,1.0
8790,7,1.0,0.0
8791,7,1.0,0.0
8792,7,0.5,0.5
8793,7,0.25,0.75
8794,7,0.0,1.0
8795,7,0.75,0.25
8796,7,0.5,0.5
8797,7,0.5,0.5
8798,7,0.5,0.5
8799,7,0.5,0.5
8800,7,0.5,0.5
8801,7,1.0,0.0
8802,7,0.75,0.25
8803,7,0.0,1.0
8804,7,1.0,0.0
8805,7,0.0,1.0
8806,7,1.0,0.0
8807,7,0.5,0.5
8808,7,0.0,1.0
8809,7,0.0,1.0
8810,7,0.0,1.0
8811,7,1.0,0.0
8812,7,1.0,0.0
8813,7,0.5,0.5
8814,7,0.0,1.0
8815,7,0.5,0.5
8816,7,0.75,0.25
8817,7,0.75,0.25
8818,7,0.5,0.5
8819,7,0.5,0.5
8820,7,1.0,0.0
8821,7,0.5,0.5
8822,7,1.0,0.0
8823,7,0.0,1.0
8824,7,0.5,0.5
8825,7,1.0,0.0
8826,7,0.5,0.5
8827,7,1.0,0.0
8828,7,0.6428571428571428,0.35714285714285715
8829,7,0.75,0.25
8830,7,0.7,0.3
8831,7,1.0,0.0
8832,7,1.0,0.0
8833,7,0.75,0.25
8834,7,0.6,0.4
8835,7,0.5,0.5
8836,7,1.0,0.0
8837,7,0.5833333333333333,0.4166666666666667
8838,7,0.75,0.25
8839,7,0.0,1.0
8840,7,0.5,0.5
8841,7,0.0,1.0
8842,7,0.6578947368421053,0.34210526315789475
8843,7,0.75,0.25
8844,7,0.5,0.5
8845,7,0.875,0.125
8846,7,1.0,0.0
8847,7,1.0,0.0
8848,7,0.5,0.5
8849,7,1.0,0.0
8850,7,1.0,0.0
8851,7,0.5,0.5
8852,7,0.5,0.5
8853,7,1.0,0.0
8854,7,1.0,0.0
8855,7,0.6666666666666667,0.3333333333333333
8856,7,0.5,0.5
8857,7,0.5,0.5
8858,7,0.5,0.5
8859,7,0.6,0.4
8860,7,1.0,0.0
8861,7,0.5,0.5
8862,7,0.75,0.25
8863,7,0.5,0.5
8864,7,1.0,0.0
8865,7,1.0,0.0
8866,7,0.5,0.5
8867,7,1.0,0.0
8868,7,0.5,0.5
8869,7,1.0,0.0
8870,7,0.5,0.5
8871,7,0.75,0.25
8872,7,0.5,0.5
8873,7,0.4,0.6
8874,7,1.0,0.0
8875,7,0.5,0.5
8876,7,0.5,0.5
8877,7,0.7,0.3
8878,7,1.0,0.0
8879,7,0.5,0.5
8880,7,0.7352941176470589,0.2647058823529412
8881,7,0.65,0.35
8882,7,1.0,0.0
8883,7,0.5,0.5
8884,7,0.5,0.5
8885,7,1.0,0.0
8886,7,0.6666666666666667,0.3333333333333333
8887,7,1.0,0.0
8888,7,0.7692307692307692,0.23076923076923078
8889,7,0.8,0.2
8890,7,0.0,1.0
8891,7,1.0,0.0
8892,7,0.875,0.125
8893,7,0.30000000000000004,0.7
8894,7,0.5,0.5
8895,7,0.875,0.125
8896,7,0.0,1.0
8897,7,0.0,1.0
8898,7,1.0,0.0
8899,7,0.0,1.0
8900,7,0.5,0.5
8901,7,0.75,0.25
8902,7,0.7333333333333334,0.26666666666666666
8903,7,0.0,1.0
8904,7,0.5,0.5
8905,7,0.5,0.5
8906,7,1.0,0.0
8907,7,1.0,0.0
8908,7,0.5,0.5
8909,7,1.0,0.0
8910,7,0.5,0.5
8911,7,0.5,0.5
8912,7,1.0,0.0
8913,7,0.5,0.5
8914,7,0.7,0.3
8915,7,0.5,0.5
8916,7,0.6666666666666667,0.3333333333333333
8917,7,0.5,0.5
8918,7,0.7,0.3
8919,7,0.5,0.5
8920,7,1.0,0.0
8921,7,0.5833333333333333,0.4166666666666667
8922,7,0.75,0.25
8923,7,0.5,0.5
8924,7,0.5,0.5
8925,7,1.0,0.0
8926,7,0.5,0.5
8927,7,0.5,0.5
8928,7,0.5,0.5
8929,7,1.0,0.0
8930,7,0.5,0.5
8931,7,0.75,0.25
8932,7,0.5,0.5
8933,7,1.0,0.0
8934,7,1.0,0.0
8935,7,0.5,0.5
8936,7,0.5,0.5
8937,7,0.0,1.0
8938,7,0.0,1.0
8939,7,1.0,0.0
8940,7,0.75,0.25
8941,7,1.0,0.0
8942,7,0.5,0.5
8943,7,0.0,1.0
8944,7,0.5,0.5
8945,7,0.75,0.25
8946,7,0.75,0.25
8947,7,0.5,0.5
8948,7,0.5,0.5
8949,7,0.75,0.25
8950,7,1.0,0.0
8951,7,0.5,0.5
8952,7,1.0,0.0
8953,7,0.0,1.0
8954,7,0.0,1.0
8955,7,1.0,0.0
8956,7,0.5,0.5
8957,7,0.5,0.5
8958,7,1.0,0.0
8959,7,1.0,0.0
8960,7,1.0,0.0
8961,7,0.75,0.25
8962,7,0.5,0.5
8963,7,0.0,1.0
8964,7,0.0,1.0
8965,7,1.0,0.0
8966,7,1.0,0.0
8967,7,0.75,0.25
8968,7,1.0,0.0
8969,7,0.0,1.0
8970,7,0.5,0.5
8971,7,0.0,1.0
8972,7,1.0,0.0
8973,7,1.0,0.0
8974,7,0.5,0.5
8975,7,1.0,0.0
8976,7,1.0,0.0
8977,7,0.5,0.5
8978,7,0.75,0.25
8979,7,0.25,0.75
8980,7,0.5,0.5
8981,7,1.0,0.0
8982,7,0.5,0.5
8983,7,0.5,0.5
8984,7,0.75,0.25
8985,7,0.5,0.5
8986,7,1.0,0.0
8987,7,1.0,0.0
8988,7,0.25,0.75
8989,7,0.75,0.25
8990,7,1.0,0.0
8991,7,1.0,0.0
8992,7,0.7142857142857143,0.2857142857142857
8993,7,1.0,0.0
8994,7,0.5,0.5
8995,7,0.33333333333333337,0.6666666666666666
8996,7,1.0,0.0
8997,7,1.0,0.0
8998,7,1.0,0.0
8999,7,1.0,0.0
9000,7,0.0,1.0
9001,7,1.0,0.0
9002,7,1.0,0.0
9003,7,1.0,0.0
9004,7,0.25,0.75
9005,7,0.5,0.5
9006,7,0.0,1.0
9007,7,1.0,0.0
9008,7,0.25,0.75
9009,7,0.6666666666666667,0.3333333333333333
9010,7,0.5,0.5
9011,7,0.33333333333333337,0.6666666666666666
9012,7,1.0,0.0
9013,7,1.0,0.0
9014,7,1.0,0.0
9015,7,0.5,0.5
9016,7,0.75,0.25
9017,7,0.5,0.5
9018,7,0.75,0.25
9019,7,0.5,0.5
9020,7,0.5,0.5
9021,7,0.7,0.3
9022,7,1.0,0.0
9023,7,0.5,0.5
9024,7,0.25,0.75
9025,7,1.0,0.0
9026,7,0.0,1.0
9027,7,0.5,0.5
9028,7,1.0,0.0
9029,7,1.0,0.0
9030,7,0.5,0.5
9031,7,0.5,0.5
9032,7,0.6666666666666667,0.3333333333333333
9033,7,1.0,0.0
9034,7,0.5,0.5
9035,7,0.33333333333333337,0.6666666666666666
9036,7,1.0,0.0
9037,7,0.75,0.25
9038,7,1.0,0.0
9039,7,0.5,0.5
9040,7,0.7,0.3
9041,7,1.0,0.0
9042,7,0.5,0.5
9043,7,1.0,0.0
9044,7,1.0,0.0
9045,7,0.8333333333333334,0.16666666666666666
9046,7,0.33333333333333337,0.6666666666666666
9047,7,1.0,0.0
9048,7,1.0,0.0
9049,7,0.0,1.0
9050,7,1.0,0.0
9051,7,1.0,0.0
9052,7,1.0,0.0
9053,7,0.16666666666666663,0.8333333333333334
9054,7,0.5,0.5
9055,7,0.5,0.5
9056,7,0.0,1.0
9057,7,0.0,1.0
9058,7,0.5,0.5
9059,7,0.5,0.5
9060,7,0.5,0.5
9061,7,0.0,1.0
9062,7,0.0,1.0
9063,7,1.0,0.0
9064,7,0.0,1.0
9065,7,1.0,0.0
9066,7,0.0,1.0
9067,7,1.0,0.0
9068,7,0.0,1.0
9069,7,1.0,0.0
9070,7,1.0,0.0
9071,7,0.5,0.5
9072,7,0.5,0.5
9073,7,1.0,0.0
9074,7,0.0,1.0
9075,7,0.0,1.0
9076,7,0.5681818181818181,0.4318181818181818
9077,7,0.6875,0.3125
9078,7,0.75,0.25
9079,7,0.16666666666666663,0.8333333333333334
9080,7,1.0,0.0
9081,7,0.25,0.75
9082,7,0.08333333333333337,0.9166666666666666
9083,7,0.0,1.0
9084,7,0.5,0.5
9085,7,0.55,0.45
9086,7,0.38235294117647056,0.6176470588235294
9087,7,1.0,0.0
9088,7,1.0,0.0
9089,7,0.31818181818181823,0.6818181818181818
9090,7,1.0,0.0
9091,7,0.5,0.5
9092,7,0.75,0.25
9093,7,0.0,1.0
9094,7,0.41666666666666663,0.5833333333333334
9095,7,0.5,0.5
9096,7,0.0,1.0
9097,7,0.0,1.0
9098,7,0.5,0.5
9099,7,0.5,0.5
9100,7,0.5,0.5
9101,7,0.25,0.75
9102,7,1.0,0.0
9103,7,0.0,1.0
9104,7,0.5,0.5
9105,7,0.5,0.5
9106,7,0.5,0.5
9107,7,0.0,1.0
9108,7,0.5,0.5
9109,7,0.0,1.0
9110,7,0.5,0.5
9111,7,0.0,1.0
9112,7,1.0,0.0
9113,7,0.5,0.5
9114,7,0.0,1.0
9115,7,0.0,1.0
9116,7,0.5,0.5
9117,7,1.0,0.0
9118,7,0.0,1.0
9119,7,1.0,0.0
9120,7,1.0,0.0
9121,7,0.5,0.5
9122,7,1.0,0.0
9123,7,1.0,0.0
9124,7,0.5,0.5
9125,7,1.0,0.0
9126,7,0.5,0.5
9127,7,1.0,0.0
9128,7,0.0,1.0
9129,7,0.5,0.5
9130,7,1.0,0.0
9131,7,1.0,0.0
9132,7,0.5,0.5
9133,7,1.0,0.0
9134,7,1.0,0.0
9135,7,0.0,1.0
9136,7,0.0,1.0
9137,7,0.5,0.5
9138,7,0.5,0.5
9139,7,0.25,0.75
9140,7,1.0,0.0
9141,7,0.8333333333333334,0.16666666666666666
9142,7,0.5833333333333333,0.4166666666666667
9143,7,1.0,0.0
9144,7,1.0,0.0
9145,7,1.0,0.0
9146,7,1.0,0.0
9147,7,1.0,0.0
9148,7,0.0,1.0
9149,7,0.5,0.5
9150,7,0.0,1.0
9151,7,0.5,0.5
9152,7,0.5,0.5
9153,7,1.0,0.0
9154,7,1.0,0.0
9155,7,0.5,0.5
9156,7,0.0,1.0
9157,7,0.5,0.5
9158,7,1.0,0.0
9159,7,0.6842105263157895,0.3157894736842105
9160,7,0.0,1.0
9161,7,0.0,1.0
9162,7,0.5,0.5
9163,7,0.0,1.0
9164,7,0.5,0.5
9165,7,0.0,1.0
9166,7,0.0,1.0
9167,7,0.75,0.25
9168,7,0.25,0.75
9169,7,1.0,0.0
9170,7,1.0,0.0
9171,7,0.625,0.375
9172,7,0.375,0.625
9173,7,0.0,1.0
9174,7,1.0,0.0
9175,7,0.5,0.5
9176,7,1.0,0.0
9177,7,0.5,0.5
9178,7,0.5,0.5
9179,7,0.75,0.25
9180,7,1.0,0.0
9181,7,0.0,1.0
9182,7,0.0,1.0
9183,7,0.5,0.5
9184,7,1.0,0.0
9185,7,1.0,0.0
9186,7,1.0,0.0
9187,7,0.0,1.0
9188,7,1.0,0.0
9189,7,1.0,0.0
9190,7,0.5,0.5
9191,7,0.5,0.5
9192,7,0.75,0.25
9193,7,0.5,0.5
9194,7,0.0,1.0
9195,7,0.0,1.0
9196,7,0.6428571428571428,0.35714285714285715
9197,7,0.0,1.0
9198,7,0.5,0.5
9199,7,0.0,1.0
9200,7,0.5,0.5
9201,7,0.5,0.5
9202,7,0.0,1.0
9203,7,1.0,0.0
9204,7,1.0,0.0
9205,7,0.0,1.0
9206,7,0.0,1.0
9207,7,0.5,0.5
9208,7,0.0,1.0
9209,7,1.0,0.0
9210,7,1.0,0.0
9211,7,0.5,0.5
9212,7,0.0,1.0
9213,7,1.0,0.0
9214,7,1.0,0.0
9215,7,0.5,0.5
9216,7,1.0,0.0
9217,7,0.0,1.0
9218,7,1.0,0.0
9219,7,1.0,0.0
9220,7,0.25,0.75
9221,7,0.0,1.0
9222,7,0.5,0.5
9223,7,1.0,0.0
9224,7,0.0,1.0
9225,7,0.0,1.0
9226,7,0.0,1.0
9227,7,0.0,1.0
9228,7,0.0,1.0
9229,7,0.5,0.5
9230,7,1.0,0.0
9231,7,0.0,1.0
9232,7,0.0,1.0
9233,7,1.0,0.0
9234,7,1.0,0.0
9235,7,0.5,0.5
9236,7,0.7857142857142857,0.21428571428571427
9237,7,1.0,0.0
9238,7,0.5,0.5
9239,7,0.5,0.5
9240,7,0.5,0.5
9241,7,0.0,1.0
9242,7,0.0,1.0
9243,7,1.0,0.0
9244,7,1.0,0.0
9245,7,1.0,0.0
9246,7,0.75,0.25
9247,7,1.0,0.0
9248,7,0.5,0.5
9249,7,0.5,0.5
9250,7,0.25,0.75
9251,7,1.0,0.0
9252,7,0.0,1.0
9253,7,0.5,0.5
9254,7,0.0,1.0
9255,7,1.0,0.0
9256,7,0.6666666666666667,0.3333333333333333
9257,7,1.0,0.0
9258,7,1.0,0.0
9259,7,0.5,0.5
9260,7,0.0,1.0
9261,7,0.5,0.5
9262,7,0.5,0.5
9263,7,0.8333333333333334,0.16666666666666666
9264,7,1.0,0.0
9265,7,0.5,0.5
9266,7,1.0,0.0
9267,7,1.0,0.0
9268,7,0.0,1.0
9269,7,0.75,0.25
9270,7,0.75,0.25
9271,7,0.5,0.5
9272,7,1.0,0.0
9273,7,1.0,0.0
9274,7,0.5,0.5
9275,7,0.5,0.5
9276,7,0.75,0.25
9277,7,0.5,0.5
9278,7,0.5,0.5
9279,7,1.0,0.0
9280,7,0.5,0.5
9281,7,0.5,0.5
9282,7,0.5,0.5
9283,7,1.0,0.0
9284,7,0.0,1.0
9285,7,0.0,1.0
9286,7,0.0,1.0
9287,7,1.0,0.0
9288,7,1.0,0.0
9289,7,0.0,1.0
9290,7,1.0,0.0
9291,7,0.5,0.5
9292,7,1.0,0.0
9293,7,0.0,1.0
9294,7,0.5,0.5
9295,7,1.0,0.0
9296,7,1.0,0.0
9297,7,0.6666666666666667,0.3333333333333333
9298,7,0.0,1.0
9299,7,0.5,0.5
9300,7,0.5,0.5
9301,7,1.0,0.0
9302,7,1.0,0.0
9303,7,0.5,0.5
9304,7,0.5,0.5
9305,7,1.0,0.0
9306,7,0.0,1.0
9307,7,1.0,0.0
9308,7,0.5833333333333333,0.4166666666666667
9309,7,0.8333333333333334,0.16666666666666666
9310,7,1.0,0.0
9311,7,1.0,0.0
9312,7,0.5,0.5
9313,7,1.0,0.0
9314,7,1.0,0.0
9315,7,0.8333333333333334,0.16666666666666666
9316,7,0.5,0.5
9317,7,1.0,0.0
9318,7,0.6666666666666667,0.3333333333333333
9319,7,0.7727272727272727,0.22727272727272727
9320,7,0.7307692307692308,0.2692307692307692
9321,7,0.6875,0.3125
9322,7,0.16666666666666663,0.8333333333333334
9323,7,0.0,1.0
9324,7,0.5,0.5
9325,7,1.0,0.0
9326,7,0.9,0.1
9327,7,1.0,0.0
9328,7,1.0,0.0
9329,7,0.5,0.5
9330,7,0.5,0.5
9331,7,0.5,0.5
9332,7,0.5,0.5
9333,7,1.0,0.0
9334,7,1.0,0.0
9335,7,1.0,0.0
9336,7,0.0,1.0
9337,7,0.0,1.0
9338,7,0.5,0.5
9339,7,0.5,0.5
9340,7,0.5,0.5
9341,7,0.6,0.4
9342,7,0.5,0.5
9343,7,1.0,0.0
9344,7,0.25,0.75
9345,7,1.0,0.0
9346,7,1.0,0.0
9347,7,0.5,0.5
9348,7,1.0,0.0
9349,7,1.0,0.0
9350,7,0.0,1.0
9351,7,0.5,0.5
9352,7,0.25,0.75
9353,7,0.5,0.5
9354,7,0.875,0.125
9355,7,0.75,0.25
9356,7,1.0,0.0
9357,7,0.5,0.5
9358,7,1.0,0.0
9359,7,1.0,0.0
9360,7,0.5,0.5
9361,7,0.75,0.25
9362,7,0.25,0.75
9363,7,0.6,0.4
9364,7,0.33333333333333337,0.6666666666666666
9365,7,0.5,0.5
9366,7,1.0,0.0
9367,7,1.0,0.0
9368,7,0.25,0.75
9369,7,1.0,0.0
9370,7,0.5,0.5
9371,7,1.0,0.0
9372,7,0.5,0.5
9373,7,0.0,1.0
9374,7,1.0,0.0
9375,7,1.0,0.0
9376,7,0.625,0.375
9377,7,0.5,0.5
9378,7,0.33333333333333337,0.6666666666666666
9379,7,1.0,0.0
9380,7,1.0,0.0
9381,7,1.0,0.0
9382,7,1.0,0.0
9383,8,0.5,0.5
9384,8,0.5,0.5
9385,8,0.0,1.0
9386,8,1.0,0.0
9387,8,0.0,1.0
9388,8,0.0,1.0
9389,8,0.0,1.0
9390,8,1.0,0.0
9391,8,0.75,0.25
9392,8,1.0,0.0
9393,8,0.8333333333333334,0.16666666666666666
9394,8,0.5,0.5
9395,8,0.6666666666666667,0.3333333333333333
9396,8,1.0,0.0
9397,8,0.0,1.0
9398,8,0.5,0.5
9399,8,1.0,0.0
9400,8,0.0,1.0
9401,8,0.0,1.0
9402,8,0.5,0.5
9403,8,1.0,0.0
9404,8,1.0,0.0
9405,8,0.5,0.5
9406,8,1.0,0.0
9407,8,0.0,1.0
9408,8,0.5,0.5
9409,8,0.5,0.5
9410,8,0.0,1.0
9411,8,0.0,1.0
9412,8,0.38095238095238093,0.6190476190476191
9413,8,1.0,0.0
9414,8,0.5,0.5
9415,8,1.0,0.0
9416,8,1.0,0.0
9417,8,0.25,0.75
9418,8,0.0,1.0
9419,8,0.0,1.0
9420,8,1.0,0.0
9421,8,1.0,0.0
9422,8,1.0,0.0
9423,8,0.5,0.5
9424,8,0.0,1.0
9425,8,0.0,1.0
9426,8,0.0,1.0
9427,8,1.0,0.0
9428,8,0.5,0.5
9429,8,0.875,0.125
9430,8,0.0,1.0
9431,8,1.0,0.0
9432,8,0.0,1.0
9433,8,1.0,0.0
9434,8,0.33333333333333337,0.6666666666666666
9435,8,1.0,0.0
9436,8,1.0,0.0
9437,8,1.0,0.0
9438,8,1.0,0.0
9439,8,0.0,1.0
9440,8,0.0,1.0
9441,8,0.5,0.5
9442,8,0.0,1.0
9443,8,0.5,0.5
9444,8,0.5,0.5
9445,8,0.0,1.0
9446,8,0.5,0.5
9447,8,0.25,0.75
9448,8,0.0,1.0
9449,8,0.0,1.0
9450,8,0.5,0.5
9451,8,0.0,1.0
9452,8,0.5,0.5
9453,8,1.0,0.0
9454,8,0.75,0.25
9455,8,1.0,0.0
9456,8,0.5,0.5
9457,8,0.375,0.625
9458,8,0.0,1.0
9459,8,1.0,0.0
9460,8,1.0,0.0
9461,8,0.0,1.0
9462,8,0.5,0.5
9463,8,1.0,0.0
9464,8,0.6666666666666667,0.3333333333333333
9465,8,0.0,1.0
9466,8,1.0,0.0
9467,8,0.0,1.0
9468,8,0.75,0.25
9469,8,1.0,0.0
9470,8,0.0,1.0
9471,8,0.33333333333333337,0.6666666666666666
9472,8,0.0,1.0
9473,8,1.0,0.0
9474,8,0.5,0.5
9475,8,0.0,1.0
9476,8,0.5,0.5
9477,8,1.0,0.0
9478,8,1.0,0.0
9479,8,0.16666666666666663,0.8333333333333334
9480,8,1.0,0.0
9481,8,1.0,0.0
9482,8,1.0,0.0
9483,8,0.5,0.5
9484,8,0.0,1.0
9485,8,0.5,0.5
9486,8,1.0,0.0
9487,8,0.5,0.5
9488,8,1.0,0.0
9489,8,0.6666666666666667,0.3333333333333333
9490,8,0.6875,0.3125
9491,8,0.5,0.5
9492,8,0.75,0.25
9493,8,0.5,0.5
9494,8,1.0,0.0
9495,8,0.0,1.0
9496,8,0.0,1.0
9497,8,0.0,1.0
9498,8,1.0,0.0
9499,8,1.0,0.0
9500,8,1.0,0.0
9501,8,0.0,1.0
9502,8,1.0,0.0
9503,8,0.0,1.0
9504,8,1.0,0.0
9505,8,1.0,0.0
9506,8,0.5,0.5
9507,8,0.0,1.0
9508,8,0.5,0.5
9509,8,1.0,0.0
9510,8,0.5,0.5
9511,8,0.0,1.0
9512,8,0.5,0.5
9513,8,0.25,0.75
9514,8,0.0,1.0
9515,8,0.0,1.0
9516,8,1.0,0.0
9517,8,0.0,1.0
9518,8,0.5,0.5
9519,8,0.0,1.0
9520,8,0.0,1.0
9521,8,0.5,0.5
9522,8,0.5,0.5
9523,8,0.625,0.375
9524,8,1.0,0.0
9525,8,0.0,1.0
9526,8,0.5,0.5
9527,8,0.0,1.0
9528,8,1.0,0.0
9529,8,0.0,1.0
9530,8,1.0,0.0
9531,8,1.0,0.0
9532,8,1.0,0.0
9533,8,0.25,0.75
9534,8,0.5,0.5
9535,8,0.0,1.0
9536,8,1.0,0.0
9537,8,0.5,0.5
9538,8,0.0,1.0
9539,8,0.5,0.5
9540,8,0.5,0.5
9541,8,1.0,0.0
9542,8,1.0,0.0
9543,8,0.0,1.0
9544,8,0.0,1.0
9545,8,0.5,0.5
9546,8,0.5,0.5
9547,8,0.0,1.0
9548,8,1.0,0.0
9549,8,0.875,0.125
9550,8,1.0,0.0
9551,8,0.0,1.0
9552,8,1.0,0.0
9553,8,1.0,0.0
9554,8,1.0,0.0
9555,8,0.75,0.25
9556,8,1.0,0.0
9557,8,0.5,0.5
9558,8,0.0,1.0
9559,8,0.0,1.0
9560,8,0.5,0.5
9561,8,1.0,0.0
9562,8,1.0,0.0
9563,8,1.0,0.0
9564,8,1.0,0.0
9565,8,0.16666666666666663,0.8333333333333334
9566,8,0.7857142857142857,0.21428571428571427
9567,8,0.5,0.5
9568,8,0.0,1.0
9569,8,0.5,0.5
9570,8,1.0,0.0
9571,8,1.0,0.0
9572,8,1.0,0.0
9573,8,0.0,1.0
9574,8,0.5,0.5
9575,8,1.0,0.0
9576,8,0.625,0.375
9577,8,1.0,0.0
9578,8,0.5,0.5
9579,8,1.0,0.0
9580,8,0.0,1.0
9581,8,0.0,1.0
9582,8,1.0,0.0
9583,8,0.75,0.25
9584,8,1.0,0.0
9585,8,0.6666666666666667,0.3333333333333333
9586,8,1.0,0.0
9587,8,0.0,1.0
9588,8,0.5,0.5
9589,8,1.0,0.0
9590,8,1.0,0.0
9591,8,0.0,1.0
9592,8,0.25,0.75
9593,8,1.0,0.0
9594,8,0.5,0.5
9595,8,0.0,1.0
9596,8,0.0,1.0
9597,8,1.0,0.0
9598,8,0.0,1.0
9599,8,0.5,0.5
9600,8,0.75,0.25
9601,8,0.6666666666666667,0.3333333333333333
9602,8,1.0,0.0
9603,8,1.0,0.0
9604,8,0.0,1.0
9605,8,0.25,0.75
9606,8,1.0,0.0
9607,8,0.0,1.0
9608,8,1.0,0.0
9609,8,0.75,0.25
9610,8,0.0,1.0
9611,8,1.0,0.0
9612,8,1.0,0.0
9613,8,1.0,0.0
9614,8,1.0,0.0
9615,8,0.5,0.5
9616,8,0.5,0.5
9617,8,1.0,0.0
9618,8,0.6666666666666667,0.3333333333333333
9619,8,1.0,0.0
9620,8,0.5,0.5
9621,8,1.0,0.0
9622,8,0.0,1.0
9623,8,0.0,1.0
9624,8,0.6666666666666667,0.3333333333333333
9625,8,0.75,0.25
9626,8,0.5,0.5
9627,8,0.25,0.75
9628,8,1.0,0.0
9629,8,1.0,0.0
9630,8,0.0,1.0
9631,8,0.5,0.5
9632,8,0.0,1.0
9633,8,0.5,0.5
9634,8,0.0,1.0
9635,8,0.5,0.5
9636,8,0.5,0.5
9637,8,1.0,0.0
9638,8,1.0,0.0
9639,8,0.75,0.25
9640,8,0.5,0.5
9641,8,1.0,0.0
9642,8,0.5,0.5
9643,8,0.0,1.0
9644,8,0.8333333333333334,0.16666666666666666
9645,8,1.0,0.0
9646,8,1.0,0.0
9647,8,0.0,1.0
9648,8,0.5,0.5
9649,8,0.5,0.5
9650,8,0.25,0.75
9651,8,0.25,0.75
9652,8,0.625,0.375
9653,8,0.75,0.25
9654,8,1.0,0.0
9655,8,0.0,1.0
9656,8,0.75,0.25
9657,8,0.0,1.0
9658,8,1.0,0.0
9659,8,1.0,0.0
9660,8,0.5,0.5
9661,8,1.0,0.0
9662,8,1.0,0.0
9663,8,0.0,1.0
9664,8,1.0,0.0
9665,8,1.0,0.0
9666,8,0.75,0.25
9667,8,0.33333333333333337,0.6666666666666666
9668,8,0.33333333333333337,0.6666666666666666
9669,8,0.0,1.0
9670,8,0.0,1.0
9671,8,1.0,0.0
9672,8,0.5,0.5
9673,8,1.0,0.0
9674,8,1.0,0.0
9675,8,1.0,0.0
9676,8,0.0,1.0
9677,8,0.6428571428571428,0.35714285714285715
9678,8,1.0,0.0
9679,8,1.0,0.0
9680,8,0.5,0.5
9681,8,1.0,0.0
9682,8,0.0,1.0
9683,8,0.5,0.5
9684,8,0.0,1.0
9685,8,0.3571428571428571,0.6428571428571429
9686,8,0.5,0.5
9687,8,0.5,0.5
9688,8,0.25,0.75
9689,8,0.0,1.0
9690,8,1.0,0.0
9691,8,0.5,0.5
9692,8,0.625,0.375
9693,8,0.5,0.5
9694,8,0.5,0.5
9695,8,1.0,0.0
9696,8,1.0,0.0
9697,8,1.0,0.0
9698,8,0.5,0.5
9699,8,1.0,0.0
9700,8,0.25,0.75
9701,8,0.625,0.375
9702,8,1.0,0.0
9703,8,0.5,0.5
9704,8,0.0,1.0
9705,8,0.0,1.0
9706,8,1.0,0.0
9707,8,1.0,0.0
9708,8,1.0,0.0
9709,8,0.5,0.5
9710,8,0.75,0.25
9711,8,0.0,1.0
9712,8,0.0,1.0
9713,8,0.0,1.0
9714,8,0.0,1.0
9715,8,0.75,0.25
9716,8,0.5,0.5
9717,8,1.0,0.0
9718,8,0.0,1.0
9719,8,1.0,0.0
9720,8,1.0,0.0
9721,8,0.75,0.25
9722,8,1.0,0.0
9723,8,0.5,0.5
9724,8,1.0,0.0
9725,8,1.0,0.0
9726,8,0.0,1.0
9727,8,1.0,0.0
9728,8,1.0,0.0
9729,8,1.0,0.0
9730,8,0.4,0.6
9731,8,0.5,0.5
9732,8,1.0,0.0
9733,8,1.0,0.0
9734,8,1.0,0.0
9735,8,1.0,0.0
9736,8,1.0,0.0
9737,8,1.0,0.0
9738,8,1.0,0.0
9739,8,0.6363636363636364,0.36363636363636365
9740,8,0.7307692307692308,0.2692307692307692
9741,8,0.44999999999999996,0.55
9742,8,1.0,0.0
9743,8,0.4375,0.5625
9744,8,0.5,0.5
9745,8,1.0,0.0
9746,8,1.0,0.0
9747,8,1.0,0.0
9748,8,0.5,0.5
9749,8,1.0,0.0
9750,8,0.5,0.5
9751,8,0.875,0.125
9752,8,0.5,0.5
9753,8,0.5,0.5
9754,8,0.5,0.5
9755,8,0.0,1.0
9756,8,0.5,0.5
9757,8,0.5,0.5
9758,8,1.0,0.0
9759,8,0.25,0.75
9760,8,0.8333333333333334,0.16666666666666666
9761,8,0.0,1.0
9762,8,1.0,0.0
9763,8,1.0,0.0
9764,8,1.0,0.0
9765,8,0.5,0.5
9766,8,0.6666666666666667,0.3333333333333333
9767,8,0.6666666666666667,0.3333333333333333
9768,8,0.5,0.5
9769,8,1.0,0.0
9770,8,1.0,0.0
9771,8,0.0,1.0
9772,8,0.5,0.5
9773,8,0.5,0.5
9774,8,1.0,0.0
9775,8,0.0,1.0
9776,8,0.25,0.75
9777,8,0.5,0.5
9778,8,1.0,0.0
9779,8,1.0,0.0
9780,8,1.0,0.0
9781,8,0.5,0.5
9782,8,1.0,0.0
9783,8,0.0,1.0
9784,8,0.0,1.0
9785,8,0.5,0.5
9786,8,0.5,0.5
9787,8,0.8,0.2
9788,8,0.5,0.5
9789,8,0.5,0.5
9790,8,0.0,1.0
9791,8,0.0,1.0
9792,8,0.75,0.25
9793,8,0.5,0.5
9794,8,0.0,1.0
9795,8,0.0,1.0
9796,8,0.5,0.5
9797,8,1.0,0.0
9798,8,1.0,0.0
9799,8,1.0,0.0
9800,8,0.0,1.0
9801,8,1.0,0.0
9802,8,0.0,1.0
9803,8,0.5,0.5
9804,8,1.0,0.0
9805,8,0.5,0.5
9806,8,0.75,0.25
9807,8,0.5,0.5
9808,8,1.0,0.0
9809,8,0.0,1.0
9810,8,0.5,0.5
9811,8,0.0,1.0
9812,8,0.5,0.5
9813,8,0.5,0.5
9814,8,0.7142857142857143,0.2857142857142857
9815,8,0.0,1.0
9816,8,0.5,0.5
9817,8,0.0,1.0
9818,8,0.0,1.0
9819,8,0.4375,0.5625
9820,8,0.5,0.5
9821,8,0.33333333333333337,0.6666666666666666
9822,8,1.0,0.0
9823,8,0.0,1.0
9824,8,1.0,0.0
9825,8,1.0,0.0
9826,8,0.5,0.5
9827,8,1.0,0.0
9828,8,0.0,1.0
9829,8,0.0,1.0
9830,8,0.5,0.5
9831,8,1.0,0.0
9832,8,1.0,0.0
9833,8,1.0,0.0
9834,8,0.5,0.5
9835,8,0.0,1.0
9836,8,0.0,1.0
9837,8,1.0,0.0
9838,8,1.0,0.0
9839,8,0.5,0.5
9840,8,1.0,0.0
9841,8,1.0,0.0
9842,8,0.75,0.25
9843,8,1.0,0.0
9844,8,0.5,0.5
9845,8,0.5,0.5
9846,8,1.0,0.0
9847,8,0.0,1.0
9848,8,0.6666666666666667,0.3333333333333333
9849,8,0.6538461538461539,0.34615384615384615
9850,8,1.0,0.0
9851,8,0.5,0.5
9852,8,1.0,0.0
9853,8,0.5,0.5
9854,8,0.5,0.5
9855,8,0.5,0.5
9856,8,1.0,0.0
9857,8,0.5,0.5
9858,8,0.5,0.5
9859,8,1.0,0.0
9860,8,0.75,0.25
9861,8,0.6666666666666667,0.3333333333333333
9862,8,0.5,0.5
9863,8,0.25,0.75
9864,8,0.0,1.0
9865,8,1.0,0.0
9866,8,1.0,0.0
9867,8,0.5,0.5
9868,8,0.0,1.0
9869,8,1.0,0.0
9870,8,0.0,1.0
9871,8,1.0,0.0
9872,8,1.0,0.0
9873,8,0.5,0.5
9874,8,0.5,0.5
9875,8,0.0,1.0
9876,8,0.5,0.5
9877,8,0.5,0.5
9878,8,1.0,0.0
9879,8,0.0,1.0
9880,8,0.5,0.5
9881,8,1.0,0.0
9882,8,1.0,0.0
9883,8,0.8,0.2
9884,8,1.0,0.0
9885,8,1.0,0.0
9886,8,0.0,1.0
9887,8,0.5,0.5
9888,8,0.75,0.25
9889,8,1.0,0.0
9890,8,0.33333333333333337,0.6666666666666666
9891,8,1.0,0.0
9892,8,1.0,0.0
9893,8,0.5,0.5
9894,8,1.0,0.0
9895,8,0.5,0.5
9896,8,0.5,0.5
9897,8,0.0,1.0
9898,8,1.0,0.0
9899,8,0.5,0.5
9900,8,1.0,0.0
9901,8,1.0,0.0
9902,8,1.0,0.0
9903,8,0.75,0.25
9904,8,1.0,0.0
9905,8,1.0,0.0
9906,8,1.0,0.0
9907,8,1.0,0.0
9908,8,1.0,0.0
9909,8,1.0,0.0
9910,8,0.0,1.0
9911,8,1.0,0.0
9912,8,1.0,0.0
9913,8,0.75,0.25
9914,8,0.5,0.5
9915,8,0.5,0.5
9916,8,1.0,0.0
9917,8,1.0,0.0
9918,8,0.0,1.0
9919,8,0.5,0.5
9920,8,1.0,0.0
9921,8,0.0,1.0
9922,8,0.16666666666666663,0.8333333333333334
9923,8,0.5,0.5
9924,8,1.0,0.0
9925,8,0.5,0.5
9926,8,0.5,0.5
9927,8,0.5,0.5
9928,8,0.5,0.5
9929,8,0.5,0.5
9930,8,0.6,0.4
9931,8,0.25,0.75
9932,8,0.0,1.0
9933,8,1.0,0.0
9934,8,0.5,0.5
9935,8,0.5,0.5
9936,8,0.4375,0.5625
9937,8,0.75,0.25
9938,8,0.5,0.5
9939,8,0.0,1.0
9940,8,1.0,0.0
9941,8,0.0,1.0
9942,8,1.0,0.0
9943,8,0.0,1.0
9944,8,0.6666666666666667,0.3333333333333333
9945,8,0.7558139534883721,0.2441860465116279
9946,8,1.0,0.0
9947,8,0.0,1.0
9948,8,0.0,1.0
9949,8,0.5,0.5
9950,8,1.0,0.0
9951,8,0.5,0.5
9952,8,0.875,0.125
9953,8,0.0,1.0
9954,8,1.0,0.0
9955,8,0.0,1.0
9956,8,0.0,1.0
9957,8,1.0,0.0
9958,8,0.0,1.0
9959,8,0.0,1.0
9960,8,0.0,1.0
9961,8,0.5,0.5
9962,8,0.0,1.0
9963,8,1.0,0.0
9964,8,0.5,0.5
9965,8,0.33333333333333337,0.6666666666666666
9966,8,0.5714285714285714,0.42857142857142855
9967,8,0.0,1.0
9968,8,1.0,0.0
9969,8,0.5,0.5
9970,8,0.5,0.5
9971,8,0.5,0.5
9972,8,1.0,0.0
9973,8,0.0,1.0
9974,8,0.5,0.5
9975,8,0.0,1.0
9976,8,1.0,0.0
9977,8,0.75,0.25
9978,8,1.0,0.0
9979,8,1.0,0.0
9980,8,0.8333333333333334,0.16666666666666666
9981,8,1.0,0.0
9982,8,1.0,0.0
9983,8,0.0,1.0
9984,8,1.0,0.0
9985,8,0.5,0.5
9986,8,0.5,0.5
9987,8,0.5,0.5
9988,8,0.0,1.0
9989,8,0.0,1.0
9990,8,1.0,0.0
9991,8,1.0,0.0
9992,8,0.0,1.0
9993,8,0.0,1.0
9994,8,0.4285714285714286,0.5714285714285714
9995,8,0.9,0.1
9996,8,0.0,1.0
9997,8,0.5,0.5
9998,8,1.0,0.0
9999,8,0.5,0.5
10000,8,1.0,0.0
10001,8,1.0,0.0
10002,8,1.0,0.0
10003,8,0.0,1.0
10004,8,0.5,0.5
10005,8,1.0,0.0
10006,8,1.0,0.0
10007,8,0.5833333333333333,0.4166666666666667
10008,8,0.0,1.0
10009,8,0.25,0.75
10010,8,0.5694444444444444,0.4305555555555556
10011,8,0.7619047619047619,0.23809523809523808
10012,8,0.52,0.48
10013,8,0.25,0.75
10014,8,0.5,0.5
10015,8,0.8333333333333334,0.16666666666666666
10016,8,0.5,0.5
10017,8,0.5,0.5
10018,8,0.5,0.5
10019,8,1.0,0.0
10020,8,0.5,0.5
10021,8,0.0,1.0
10022,8,1.0,0.0
10023,8,1.0,0.0
10024,8,1.0,0.0
10025,8,0.5,0.5
10026,8,0.5,0.5
10027,8,0.5,0.5
10028,8,0.0,1.0
10029,8,0.0,1.0
10030,8,0.0,1.0
10031,8,0.5,0.5
10032,8,0.5,0.5
10033,8,0.25,0.75
10034,8,0.0,1.0
10035,8,0.0,1.0
10036,8,0.0,1.0
10037,8,1.0,0.0
10038,8,0.5,0.5
10039,8,0.5,0.5
10040,8,0.6666666666666667,0.3333333333333333
10041,8,0.6153846153846154,0.38461538461538464
10042,8,0.5,0.5
10043,8,0.8333333333333334,0.16666666666666666
10044,8,0.0,1.0
10045,8,0.0,1.0
10046,8,0.33333333333333337,0.6666666666666666
10047,8,1.0,0.0
10048,8,0.0,1.0
10049,8,0.5,0.5
10050,8,0.75,0.25
10051,8,1.0,0.0
10052,8,0.0,1.0
10053,8,0.5,0.5
10054,8,0.5,0.5
10055,8,0.0,1.0
10056,8,1.0,0.0
10057,8,1.0,0.0
10058,8,1.0,0.0
10059,8,1.0,0.0
10060,8,1.0,0.0
10061,8,0.5,0.5
10062,8,1.0,0.0
10063,8,0.0,1.0
10064,8,1.0,0.0
10065,8,1.0,0.0
10066,8,1.0,0.0
10067,8,0.5,0.5
10068,8,1.0,0.0
10069,8,0.0,1.0
10070,8,1.0,0.0
10071,8,1.0,0.0
10072,8,0.5,0.5
10073,8,1.0,0.0
10074,8,1.0,0.0
10075,8,0.33333333333333337,0.6666666666666666
10076,8,0.5,0.5
10077,8,0.625,0.375
10078,8,0.5,0.5
10079,8,1.0,0.0
10080,8,0.5,0.5
10081,8,0.5,0.5
10082,8,1.0,0.0
10083,8,0.0,1.0
10084,8,0.5,0.5
10085,8,0.0,1.0
10086,8,0.5,0.5
10087,8,1.0,0.0
10088,8,0.0,1.0
10089,8,1.0,0.0
10090,8,0.6666666666666667,0.3333333333333333
10091,8,1.0,0.0
10092,8,1.0,0.0
10093,8,1.0,0.0
10094,8,0.7857142857142857,0.21428571428571427
10095,8,0.25,0.75
10096,8,0.0,1.0
10097,8,1.0,0.0
10098,8,1.0,0.0
10099,8,1.0,0.0
10100,8,0.5,0.5
10101,8,1.0,0.0
10102,8,0.5,0.5
10103,8,1.0,0.0
10104,8,1.0,0.0
10105,8,1.0,0.0
10106,8,0.5,0.5
10107,8,0.6666666666666667,0.3333333333333333
10108,8,0.0,1.0
10109,8,1.0,0.0
10110,8,0.5,0.5
10111,8,1.0,0.0
10112,8,0.0,1.0
10113,8,0.8,0.2
10114,8,0.5555555555555556,0.4444444444444444
10115,8,1.0,0.0
10116,8,1.0,0.0
10117,8,0.5,0.5
10118,8,0.25,0.75
10119,8,0.5,0.5
10120,8,1.0,0.0
10121,8,1.0,0.0
10122,8,0.5,0.5
10123,8,0.625,0.375
10124,8,0.5,0.5
10125,8,1.0,0.0
10126,8,1.0,0.0
10127,8,1.0,0.0
10128,8,1.0,0.0
10129,8,0.0,1.0
10130,8,1.0,0.0
10131,8,1.0,0.0
10132,8,0.0,1.0
10133,8,0.0,1.0
10134,8,0.41666666666666663,0.5833333333333334
10135,8,0.75,0.25
10136,8,0.75,0.25
10137,8,1.0,0.0
10138,8,0.5,0.5
10139,8,0.25,0.75
10140,8,0.5,0.5
10141,8,1.0,0.0
10142,8,0.5,0.5
10143,8,0.33333333333333337,0.6666666666666666
10144,8,0.75,0.25
10145,8,0.0,1.0
10146,8,0.5,0.5
10147,8,0.75,0.25
10148,8,0.0,1.0
10149,8,0.5,0.5
10150,8,0.5,0.5
10151,8,0.5,0.5
10152,8,0.5,0.5
10153,8,1.0,0.0
10154,8,0.5,0.5
10155,8,1.0,0.0
10156,8,0.0,1.0
10157,8,1.0,0.0
10158,8,0.5,0.5
10159,8,0.625,0.375
10160,8,0.5,0.5
10161,8,0.5,0.5
10162,8,0.0,1.0
10163,8,1.0,0.0
10164,8,1.0,0.0
10165,8,0.5,0.5
10166,8,0.75,0.25
10167,8,1.0,0.0
10168,8,0.16666666666666663,0.8333333333333334
10169,8,0.0,1.0
10170,8,0.0,1.0
10171,8,0.5,0.5
10172,8,0.75,0.25
10173,8,0.0,1.0
10174,8,0.6666666666666667,0.3333333333333333
10175,8,0.5,0.5
10176,8,0.0,1.0
10177,8,0.5,0.5
10178,8,0.5,0.5
10179,8,0.5,0.5
10180,8,0.125,0.875
10181,8,1.0,0.0
10182,8,1.0,0.0
10183,8,0.5,0.5
10184,8,0.5,0.5
10185,8,0.0,1.0
10186,8,1.0,0.0
10187,8,0.46153846153846156,0.5384615384615384
10188,8,0.5625,0.4375
10189,8,1.0,0.0
10190,8,1.0,0.0
10191,8,1.0,0.0
10192,8,1.0,0.0
10193,8,0.5,0.5
10194,8,1.0,0.0
10195,8,0.0,1.0
10196,8,0.75,0.25
10197,8,1.0,0.0
10198,8,0.5,0.5
10199,8,1.0,0.0
10200,8,0.5,0.5
10201,8,0.0,1.0
10202,8,1.0,0.0
10203,8,0.5,0.5
10204,8,1.0,0.0
10205,8,1.0,0.0
10206,8,1.0,0.0
10207,8,0.25,0.75
10208,8,1.0,0.0
10209,8,0.25,0.75
10210,8,1.0,0.0
10211,8,1.0,0.0
10212,8,1.0,0.0
10213,8,0.5,0.5
10214,8,0.75,0.25
10215,8,0.0,1.0
10216,8,0.8333333333333334,0.16666666666666666
10217,8,0.0,1.0
10218,8,1.0,0.0
10219,8,0.75,0.25
10220,8,1.0,0.0
10221,8,0.25,0.75
10222,8,1.0,0.0
10223,8,1.0,0.0
10224,8,0.0,1.0
10225,8,0.5,0.5
10226,8,0.8333333333333334,0.16666666666666666
10227,8,0.875,0.125
10228,8,0.0,1.0
10229,8,0.0,1.0
10230,8,0.5,0.5
10231,8,0.0,1.0
10232,8,1.0,0.0
10233,8,0.5,0.5
10234,8,1.0,0.0
10235,8,0.8,0.2
10236,8,0.0,1.0
10237,8,1.0,0.0
10238,8,1.0,0.0
10239,8,0.0,1.0
10240,8,1.0,0.0
10241,8,1.0,0.0
10242,8,1.0,0.0
10243,8,1.0,0.0
10244,8,0.5,0.5
10245,8,0.5,0.5
10246,8,0.75,0.25
10247,8,0.5,0.5
10248,8,0.75,0.25
10249,8,1.0,0.0
10250,8,1.0,0.0
10251,8,0.5,0.5
10252,8,0.5,0.5
10253,8,0.0,1.0
10254,8,0.5,0.5
10255,8,1.0,0.0
10256,8,1.0,0.0
10257,8,1.0,0.0
10258,8,1.0,0.0
10259,8,1.0,0.0
10260,8,0.0,1.0
10261,8,0.5,0.5
10262,8,1.0,0.0
10263,8,0.5,0.5
10264,8,0.0,1.0
10265,8,1.0,0.0
10266,8,1.0,0.0
10267,8,0.5,0.5
10268,8,1.0,0.0
10269,8,1.0,0.0
10270,8,0.8333333333333334,0.16666666666666666
10271,8,0.5,0.5
10272,8,1.0,0.0
10273,8,0.875,0.125
10274,8,1.0,0.0
10275,8,1.0,0.0
10276,8,0.8333333333333334,0.16666666666666666
10277,8,1.0,0.0
10278,8,1.0,0.0
10279,8,0.5,0.5
10280,8,1.0,0.0
10281,8,0.0,1.0
10282,8,0.25,0.75
10283,8,1.0,0.0
10284,8,0.5,0.5
10285,8,0.75,0.25
10286,8,1.0,0.0
10287,8,0.5,0.5
10288,8,0.7142857142857143,0.2857142857142857
10289,8,0.5,0.5
10290,8,0.5,0.5
10291,8,0.0,1.0
10292,8,1.0,0.0
10293,8,0.0,1.0
10294,8,0.0,1.0
10295,8,1.0,0.0
10296,8,0.0,1.0
10297,8,0.5,0.5
10298,8,0.5,0.5
10299,8,1.0,0.0
10300,8,0.5,0.5
10301,8,0.0,1.0
10302,8,1.0,0.0
10303,8,1.0,0.0
10304,8,1.0,0.0
10305,8,0.5,0.5
10306,8,1.0,0.0
10307,8,1.0,0.0
10308,8,1.0,0.0
10309,8,1.0,0.0
10310,8,0.0,1.0
10311,8,1.0,0.0
10312,8,0.5,0.5
10313,8,1.0,0.0
10314,8,1.0,0.0
10315,8,1.0,0.0
10316,8,1.0,0.0
10317,8,1.0,0.0
10318,8,1.0,0.0
10319,8,0.0,1.0
10320,8,1.0,0.0
10321,8,1.0,0.0
10322,8,0.5,0.5
10323,8,1.0,0.0
10324,8,1.0,0.0
10325,8,0.0,1.0
10326,8,0.5,0.5
10327,8,1.0,0.0
10328,8,1.0,0.0
10329,8,0.0,1.0
10330,8,1.0,0.0
10331,8,0.5,0.5
10332,8,1.0,0.0
10333,8,1.0,0.0
10334,8,0.25,0.75
10335,8,0.75,0.25
10336,8,0.25,0.75
10337,8,0.0,1.0
10338,8,0.0,1.0
10339,8,1.0,0.0
10340,8,0.5,0.5
10341,8,0.0,1.0
10342,8,0.0,1.0
10343,8,1.0,0.0
10344,8,1.0,0.0
10345,8,0.0,1.0
10346,8,1.0,0.0
10347,8,1.0,0.0
10348,8,0.5,0.5
10349,8,0.0,1.0
10350,8,0.625,0.375
10351,8,0.6666666666666667,0.3333333333333333
10352,8,0.0,1.0
10353,8,0.25,0.75
10354,8,0.0,1.0
10355,8,0.0,1.0
10356,8,0.0,1.0
10357,8,0.0,1.0
10358,8,0.0,1.0
10359,8,1.0,0.0
10360,8,0.75,0.25
10361,8,0.5,0.5
10362,8,0.5,0.5
10363,8,1.0,0.0
10364,8,0.75,0.25
10365,8,0.5,0.5
10366,8,1.0,0.0
10367,8,1.0,0.0
10368,8,0.5,0.5
10369,8,1.0,0.0
10370,8,1.0,0.0
10371,8,1.0,0.0
10372,8,0.5,0.5
10373,8,1.0,0.0
10374,8,0.5,0.5
10375,8,1.0,0.0
10376,8,1.0,0.0
10377,8,0.5,0.5
10378,8,1.0,0.0
10379,8,0.5,0.5
10380,8,1.0,0.0
10381,8,1.0,0.0
10382,8,1.0,0.0
10383,8,1.0,0.0
10384,8,1.0,0.0
10385,8,1.0,0.0
10386,8,1.0,0.0
10387,8,0.5,0.5
10388,8,1.0,0.0
10389,8,0.0,1.0
10390,8,1.0,0.0
10391,8,0.5,0.5
10392,8,0.5,0.5
10393,8,0.5,0.5
10394,8,0.5,0.5
10395,8,1.0,0.0
10396,8,1.0,0.0
10397,8,0.5,0.5
10398,8,1.0,0.0
10399,8,0.0,1.0
10400,8,1.0,0.0
10401,8,1.0,0.0
10402,8,1.0,0.0
10403,8,0.5,0.5
10404,8,1.0,0.0
10405,8,1.0,0.0
10406,8,0.5,0.5
10407,8,0.0,1.0
10408,8,1.0,0.0
10409,8,1.0,0.0
10410,8,1.0,0.0
10411,8,1.0,0.0
10412,8,1.0,0.0
10413,8,0.33333333333333337,0.6666666666666666
10414,8,1.0,0.0
10415,8,0.0,1.0
10416,8,0.8333333333333334,0.16666666666666666
10417,8,1.0,0.0
10418,8,0.0,1.0
10419,8,0.75,0.25
10420,8,1.0,0.0
10421,8,1.0,0.0
10422,8,0.0,1.0
10423,8,0.5,0.5
10424,8,1.0,0.0
10425,8,1.0,0.0
10426,8,0.75,0.25
10427,8,0.5,0.5
10428,8,1.0,0.0
10429,8,0.5,0.5
10430,8,1.0,0.0
10431,8,1.0,0.0
10432,8,1.0,0.0
10433,8,1.0,0.0
10434,8,0.625,0.375
10435,8,0.5,0.5
10436,8,0.0,1.0
10437,8,1.0,0.0
10438,8,1.0,0.0
10439,8,0.0,1.0
10440,8,0.0,1.0
10441,8,1.0,0.0
10442,8,0.75,0.25
10443,8,0.5,0.5
10444,8,1.0,0.0
10445,8,0.5,0.5
10446,8,0.0,1.0
10447,8,1.0,0.0
10448,8,0.0,1.0
10449,8,1.0,0.0
10450,8,1.0,0.0
10451,8,0.0,1.0
10452,8,0.0,1.0
10453,8,1.0,0.0
10454,8,0.5,0.5
10455,8,1.0,0.0
10456,8,0.5,0.5
10457,8,1.0,0.0
10458,8,1.0,0.0
10459,8,0.5,0.5
10460,8,1.0,0.0
10461,8,0.75,0.25
10462,8,0.5,0.5
10463,8,1.0,0.0
10464,8,1.0,0.0
10465,8,1.0,0.0
10466,8,0.5,0.5
10467,8,1.0,0.0
10468,8,0.5,0.5
10469,8,0.5,0.5
10470,8,1.0,0.0
10471,8,0.5,0.5
10472,8,0.5,0.5
10473,8,0.5,0.5
10474,8,0.5,0.5
10475,8,1.0,0.0
10476,8,1.0,0.0
10477,8,0.5,0.5
10478,8,0.5526315789473684,0.4473684210526316
10479,8,0.38888888888888884,0.6111111111111112
10480,8,0.625,0.375
10481,8,0.5,0.5
10482,8,0.0,1.0
10483,8,0.0,1.0
10484,8,1.0,0.0
10485,8,0.5,0.5
10486,8,0.875,0.125
10487,8,0.0,1.0
10488,8,1.0,0.0
10489,8,0.5,0.5
10490,8,1.0,0.0
10491,8,0.6666666666666667,0.3333333333333333
10492,8,0.0,1.0
10493,8,1.0,0.0
10494,8,1.0,0.0
10495,8,0.0,1.0
10496,8,1.0,0.0
10497,8,0.5,0.5
10498,8,0.0,1.0
10499,8,1.0,0.0
10500,8,0.5,0.5
10501,8,0.5,0.5
10502,8,0.0,1.0
10503,8,0.0,1.0
10504,8,1.0,0.0
10505,8,0.25,0.75
10506,8,1.0,0.0
10507,8,1.0,0.0
10508,8,1.0,0.0
10509,8,0.0,1.0
10510,8,1.0,0.0
10511,8,1.0,0.0
10512,8,1.0,0.0
10513,8,1.0,0.0
10514,8,1.0,0.0
10515,8,0.0,1.0
10516,8,0.5,0.5
10517,8,1.0,0.0
10518,8,1.0,0.0
10519,8,1.0,0.0
10520,8,1.0,0.0
10521,8,1.0,0.0
10522,8,0.5,0.5
10523,8,1.0,0.0
10524,8,1.0,0.0
10525,8,0.0,1.0
10526,8,1.0,0.0
10527,8,1.0,0.0
10528,8,0.5,0.5
10529,8,1.0,0.0
10530,8,0.5,0.5
10531,8,1.0,0.0
10532,8,0.25,0.75
10533,8,1.0,0.0
10534,8,0.4,0.6
10535,8,1.0,0.0
10536,8,0.0,1.0
10537,8,0.0,1.0
10538,8,1.0,0.0
10539,8,1.0,0.0
10540,8,0.5,0.5
10541,8,1.0,0.0
10542,8,0.5,0.5
10543,8,0.5,0.5
10544,8,1.0,0.0
10545,8,1.0,0.0
10546,8,1.0,0.0
10547,8,1.0,0.0
10548,8,0.0,1.0
10549,8,0.5,0.5
10550,8,0.5,0.5
10551,8,1.0,0.0
10552,8,0.5,0.5
10553,8,0.5,0.5
10554,8,0.5,0.5
10555,8,1.0,0.0
10556,8,0.0,1.0
10557,8,0.5,0.5
10558,8,1.0,0.0
10559,8,1.0,0.0
10560,8,1.0,0.0
10561,8,0.0,1.0
10562,8,0.0,1.0
10563,8,1.0,0.0
10564,8,0.33333333333333337,0.6666666666666666
10565,8,0.6111111111111112,0.3888888888888889
10566,8,0.8333333333333334,0.16666666666666666
10567,8,0.7142857142857143,0.2857142857142857
10568,8,0.6666666666666667,0.3333333333333333
10569,8,0.65,0.35
10570,8,0.5,0.5
10571,8,0.6666666666666667,0.3333333333333333
10572,8,0.25,0.75
10573,8,0.75,0.25
10574,8,0.7777777777777778,0.2222222222222222
10575,8,0.5,0.5
10576,8,0.6363636363636364,0.36363636363636365
10577,8,0.6666666666666667,0.3333333333333333
10578,8,0.5,0.5
10579,8,0.6666666666666667,0.3333333333333333
10580,8,0.6,0.4
10581,8,0.75,0.25
10582,8,0.65,0.35
10583,8,1.0,0.0
10584,8,0.5,0.5
10585,8,1.0,0.0
10586,8,1.0,0.0
10587,8,0.0,1.0
10588,8,1.0,0.0
10589,8,0.5,0.5
10590,8,1.0,0.0
10591,8,1.0,0.0
10592,8,0.5,0.5
10593,8,0.6666666666666667,0.3333333333333333
10594,8,1.0,0.0
10595,8,1.0,0.0
10596,8,0.5,0.5
10597,8,0.0,1.0
10598,8,0.25,0.75
10599,8,1.0,0.0
10600,8,0.75,0.25
10601,8,0.4,0.6
10602,8,0.6666666666666667,0.3333333333333333
10603,8,0.45833333333333337,0.5416666666666666
10604,8,0.75,0.25
10605,8,0.0,1.0
10606,8,0.5,0.5
10607,8,1.0,0.0
10608,8,0.5,0.5
10609,8,0.0,1.0
10610,8,0.0,1.0
10611,8,0.16666666666666663,0.8333333333333334
10612,8,0.5,0.5
10613,8,0.25,0.75
10614,8,0.25,0.75
10615,8,1.0,0.0
10616,8,1.0,0.0
10617,8,0.875,0.125
10618,8,0.25,0.75
10619,8,0.0,1.0
10620,8,0.5,0.5
10621,8,1.0,0.0
10622,8,1.0,0.0
10623,8,1.0,0.0
10624,8,0.5,0.5
10625,8,0.36363636363636365,0.6363636363636364
10626,8,0.875,0.125
10627,8,0.5,0.5
10628,8,0.0,1.0
10629,8,1.0,0.0
10630,8,1.0,0.0
10631,8,0.5,0.5
10632,8,1.0,0.0
10633,8,1.0,0.0
10634,8,0.5,0.5
10635,8,0.0,1.0
10636,8,1.0,0.0
10637,8,0.5,0.5
10638,8,0.0,1.0
10639,8,0.5,0.5
10640,8,0.0,1.0
10641,8,0.75,0.25
10642,8,0.0,1.0
10643,8,1.0,0.0
10644,8,0.33333333333333337,0.6666666666666666
10645,8,1.0,0.0
10646,8,1.0,0.0
10647,8,0.5,0.5
10648,8,1.0,0.0
10649,8,0.0,1.0
10650,8,1.0,0.0
10651,8,0.0,1.0
10652,8,0.5,0.5
10653,8,0.5,0.5
10654,8,0.5,0.5
10655,8,1.0,0.0
10656,8,1.0,0.0
10657,8,1.0,0.0
10658,8,1.0,0.0
10659,8,1.0,0.0
10660,8,0.0,1.0
10661,8,0.5,0.5
10662,8,1.0,0.0
10663,8,0.0,1.0
10664,8,1.0,0.0
10665,8,1.0,0.0
10666,8,0.6,0.4
10667,8,1.0,0.0
10668,8,0.25,0.75
10669,8,1.0,0.0
10670,8,0.5,0.5
10671,8,0.75,0.25
10672,8,1.0,0.0
10673,8,1.0,0.0
10674,8,1.0,0.0
10675,8,1.0,0.0
10676,8,1.0,0.0
10677,8,0.0,1.0
10678,8,1.0,0.0
10679,8,0.0,1.0
10680,8,1.0,0.0
10681,8,0.5,0.5
10682,8,0.0,1.0
10683,8,0.5,0.5
10684,8,1.0,0.0
10685,8,0.5,0.5
10686,8,1.0,0.0
10687,8,0.875,0.125
10688,8,1.0,0.0
10689,8,1.0,0.0
10690,8,0.75,0.25
10691,8,0.5,0.5
10692,8,1.0,0.0
10693,8,0.0,1.0
10694,8,0.25,0.75
10695,8,1.0,0.0
10696,8,1.0,0.0
10697,8,1.0,0.0
10698,8,1.0,0.0
10699,8,0.5,0.5
10700,8,1.0,0.0
10701,8,0.0,1.0
10702,8,1.0,0.0
10703,8,0.5,0.5
10704,8,0.5,0.5
10705,8,1.0,0.0
10706,8,0.5,0.5
10707,8,0.0,1.0
10708,8,0.75,0.25
10709,8,1.0,0.0
10710,8,0.0,1.0
10711,8,1.0,0.0
10712,8,1.0,0.0
10713,8,1.0,0.0
10714,8,0.25,0.75
10715,8,1.0,0.0
10716,8,0.5,0.5
10717,8,1.0,0.0
10718,8,0.8333333333333334,0.16666666666666666
10719,8,1.0,0.0
10720,8,0.8333333333333334,0.16666666666666666
10721,8,0.625,0.375
10722,8,1.0,0.0
10723,8,1.0,0.0
10724,8,0.5,0.5
10725,8,0.5,0.5
10726,8,1.0,0.0
10727,8,1.0,0.0
10728,8,0.5,0.5
10729,8,0.33333333333333337,0.6666666666666666
10730,8,1.0,0.0
10731,8,1.0,0.0
10732,8,1.0,0.0
10733,8,1.0,0.0
10734,8,0.5,0.5
10735,8,0.5,0.5
10736,8,0.0,1.0
10737,8,0.0,1.0
10738,8,1.0,0.0
10739,8,1.0,0.0
10740,8,0.75,0.25
10741,8,1.0,0.0
10742,8,0.5,0.5
10743,8,0.5,0.5
10744,8,0.5,0.5
10745,8,0.6666666666666667,0.3333333333333333
10746,8,0.8333333333333334,0.16666666666666666
10747,8,0.0,1.0
10748,8,0.5,0.5
10749,8,0.75,0.25
10750,8,0.625,0.375
10751,8,0.875,0.125
10752,8,0.33333333333333337,0.6666666666666666
10753,8,0.5,0.5
10754,8,0.75,0.25
10755,8,0.625,0.375
10756,8,0.5595238095238095,0.44047619047619047
10757,8,0.5238095238095238,0.47619047619047616
10758,8,0.603448275862069,0.39655172413793105
10759,8,0.33333333333333337,0.6666666666666666
10760,8,0.6875,0.3125
10761,8,0.5555555555555556,0.4444444444444444
10762,8,1.0,0.0
10763,8,1.0,0.0
10764,8,1.0,0.0
10765,8,0.6666666666666667,0.3333333333333333
10766,8,1.0,0.0
10767,8,1.0,0.0
10768,8,0.0,1.0
10769,8,1.0,0.0
10770,8,1.0,0.0
10771,8,0.0,1.0
10772,8,0.0,1.0
10773,8,1.0,0.0
10774,8,0.5,0.5
10775,8,0.0,1.0
10776,8,0.5,0.5
10777,8,1.0,0.0
10778,8,1.0,0.0
10779,8,0.0,1.0
10780,8,0.0,1.0
10781,8,0.5,0.5
10782,8,0.0,1.0
10783,8,0.5,0.5
10784,8,1.0,0.0
10785,8,1.0,0.0
10786,8,0.5,0.5
10787,8,1.0,0.0
10788,8,0.0,1.0
10789,8,1.0,0.0
10790,8,1.0,0.0
10791,8,1.0,0.0
10792,8,1.0,0.0
10793,8,0.5,0.5
10794,8,1.0,0.0
10795,8,0.6666666666666667,0.3333333333333333
10796,8,0.7142857142857143,0.2857142857142857
10797,8,0.4545454545454546,0.5454545454545454
10798,8,0.6428571428571428,0.35714285714285715
10799,8,0.0,1.0
10800,8,1.0,0.0
10801,8,1.0,0.0
10802,8,0.25,0.75
10803,8,0.5,0.5
10804,8,0.75,0.25
10805,8,0.5,0.5
10806,8,0.5,0.5
10807,8,0.625,0.375
10808,8,0.25,0.75
10809,8,0.16666666666666663,0.8333333333333334
10810,8,1.0,0.0
10811,8,1.0,0.0
10812,8,0.0,1.0
10813,8,1.0,0.0
10814,8,0.5,0.5
10815,8,1.0,0.0
10816,8,1.0,0.0
10817,8,1.0,0.0
10818,8,1.0,0.0
10819,8,0.5,0.5
10820,8,0.5,0.5
10821,8,0.0,1.0
10822,8,0.42592592592592593,0.5740740740740741
10823,8,1.0,0.0
10824,8,0.8333333333333334,0.16666666666666666
10825,8,0.6666666666666667,0.3333333333333333
10826,8,1.0,0.0
10827,8,1.0,0.0
10828,8,0.0,1.0
10829,8,0.5,0.5
10830,8,1.0,0.0
10831,8,1.0,0.0
10832,8,1.0,0.0
10833,8,0.0,1.0
10834,8,0.0,1.0
10835,8,0.0,1.0
10836,8,0.25,0.75
10837,8,0.0,1.0
10838,8,0.25,0.75
10839,8,0.0,1.0
10840,8,0.0,1.0
10841,8,0.5,0.5
10842,8,0.5,0.5
10843,8,1.0,0.0
10844,8,0.0,1.0
10845,8,0.5,0.5
10846,8,1.0,0.0
10847,8,0.5,0.5
10848,8,1.0,0.0
10849,8,1.0,0.0
10850,8,0.5,0.5
10851,8,1.0,0.0
10852,8,0.0,1.0
10853,8,0.5,0.5
10854,8,0.5,0.5
10855,8,1.0,0.0
10856,8,0.0,1.0
10857,8,0.0,1.0
10858,8,0.0,1.0
10859,8,0.30000000000000004,0.7
10860,8,1.0,0.0
10861,8,0.0,1.0
10862,8,0.5,0.5
10863,8,0.5,0.5
10864,8,0.9375,0.0625
10865,8,1.0,0.0
10866,8,1.0,0.0
10867,8,1.0,0.0
10868,8,0.0,1.0
10869,8,1.0,0.0
10870,8,1.0,0.0
10871,8,1.0,0.0
10872,8,1.0,0.0
10873,8,1.0,0.0
10874,8,0.75,0.25
10875,8,0.5,0.5
10876,8,1.0,0.0
10877,8,0.0,1.0
10878,8,0.0,1.0
10879,8,0.0,1.0
10880,8,1.0,0.0
10881,8,0.0,1.0
10882,8,1.0,0.0
10883,8,1.0,0.0
10884,8,0.5,0.5
10885,8,0.0,1.0
10886,8,0.5,0.5
10887,8,1.0,0.0
10888,8,0.5,0.5
10889,8,0.0,1.0
10890,8,0.0,1.0
10891,8,1.0,0.0
10892,8,1.0,0.0
10893,8,1.0,0.0
10894,8,0.0,1.0
10895,8,0.0,1.0
10896,8,1.0,0.0
10897,8,0.25,0.75
10898,8,1.0,0.0
10899,8,0.0,1.0
10900,8,0.5,0.5
10901,8,0.0,1.0
10902,8,0.0,1.0
10903,8,0.5,0.5
10904,8,1.0,0.0
10905,8,1.0,0.0
10906,8,0.33333333333333337,0.6666666666666666
10907,8,0.0,1.0
10908,8,0.0,1.0
10909,8,1.0,0.0
10910,8,0.0,1.0
10911,8,1.0,0.0
10912,8,1.0,0.0
10913,8,0.0,1.0
10914,8,0.5,0.5
10915,8,0.0,1.0
10916,8,0.5,0.5
10917,8,0.375,0.625
10918,8,0.5,0.5
10919,8,0.5,0.5
10920,8,1.0,0.0
10921,8,1.0,0.0
10922,8,0.5,0.5
10923,8,0.6,0.4
10924,8,0.6666666666666667,0.3333333333333333
10925,8,0.5,0.5
10926,8,1.0,0.0
10927,8,0.0,1.0
10928,8,0.5,0.5
10929,8,0.75,0.25
10930,8,0.5,0.5
10931,8,1.0,0.0
10932,8,1.0,0.0
10933,8,1.0,0.0
10934,8,0.0,1.0
10935,8,0.0,1.0
10936,8,1.0,0.0
10937,8,1.0,0.0
10938,8,0.0,1.0
10939,8,0.0,1.0
10940,8,1.0,0.0
10941,8,0.5,0.5
10942,8,1.0,0.0
10943,8,1.0,0.0
10944,8,0.0,1.0
10945,8,0.5,0.5
10946,8,0.0,1.0
10947,8,0.0,1.0
10948,8,1.0,0.0
10949,8,0.0,1.0
10950,8,0.0,1.0
10951,8,0.5,0.5
10952,8,0.0,1.0
10953,8,1.0,0.0
10954,8,0.5,0.5
10955,8,0.0,1.0
10956,8,1.0,0.0
10957,8,1.0,0.0
10958,8,1.0,0.0
10959,8,0.5,0.5
10960,8,1.0,0.0
10961,8,0.25,0.75
10962,8,0.33333333333333337,0.6666666666666666
10963,8,0.16666666666666663,0.8333333333333334
10964,8,0.75,0.25
10965,8,0.5,0.5
10966,8,0.25,0.75
10967,8,0.16666666666666663,0.8333333333333334
10968,8,0.5,0.5
10969,8,0.5,0.5
10970,8,0.5,0.5
10971,8,1.0,0.0
10972,8,1.0,0.0
10973,8,0.0,1.0
10974,8,1.0,0.0
10975,8,0.5,0.5
10976,8,0.0,1.0
10977,8,0.0,1.0
10978,8,0.75,0.25
10979,8,0.5,0.5
10980,8,0.5,0.5
10981,8,0.5,0.5
10982,8,0.0,1.0
10983,8,1.0,0.0
10984,8,0.0,1.0
10985,8,1.0,0.0
10986,8,0.0,1.0
10987,8,0.0,1.0
10988,8,0.33333333333333337,0.6666666666666666
10989,8,1.0,0.0
10990,8,1.0,0.0
10991,8,1.0,0.0
10992,8,1.0,0.0
10993,8,0.125,0.875
10994,8,0.5,0.5
10995,8,0.0,1.0
10996,8,1.0,0.0
10997,8,0.0,1.0
10998,8,0.0,1.0
10999,8,0.0,1.0
11000,8,0.5,0.5
11001,8,0.25,0.75
11002,8,1.0,0.0
11003,8,0.5,0.5
11004,8,0.0,1.0
11005,8,1.0,0.0
11006,8,0.25,0.75
11007,8,0.0,1.0
11008,8,1.0,0.0
11009,8,0.0,1.0
11010,8,1.0,0.0
11011,8,0.5,0.5
11012,8,1.0,0.0
11013,8,1.0,0.0
11014,8,1.0,0.0
11015,8,0.5,0.5
11016,8,0.0,1.0
11017,8,0.5,0.5
11018,8,1.0,0.0
11019,8,1.0,0.0
11020,8,1.0,0.0
11021,8,0.5,0.5
11022,8,0.5,0.5
11023,8,0.625,0.375
11024,8,1.0,0.0
11025,8,0.5,0.5
11026,8,1.0,0.0
11027,8,1.0,0.0
11028,8,0.0,1.0
11029,8,0.5,0.5
11030,8,0.0,1.0
11031,8,0.0,1.0
11032,8,0.0,1.0
11033,8,1.0,0.0
11034,8,0.5,0.5
11035,8,0.5,0.5
11036,8,0.3571428571428571,0.6428571428571429
11037,8,0.0,1.0
11038,8,0.0,1.0
11039,8,0.25,0.75
11040,8,1.0,0.0
11041,8,1.0,0.0
11042,8,0.5,0.5
11043,8,0.25,0.75
11044,8,1.0,0.0
11045,8,1.0,0.0
11046,8,0.5,0.5
11047,8,0.25,0.75
11048,8,0.25,0.75
11049,8,0.0,1.0
11050,8,0.0,1.0
11051,8,0.5,0.5
11052,8,0.5,0.5
11053,8,0.0,1.0
11054,8,0.5,0.5
11055,8,0.0,1.0
11056,8,0.30000000000000004,0.7
11057,8,1.0,0.0
11058,8,0.4,0.6
11059,8,0.5,0.5
11060,8,0.5,0.5
11061,8,0.25,0.75
11062,8,0.5,0.5
11063,8,0.0,1.0
11064,8,0.33333333333333337,0.6666666666666666
11065,8,0.75,0.25
11066,8,0.09999999999999998,0.9
11067,8,0.5,0.5
11068,8,0.5,0.5
11069,8,0.0,1.0
11070,8,0.0,1.0
11071,8,0.0,1.0
11072,8,0.0,1.0
11073,8,1.0,0.0
11074,8,0.5,0.5
11075,8,0.0,1.0
11076,8,0.0,1.0
11077,8,0.0,1.0
11078,8,1.0,0.0
11079,8,0.16666666666666663,0.8333333333333334
11080,8,0.5,0.5
11081,8,0.5,0.5
11082,8,0.5,0.5
11083,8,0.0,1.0
11084,8,0.25,0.75
11085,8,0.625,0.375
11086,8,0.5,0.5
11087,8,1.0,0.0
11088,8,0.0,1.0
11089,8,1.0,0.0
11090,8,1.0,0.0
11091,8,1.0,0.0
11092,8,0.5,0.5
11093,8,0.0,1.0
11094,8,0.0,1.0
11095,8,0.5,0.5
11096,8,0.0,1.0
11097,8,0.0,1.0
11098,8,1.0,0.0
11099,8,0.0,1.0
11100,8,0.25,0.75
11101,8,0.5,0.5
11102,8,0.0,1.0
11103,8,0.5,0.5
11104,8,1.0,0.0
11105,8,1.0,0.0
11106,8,0.25,0.75
11107,8,0.0,1.0
11108,8,0.5,0.5
11109,8,0.5,0.5
11110,8,0.0,1.0
11111,8,0.4,0.6
11112,8,0.0,1.0
11113,8,0.0,1.0
11114,8,0.0,1.0
11115,8,0.5,0.5
11116,8,0.5,0.5
11117,8,0.5,0.5
11118,8,0.0,1.0
11119,8,0.16666666666666663,0.8333333333333334
11120,8,0.0,1.0
11121,8,0.0,1.0
11122,8,0.5,0.5
11123,8,0.5,0.5
11124,8,1.0,0.0
11125,8,0.25,0.75
11126,8,0.75,0.25
11127,8,0.5,0.5
11128,8,0.0,1.0
11129,8,0.0,1.0
11130,8,1.0,0.0
11131,8,0.5,0.5
11132,8,0.0,1.0
11133,8,0.25,0.75
11134,8,0.75,0.25
11135,8,0.0,1.0
11136,8,1.0,0.0
11137,8,0.5,0.5
11138,8,0.25,0.75
11139,8,0.0,1.0
11140,8,0.5,0.5
11141,8,1.0,0.0
11142,8,1.0,0.0
11143,8,1.0,0.0
11144,8,0.0,1.0
11145,8,0.0,1.0
11146,8,1.0,0.0
11147,8,0.5,0.5
11148,8,0.5,0.5
11149,8,1.0,0.0
11150,8,0.0,1.0
11151,8,1.0,0.0
11152,8,1.0,0.0
11153,8,0.0,1.0
11154,8,0.0,1.0
11155,8,0.5,0.5
11156,8,0.5,0.5
11157,8,1.0,0.0
11158,8,0.5,0.5
11159,8,0.75,0.25
11160,8,0.5,0.5
11161,8,0.0,1.0
11162,8,0.0,1.0
11163,8,1.0,0.0
11164,8,0.25,0.75
11165,8,0.0,1.0
11166,8,0.0,1.0
11167,8,0.0,1.0
11168,8,1.0,0.0
11169,8,0.25,0.75
11170,8,0.5,0.5
11171,8,1.0,0.0
11172,8,0.5,0.5
11173,8,0.0,1.0
11174,8,0.0,1.0
11175,8,1.0,0.0
11176,8,0.0,1.0
11177,8,0.0,1.0
11178,8,0.5,0.5
11179,8,0.5,0.5
11180,8,0.5,0.5
11181,8,0.5,0.5
11182,8,0.8333333333333334,0.16666666666666666
11183,8,0.0,1.0
11184,8,0.0,1.0
11185,8,1.0,0.0
11186,8,0.5,0.5
11187,8,0.0,1.0
11188,8,1.0,0.0
11189,8,1.0,0.0
11190,8,0.5,0.5
11191,8,0.0,1.0
11192,8,1.0,0.0
11193,8,0.0,1.0
11194,8,0.5,0.5
11195,8,0.5,0.5
11196,8,0.0,1.0
11197,8,0.0,1.0
11198,8,0.5,0.5
11199,8,1.0,0.0
11200,8,0.75,0.25
11201,8,0.0,1.0
11202,8,1.0,0.0
11203,8,0.0,1.0
11204,8,0.0,1.0
11205,8,1.0,0.0
11206,8,0.0,1.0
11207,8,0.0,1.0
11208,8,0.5,0.5
11209,8,0.0,1.0
11210,8,1.0,0.0
11211,8,1.0,0.0
11212,8,1.0,0.0
11213,8,0.5,0.5
11214,8,0.0,1.0
11215,8,0.5,0.5
11216,8,0.0,1.0
11217,8,0.5,0.5
11218,8,0.0,1.0
11219,8,0.0,1.0
11220,8,0.0,1.0
11221,8,0.7,0.3
11222,8,0.5,0.5
11223,8,0.5,0.5
11224,8,0.5,0.5
11225,8,0.5,0.5
11226,8,0.5,0.5
11227,8,0.5,0.5
11228,8,1.0,0.0
11229,8,0.5,0.5
11230,8,0.5,0.5
11231,8,0.0,1.0
11232,8,0.0,1.0
11233,8,0.5,0.5
11234,8,0.5,0.5
11235,8,0.5,0.5
11236,8,0.5,0.5
11237,8,0.0,1.0
11238,8,0.5,0.5
11239,8,0.0,1.0
11240,8,0.125,0.875
11241,8,1.0,0.0
11242,8,1.0,0.0
11243,8,0.5,0.5
11244,8,0.8333333333333334,0.16666666666666666
11245,8,0.0,1.0
11246,8,0.45833333333333337,0.5416666666666666
11247,8,0.0,1.0
11248,8,0.0,1.0
11249,8,0.16666666666666663,0.8333333333333334
11250,8,0.0,1.0
11251,8,0.0,1.0
11252,8,0.5,0.5
11253,8,0.0,1.0
11254,8,0.0,1.0
11255,8,0.5,0.5
11256,8,0.5,0.5
11257,8,0.0,1.0
11258,8,1.0,0.0
11259,8,0.0,1.0
11260,8,0.0,1.0
11261,8,0.0,1.0
11262,8,0.5,0.5
11263,8,0.5,0.5
11264,8,0.5,0.5
11265,8,0.0,1.0
11266,8,0.0,1.0
11267,8,0.5833333333333333,0.4166666666666667
11268,8,0.0,1.0
11269,8,0.0,1.0
11270,8,0.0,1.0
11271,8,0.0,1.0
11272,8,0.0,1.0
11273,8,0.33333333333333337,0.6666666666666666
11274,8,0.0,1.0
11275,8,0.8333333333333334,0.16666666666666666
11276,8,0.0,1.0
11277,8,0.5,0.5
11278,8,0.25,0.75
11279,8,1.0,0.0
11280,8,1.0,0.0
11281,8,0.0,1.0
11282,8,0.5,0.5
11283,8,0.5,0.5
11284,8,0.5,0.5
11285,8,0.0,1.0
11286,8,0.0,1.0
11287,8,0.0,1.0
11288,8,0.0,1.0
11289,8,0.0,1.0
11290,8,0.0,1.0
11291,8,1.0,0.0
11292,8,0.0,1.0
11293,8,0.0,1.0
11294,8,0.5,0.5
11295,8,0.0,1.0
11296,8,1.0,0.0
11297,8,0.5,0.5
11298,8,0.5,0.5
11299,8,0.0,1.0
11300,8,0.0,1.0
11301,8,0.0,1.0
11302,8,0.0,1.0
11303,8,0.0,1.0
11304,8,1.0,0.0
11305,8,0.5,0.5
11306,8,0.0,1.0
11307,8,0.5,0.5
11308,8,0.0,1.0
11309,8,0.0,1.0
11310,8,0.0,1.0
11311,8,0.5,0.5
11312,8,0.0,1.0
11313,8,0.25,0.75
11314,8,0.25,0.75
11315,8,0.0,1.0
11316,8,0.5,0.5
11317,8,0.5,0.5
11318,8,0.5,0.5
11319,8,0.5,0.5
11320,8,0.0,1.0
11321,8,0.5,0.5
11322,8,1.0,0.0
11323,8,0.5,0.5
11324,8,0.0,1.0
11325,8,0.0,1.0
11326,8,0.0,1.0
11327,8,0.5,0.5
11328,8,0.0,1.0
11329,8,0.5,0.5
11330,8,0.8333333333333334,0.16666666666666666
11331,8,0.6666666666666667,0.3333333333333333
11332,8,0.5,0.5
11333,8,0.5,0.5
11334,8,0.5,0.5
11335,8,1.0,0.0
11336,8,1.0,0.0
11337,8,0.5,0.5
11338,8,0.5,0.5
11339,8,0.0,1.0
11340,8,1.0,0.0
11341,8,0.33333333333333337,0.6666666666666666
11342,8,0.5,0.5
11343,8,0.0,1.0
11344,8,1.0,0.0
11345,8,0.5,0.5
11346,8,1.0,0.0
11347,8,1.0,0.0
11348,8,1.0,0.0
11349,8,0.0,1.0
11350,8,0.0,1.0
11351,8,0.625,0.375
11352,8,1.0,0.0
11353,8,1.0,0.0
11354,8,1.0,0.0
11355,8,0.0,1.0
11356,8,1.0,0.0
11357,8,1.0,0.0
11358,8,0.5,0.5
11359,8,1.0,0.0
11360,8,1.0,0.0
11361,8,0.30000000000000004,0.7
11362,8,1.0,0.0
11363,8,0.5,0.5
11364,8,0.0,1.0
11365,8,0.5,0.5
11366,8,0.25,0.75
11367,8,0.5,0.5
11368,8,0.33333333333333337,0.6666666666666666
11369,8,0.0,1.0
11370,8,0.5,0.5
11371,8,0.0,1.0
11372,8,0.0,1.0
11373,8,0.0,1.0
11374,8,0.30000000000000004,0.7
11375,8,0.0,1.0
11376,8,0.0,1.0
11377,8,0.25,0.75
11378,8,0.5,0.5
11379,8,0.0,1.0
11380,8,0.5,0.5
11381,8,1.0,0.0
11382,8,0.5,0.5
11383,8,0.5,0.5
11384,8,0.0,1.0
11385,8,0.5,0.5
11386,8,1.0,0.0
11387,8,0.0,1.0
11388,8,1.0,0.0
11389,8,0.75,0.25
11390,8,1.0,0.0
11391,8,1.0,0.0
11392,8,1.0,0.0
11393,8,0.0,1.0
11394,8,1.0,0.0
11395,8,1.0,0.0
11396,8,1.0,0.0
11397,8,1.0,0.0
11398,8,1.0,0.0
11399,8,0.5,0.5
11400,8,0.5,0.5
11401,8,0.5,0.5
11402,8,1.0,0.0
11403,8,0.5,0.5
11404,8,1.0,0.0
11405,8,1.0,0.0
11406,8,1.0,0.0
11407,8,1.0,0.0
11408,8,1.0,0.0
11409,8,0.0,1.0
11410,8,1.0,0.0
11411,8,0.0,1.0
11412,8,0.5,0.5
11413,8,1.0,0.0
11414,8,1.0,0.0
11415,8,1.0,0.0
11416,8,0.0,1.0
11417,8,0.0,1.0
11418,8,0.5,0.5
11419,8,0.0,1.0
11420,8,0.5,0.5
11421,8,0.0,1.0
11422,8,0.5,0.5
11423,8,1.0,0.0
11424,8,1.0,0.0
11425,8,1.0,0.0
11426,8,0.0,1.0
11427,8,0.5,0.5
11428,8,1.0,0.0
11429,8,1.0,0.0
11430,8,1.0,0.0
11431,8,0.9047619047619048,0.09523809523809523
11432,8,1.0,0.0
11433,8,1.0,0.0
11434,8,0.5,0.5
11435,8,0.875,0.125
11436,8,1.0,0.0
11437,8,0.0,1.0
11438,8,0.5,0.5
11439,8,1.0,0.0
11440,8,1.0,0.0
11441,8,1.0,0.0
11442,8,1.0,0.0
11443,8,1.0,0.0
11444,8,0.5555555555555556,0.4444444444444444
11445,8,0.5588235294117647,0.4411764705882353
11446,8,0.675,0.325
11447,8,0.0,1.0
11448,8,0.5,0.5
11449,8,0.0,1.0
11450,8,1.0,0.0
11451,8,0.5,0.5
11452,8,1.0,0.0
11453,8,0.0,1.0
11454,8,0.0,1.0
11455,8,0.75,0.25
11456,8,1.0,0.0
11457,8,0.0,1.0
11458,8,1.0,0.0
11459,8,1.0,0.0
11460,8,0.5,0.5
11461,8,1.0,0.0
11462,8,1.0,0.0
11463,8,0.5,0.5
11464,8,0.0,1.0
11465,8,0.5,0.5
11466,8,0.0,1.0
11467,8,0.0,1.0
11468,8,1.0,0.0
11469,8,0.625,0.375
11470,8,0.5,0.5
11471,8,0.5,0.5
11472,8,0.0,1.0
11473,8,1.0,0.0
11474,8,0.75,0.25
11475,8,0.5,0.5
11476,8,0.6666666666666667,0.3333333333333333
11477,8,0.5,0.5
11478,8,0.25,0.75
11479,8,0.5,0.5
11480,8,0.7,0.3
11481,8,0.5,0.5
11482,8,0.0,1.0
11483,8,0.0,1.0
11484,8,0.0,1.0
11485,8,0.0,1.0
11486,8,0.0,1.0
11487,8,1.0,0.0
11488,8,0.25,0.75
11489,8,0.5,0.5
11490,8,0.0,1.0
11491,8,0.0,1.0
11492,8,1.0,0.0
11493,8,1.0,0.0
11494,8,1.0,0.0
11495,8,1.0,0.0
11496,8,1.0,0.0
11497,8,0.75,0.25
11498,8,0.8333333333333334,0.16666666666666666
11499,8,0.0,1.0
11500,8,0.5,0.5
11501,8,1.0,0.0
11502,8,1.0,0.0
11503,8,1.0,0.0
11504,8,1.0,0.0
11505,8,0.0,1.0
11506,8,1.0,0.0
11507,8,0.75,0.25
11508,8,1.0,0.0
11509,8,0.5,0.5
11510,8,1.0,0.0
11511,8,1.0,0.0
11512,8,0.0,1.0
11513,8,1.0,0.0
11514,8,1.0,0.0
11515,8,0.0,1.0
11516,8,0.0,1.0
11517,8,1.0,0.0
11518,8,0.5,0.5
11519,8,1.0,0.0
11520,8,1.0,0.0
11521,8,1.0,0.0
11522,8,1.0,0.0
11523,8,1.0,0.0
11524,8,0.6666666666666667,0.3333333333333333
11525,8,0.5,0.5
11526,8,1.0,0.0
11527,8,1.0,0.0
11528,8,1.0,0.0
11529,8,1.0,0.0
11530,8,0.0,1.0
11531,8,0.5,0.5
11532,8,1.0,0.0
11533,8,0.5,0.5
11534,8,0.5,0.5
11535,8,0.0,1.0
11536,8,1.0,0.0
11537,8,0.5,0.5
11538,8,1.0,0.0
11539,8,0.5,0.5
11540,8,1.0,0.0
11541,8,1.0,0.0
11542,8,0.5,0.5
11543,8,1.0,0.0
11544,8,0.0,1.0
11545,8,0.5,0.5
11546,8,0.0,1.0
11547,8,1.0,0.0
11548,8,0.0,1.0
11549,8,0.5,0.5
11550,8,1.0,0.0
11551,8,0.0,1.0
11552,8,0.5,0.5
11553,8,0.75,0.25
11554,8,0.5,0.5
11555,8,0.0,1.0
11556,8,1.0,0.0
11557,8,0.5,0.5
11558,8,0.5,0.5
11559,8,0.5,0.5
11560,8,1.0,0.0
11561,8,1.0,0.0
11562,8,1.0,0.0
11563,8,0.0,1.0
11564,8,0.5,0.5
11565,8,1.0,0.0
11566,8,1.0,0.0
11567,8,0.5,0.5
11568,8,0.5,0.5
11569,8,1.0,0.0
11570,8,1.0,0.0
11571,8,1.0,0.0
11572,8,1.0,0.0
11573,8,0.0,1.0
11574,8,0.5,0.5
11575,8,1.0,0.0
11576,8,0.0,1.0
11577,8,1.0,0.0
11578,8,1.0,0.0
11579,8,0.5,0.5
11580,8,0.0,1.0
11581,8,1.0,0.0
11582,8,1.0,0.0
11583,8,0.5,0.5
11584,8,1.0,0.0
11585,8,1.0,0.0
11586,8,1.0,0.0
11587,8,1.0,0.0
11588,8,0.0,1.0
11589,8,0.0,1.0
11590,8,0.6666666666666667,0.3333333333333333
11591,8,0.5,0.5
11592,8,0.0,1.0
11593,8,0.0,1.0
11594,8,0.0,1.0
11595,8,0.5,0.5
11596,8,0.5,0.5
11597,8,0.0,1.0
11598,8,0.5,0.5
11599,8,0.0,1.0
11600,8,1.0,0.0
11601,8,0.375,0.625
11602,8,1.0,0.0
11603,8,1.0,0.0
11604,8,1.0,0.0
11605,8,0.5,0.5
11606,8,0.0,1.0
11607,8,1.0,0.0
11608,8,1.0,0.0
11609,8,1.0,0.0
11610,8,0.0,1.0
11611,8,0.5,0.5
11612,8,1.0,0.0
11613,8,0.5,0.5
11614,8,0.5,0.5
11615,8,0.5,0.5
11616,8,0.5,0.5
11617,8,1.0,0.0
11618,8,0.5,0.5
11619,8,1.0,0.0
11620,8,1.0,0.0
11621,8,0.5,0.5
11622,8,0.5,0.5
11623,8,0.5,0.5
11624,8,0.5,0.5
11625,8,0.5,0.5
11626,8,1.0,0.0
11627,8,0.5,0.5
11628,8,1.0,0.0
11629,8,1.0,0.0
11630,8,0.5,0.5
11631,8,0.875,0.125
11632,8,0.0,1.0
11633,8,1.0,0.0
11634,8,1.0,0.0
11635,8,1.0,0.0
11636,8,0.75,0.25
11637,8,0.75,0.25
11638,8,0.625,0.375
11639,8,0.5,0.5
11640,8,1.0,0.0
11641,8,1.0,0.0
11642,8,0.5,0.5
11643,8,0.5,0.5
11644,8,0.75,0.25
11645,8,0.5,0.5
11646,8,0.5,0.5
11647,8,1.0,0.0
11648,8,0.5,0.5
11649,8,0.5,0.5
11650,8,1.0,0.0
11651,8,0.6388888888888888,0.3611111111111111
11652,8,0.5,0.5
11653,8,0.5,0.5
11654,8,0.8571428571428572,0.14285714285714285
11655,8,0.85,0.15
11656,8,1.0,0.0
11657,8,0.0,1.0
11658,8,0.6428571428571428,0.35714285714285715
11659,8,1.0,0.0
11660,8,1.0,0.0
11661,8,0.5,0.5
11662,8,1.0,0.0
11663,8,0.75,0.25
11664,8,0.9,0.1
11665,8,0.6666666666666667,0.3333333333333333
11666,8,1.0,0.0
11667,8,0.875,0.125
11668,8,1.0,0.0
11669,8,1.0,0.0
11670,8,1.0,0.0
11671,8,1.0,0.0
11672,8,1.0,0.0
11673,8,0.0,1.0
11674,8,1.0,0.0
11675,8,1.0,0.0
11676,8,0.5,0.5
11677,8,1.0,0.0
11678,8,1.0,0.0
11679,8,0.5,0.5
11680,8,0.0,1.0
11681,8,0.625,0.375
11682,8,0.5,0.5
11683,8,0.5,0.5
11684,8,0.5,0.5
11685,8,1.0,0.0
11686,8,0.5,0.5
11687,8,0.5,0.5
11688,8,1.0,0.0
11689,8,0.5,0.5
11690,8,0.0,1.0
11691,8,0.0,1.0
11692,8,1.0,0.0
11693,8,1.0,0.0
11694,8,0.5,0.5
11695,8,0.0,1.0
11696,8,0.8333333333333334,0.16666666666666666
11697,8,1.0,0.0
11698,8,1.0,0.0
11699,8,0.5,0.5
11700,8,0.7666666666666666,0.23333333333333334
11701,8,0.25,0.75
11702,8,1.0,0.0
11703,8,1.0,0.0
11704,8,1.0,0.0
11705,8,0.0,1.0
11706,8,0.5,0.5
11707,8,1.0,0.0
11708,8,0.5,0.5
11709,8,0.5,0.5
11710,8,0.5,0.5
11711,8,1.0,0.0
11712,8,0.875,0.125
11713,8,0.6666666666666667,0.3333333333333333
11714,8,0.5,0.5
11715,8,0.5,0.5
11716,8,1.0,0.0
11717,8,0.75,0.25
11718,8,0.8333333333333334,0.16666666666666666
11719,8,1.0,0.0
11720,8,0.25,0.75
11721,8,0.0,1.0
11722,8,0.0,1.0
11723,8,1.0,0.0
11724,8,0.5,0.5
11725,8,0.5,0.5
11726,8,0.6666666666666667,0.3333333333333333
11727,8,1.0,0.0
11728,8,1.0,0.0
11729,8,1.0,0.0
11730,8,1.0,0.0
11731,8,0.0,1.0
11732,8,0.0,1.0
11733,8,1.0,0.0
11734,8,0.5,0.5
11735,8,0.75,0.25
11736,8,0.5,0.5
11737,8,1.0,0.0
11738,8,0.0,1.0
11739,8,0.5,0.5
11740,8,0.5,0.5
11741,8,1.0,0.0
11742,8,0.25,0.75
11743,8,0.5,0.5
11744,8,0.0,1.0
11745,8,1.0,0.0
11746,8,0.5,0.5
11747,8,0.0,1.0
11748,8,1.0,0.0
11749,8,0.5,0.5
11750,8,0.6666666666666667,0.3333333333333333
11751,8,1.0,0.0
11752,8,1.0,0.0
11753,8,0.5,0.5
11754,8,0.5,0.5
11755,8,1.0,0.0
11756,8,0.5,0.5
11757,8,1.0,0.0
11758,8,0.0,1.0
11759,8,0.0,1.0
11760,8,1.0,0.0
11761,8,0.75,0.25
11762,8,0.75,0.25
11763,8,0.5,0.5
11764,8,0.5,0.5
11765,8,0.5,0.5
11766,8,0.625,0.375
11767,8,0.5,0.5
11768,8,0.5,0.5
11769,8,1.0,0.0
11770,8,0.5,0.5
11771,8,1.0,0.0
11772,8,0.5,0.5
11773,8,0.5,0.5
11774,8,1.0,0.0
11775,8,0.0,1.0
11776,8,0.5,0.5
11777,8,1.0,0.0
11778,8,1.0,0.0
11779,8,0.5,0.5
11780,8,0.5,0.5
11781,8,1.0,0.0
11782,8,0.5,0.5
11783,8,1.0,0.0
11784,8,1.0,0.0
11785,8,1.0,0.0
11786,8,1.0,0.0
11787,8,0.5,0.5
11788,8,0.5,0.5
11789,8,1.0,0.0
11790,8,0.5,0.5
11791,8,0.5,0.5
11792,8,1.0,0.0
11793,8,0.5,0.5
11794,8,0.0,1.0
11795,8,0.5,0.5
11796,8,0.5,0.5
11797,8,1.0,0.0
11798,8,0.5,0.5
11799,8,0.0,1.0
11800,8,0.5,0.5
11801,8,1.0,0.0
11802,8,1.0,0.0
11803,8,0.75,0.25
11804,8,0.5,0.5
11805,8,0.5,0.5
11806,8,1.0,0.0
11807,8,0.5,0.5
11808,8,0.5,0.5
11809,8,0.25,0.75
11810,8,1.0,0.0
11811,8,1.0,0.0
11812,8,1.0,0.0
11813,8,0.0,1.0
11814,8,0.5,0.5
11815,8,0.0,1.0
11816,8,0.5,0.5
11817,8,0.0,1.0
11818,8,0.8,0.2
11819,8,1.0,0.0
11820,8,0.0,1.0
11821,8,0.0,1.0
11822,8,1.0,0.0
11823,8,1.0,0.0
11824,8,1.0,0.0
11825,8,1.0,0.0
11826,8,1.0,0.0
11827,8,0.0,1.0
11828,8,1.0,0.0
11829,8,0.0,1.0
11830,8,1.0,0.0
11831,8,0.5,0.5
11832,8,1.0,0.0
11833,8,0.25,0.75
11834,8,0.5,0.5
11835,8,0.5,0.5
11836,8,0.5,0.5
11837,8,1.0,0.0
11838,8,0.0,1.0
11839,8,0.5,0.5
11840,8,1.0,0.0
11841,8,0.5,0.5
11842,8,0.5,0.5
11843,8,0.0,1.0
11844,8,1.0,0.0
11845,8,0.5,0.5
11846,8,0.0,1.0
11847,8,1.0,0.0
11848,8,1.0,0.0
11849,8,0.625,0.375
11850,8,0.5,0.5
11851,8,1.0,0.0
11852,8,1.0,0.0
11853,8,0.0,1.0
11854,8,1.0,0.0
11855,8,0.0,1.0
11856,8,1.0,0.0
11857,8,1.0,0.0
11858,8,0.25,0.75
11859,8,0.0,1.0
11860,8,0.25,0.75
11861,8,0.5,0.5
11862,8,0.6666666666666667,0.3333333333333333
11863,8,0.5,0.5
11864,8,0.5,0.5
11865,8,1.0,0.0
11866,8,1.0,0.0
11867,8,0.6923076923076923,0.3076923076923077
11868,8,0.5,0.5
11869,8,0.0,1.0
11870,8,0.25,0.75
11871,8,0.625,0.375
11872,8,0.75,0.25
11873,8,0.5,0.5
11874,8,1.0,0.0
11875,8,0.0,1.0
11876,8,0.5,0.5
11877,8,0.0,1.0
11878,8,0.5,0.5
11879,8,0.0,1.0
11880,8,0.16666666666666663,0.8333333333333334
11881,8,0.0,1.0
11882,8,0.5,0.5
11883,8,0.5,0.5
11884,8,1.0,0.0
11885,8,1.0,0.0
11886,8,1.0,0.0
11887,8,0.0,1.0
11888,8,0.0,1.0
11889,8,0.30000000000000004,0.7
11890,8,0.375,0.625
11891,8,0.5,0.5
11892,8,1.0,0.0
11893,8,0.0,1.0
11894,8,0.5,0.5
11895,8,0.25,0.75
11896,8,0.30000000000000004,0.7
11897,8,0.5,0.5
11898,8,0.5,0.5
11899,8,0.5,0.5
11900,8,0.5,0.5
11901,8,1.0,0.0
11902,8,1.0,0.0
11903,8,0.0,1.0
11904,8,0.5,0.5
11905,8,0.0,1.0
11906,8,1.0,0.0
11907,8,0.5,0.5
11908,8,0.0,1.0
11909,8,0.0,1.0
11910,8,0.0,1.0
11911,8,0.625,0.375
11912,8,0.5,0.5
11913,8,0.0,1.0
11914,8,0.75,0.25
11915,8,0.0,1.0
11916,8,0.0,1.0
11917,8,1.0,0.0
11918,8,1.0,0.0
11919,8,1.0,0.0
11920,8,0.0,1.0
11921,8,0.75,0.25
11922,8,1.0,0.0
11923,8,1.0,0.0
11924,8,0.0,1.0
11925,8,0.0,1.0
11926,8,1.0,0.0
11927,8,1.0,0.0
11928,8,0.0,1.0
11929,8,0.5,0.5
11930,8,1.0,0.0
11931,8,0.75,0.25
11932,8,0.5,0.5
11933,8,0.5,0.5
11934,8,0.75,0.25
11935,8,1.0,0.0
11936,8,1.0,0.0
11937,8,0.5,0.5
11938,8,0.7222222222222222,0.2777777777777778
11939,8,0.6666666666666667,0.3333333333333333
11940,8,0.5,0.5
11941,8,1.0,0.0
11942,8,0.0,1.0
11943,8,0.5,0.5
11944,8,1.0,0.0
11945,8,0.5,0.5
11946,8,0.25,0.75
11947,8,0.5,0.5
11948,8,0.5,0.5
11949,8,1.0,0.0
11950,8,1.0,0.0
11951,8,0.0,1.0
11952,8,1.0,0.0
11953,8,1.0,0.0
11954,8,0.5,0.5
11955,8,1.0,0.0
11956,8,1.0,0.0
11957,8,1.0,0.0
11958,8,0.6666666666666667,0.3333333333333333
11959,8,0.0,1.0
11960,8,0.0,1.0
11961,8,0.875,0.125
11962,8,0.5,0.5
11963,8,0.6666666666666667,0.3333333333333333
11964,8,0.6,0.4
11965,8,0.75,0.25
11966,8,0.0,1.0
11967,8,0.375,0.625
11968,8,1.0,0.0
11969,8,1.0,0.0
11970,8,0.0,1.0
11971,8,1.0,0.0
11972,8,1.0,0.0
11973,8,1.0,0.0
11974,8,1.0,0.0
11975,8,0.5,0.5
11976,8,0.0,1.0
11977,8,1.0,0.0
11978,8,1.0,0.0
11979,8,1.0,0.0
11980,8,0.75,0.25
11981,8,0.5,0.5
11982,8,1.0,0.0
11983,8,0.0,1.0
11984,8,0.5,0.5
11985,8,0.5,0.5
11986,8,1.0,0.0
11987,8,1.0,0.0
11988,8,1.0,0.0
11989,8,0.5,0.5
11990,8,0.0,1.0
11991,8,0.5,0.5
11992,8,1.0,0.0
11993,8,1.0,0.0
11994,8,0.25,0.75
11995,8,1.0,0.0
11996,8,1.0,0.0
11997,8,0.0,1.0
11998,8,1.0,0.0
11999,8,0.0,1.0
12000,8,1.0,0.0
12001,8,1.0,0.0
12002,8,0.5,0.5
12003,8,1.0,0.0
12004,8,1.0,0.0
12005,8,0.6666666666666667,0.3333333333333333
12006,8,1.0,0.0
12007,8,0.5,0.5
12008,8,1.0,0.0
12009,8,0.0,1.0
12010,8,0.5,0.5
12011,8,1.0,0.0
12012,8,0.5,0.5
12013,8,1.0,0.0
12014,8,0.5,0.5
12015,8,0.5,0.5
12016,8,1.0,0.0
12017,8,0.0,1.0
12018,8,0.0,1.0
12019,8,0.75,0.25
12020,8,1.0,0.0
12021,8,1.0,0.0
12022,8,1.0,0.0
12023,8,0.5,0.5
12024,8,0.75,0.25
12025,8,1.0,0.0
12026,8,1.0,0.0
12027,8,0.7,0.3
12028,8,0.0,1.0
12029,8,1.0,0.0
12030,8,0.5,0.5
12031,8,1.0,0.0
12032,8,0.75,0.25
12033,8,1.0,0.0
12034,8,0.0,1.0
12035,8,1.0,0.0
12036,8,0.5,0.5
12037,8,1.0,0.0
12038,8,0.6875,0.3125
12039,8,1.0,0.0
12040,8,1.0,0.0
12041,8,1.0,0.0
12042,8,1.0,0.0
12043,8,0.5,0.5
12044,8,1.0,0.0
12045,8,0.0,1.0
12046,8,0.5,0.5
12047,8,1.0,0.0
12048,8,0.7,0.3
12049,8,1.0,0.0
12050,8,0.8,0.2
12051,8,0.5,0.5
12052,8,0.5,0.5
12053,8,0.5,0.5
12054,8,0.0,1.0
12055,8,0.0,1.0
12056,8,0.5,0.5
12057,8,0.5,0.5
12058,8,0.5,0.5
12059,8,0.5,0.5
12060,8,0.5,0.5
12061,8,1.0,0.0
12062,8,0.0,1.0
12063,8,1.0,0.0
12064,8,0.33333333333333337,0.6666666666666666
12065,8,1.0,0.0
12066,8,0.0,1.0
12067,8,0.5,0.5
12068,8,1.0,0.0
12069,8,1.0,0.0
12070,8,1.0,0.0
12071,8,1.0,0.0
12072,8,1.0,0.0
12073,8,1.0,0.0
12074,8,0.5,0.5
12075,8,0.0,1.0
12076,8,1.0,0.0
12077,8,0.5,0.5
12078,8,1.0,0.0
12079,8,0.5,0.5
12080,8,0.5,0.5
12081,8,1.0,0.0
12082,8,0.5,0.5
12083,8,0.0,1.0
12084,8,0.0,1.0
12085,8,0.75,0.25
12086,8,1.0,0.0
12087,8,0.5,0.5
12088,8,0.25,0.75
12089,8,0.5,0.5
12090,8,0.0,1.0
12091,8,0.5,0.5
12092,8,0.5,0.5
12093,8,0.5,0.5
12094,8,1.0,0.0
12095,8,1.0,0.0
12096,8,0.5,0.5
12097,8,0.8333333333333334,0.16666666666666666
12098,8,0.5,0.5
12099,8,0.5,0.5
12100,8,0.5,0.5
12101,8,0.0,1.0
12102,8,0.5,0.5
12103,8,1.0,0.0
12104,8,0.25,0.75
12105,8,0.5,0.5
12106,9,0.6666666666666667,0.3333333333333333
12107,9,1.0,0.0
12108,9,1.0,0.0
12109,9,0.75,0.25
12110,9,0.5,0.5
12111,9,0.5,0.5
12112,9,0.0,1.0
12113,9,1.0,0.0
12114,9,1.0,0.0
12115,9,0.0,1.0
12116,9,0.0,1.0
12117,9,0.0,1.0
12118,9,0.5,0.5
12119,9,0.5,0.5
12120,9,0.75,0.25
12121,9,0.41666666666666663,0.5833333333333334
12122,9,0.0,1.0
12123,9,0.3125,0.6875
12124,9,0.5,0.5
12125,9,0.0,1.0
12126,9,0.0,1.0
12127,9,1.0,0.0
12128,9,0.0,1.0
12129,9,1.0,0.0
12130,9,0.5,0.5
12131,9,0.0,1.0
12132,9,0.8333333333333334,0.16666666666666666
12133,9,1.0,0.0
12134,9,1.0,0.0
12135,9,1.0,0.0
12136,9,0.25,0.75
12137,9,0.375,0.625
12138,9,1.0,0.0
12139,9,0.0,1.0
12140,9,0.0,1.0
12141,9,0.5,0.5
12142,9,1.0,0.0
12143,9,1.0,0.0
12144,9,0.5,0.5
12145,9,1.0,0.0
12146,9,0.5,0.5
12147,9,0.33333333333333337,0.6666666666666666
12148,9,1.0,0.0
12149,9,1.0,0.0
12150,9,1.0,0.0
12151,9,0.0,1.0
12152,9,0.5,0.5
12153,9,1.0,0.0
12154,9,0.5,0.5
12155,9,1.0,0.0
12156,9,0.5,0.5
12157,9,0.0,1.0
12158,9,1.0,0.0
12159,9,0.0,1.0
12160,9,0.25,0.75
12161,9,0.0,1.0
12162,9,1.0,0.0
12163,9,1.0,0.0
12164,9,1.0,0.0
12165,9,1.0,0.0
12166,9,1.0,0.0
12167,9,0.0,1.0
12168,9,1.0,0.0
12169,9,0.9,0.1
12170,9,0.33333333333333337,0.6666666666666666
12171,9,0.5,0.5
12172,9,1.0,0.0
12173,9,1.0,0.0
12174,9,0.0,1.0
12175,9,0.0,1.0
12176,9,0.0,1.0
12177,9,0.5,0.5
12178,9,0.0,1.0
12179,9,0.0,1.0
12180,9,1.0,0.0
12181,9,0.0,1.0
12182,9,1.0,0.0
12183,9,0.5,0.5
12184,9,0.6666666666666667,0.3333333333333333
12185,9,1.0,0.0
12186,9,1.0,0.0
12187,9,1.0,0.0
12188,9,0.0,1.0
12189,9,0.0,1.0
12190,9,0.0,1.0
12191,9,1.0,0.0
12192,9,1.0,0.0
12193,9,0.5,0.5
12194,9,0.0,1.0
12195,9,1.0,0.0
12196,9,0.0,1.0
12197,9,0.8333333333333334,0.16666666666666666
12198,9,1.0,0.0
12199,9,1.0,0.0
12200,9,1.0,0.0
12201,9,0.5,0.5
12202,9,1.0,0.0
12203,9,1.0,0.0
12204,9,1.0,0.0
12205,9,1.0,0.0
12206,9,0.0,1.0
12207,9,0.0,1.0
12208,9,1.0,0.0
12209,9,1.0,0.0
12210,9,0.5,0.5
12211,9,0.0,1.0
12212,9,0.0,1.0
12213,9,1.0,0.0
12214,9,0.7,0.3
12215,9,0.0,1.0
12216,9,1.0,0.0
12217,9,0.25,0.75
12218,9,1.0,0.0
12219,9,1.0,0.0
12220,9,0.625,0.375
12221,9,0.5,0.5
12222,9,1.0,0.0
12223,9,1.0,0.0
12224,9,0.0,1.0
12225,9,0.5,0.5
12226,9,1.0,0.0
12227,9,1.0,0.0
12228,9,0.0,1.0
12229,9,0.0,1.0
12230,9,0.0,1.0
12231,9,0.5,0.5
12232,9,1.0,0.0
12233,9,1.0,0.0
12234,9,0.33333333333333337,0.6666666666666666
12235,9,1.0,0.0
12236,9,1.0,0.0
12237,9,0.5,0.5
12238,9,1.0,0.0
12239,9,0.0,1.0
12240,9,1.0,0.0
12241,9,0.5,0.5
12242,9,0.0,1.0
12243,9,1.0,0.0
12244,9,1.0,0.0
12245,9,1.0,0.0
12246,9,0.5,0.5
12247,9,1.0,0.0
12248,9,1.0,0.0
12249,9,0.5,0.5
12250,9,1.0,0.0
12251,9,0.0,1.0
12252,9,1.0,0.0
12253,9,1.0,0.0
12254,9,1.0,0.0
12255,9,1.0,0.0
12256,9,0.5,0.5
12257,9,0.5,0.5
12258,9,1.0,0.0
12259,9,0.5,0.5
12260,9,0.0,1.0
12261,9,1.0,0.0
12262,9,1.0,0.0
12263,9,1.0,0.0
12264,9,1.0,0.0
12265,9,0.5,0.5
12266,9,1.0,0.0
12267,9,0.33333333333333337,0.6666666666666666
12268,9,1.0,0.0
12269,9,0.75,0.25
12270,9,1.0,0.0
12271,9,0.0,1.0
12272,9,1.0,0.0
12273,9,0.0,1.0
12274,9,1.0,0.0
12275,9,0.5,0.5
12276,9,0.0,1.0
12277,9,0.5,0.5
12278,9,0.0,1.0
12279,9,1.0,0.0
12280,9,0.25,0.75
12281,9,1.0,0.0
12282,9,1.0,0.0
12283,9,0.5,0.5
12284,9,0.5,0.5
12285,9,1.0,0.0
12286,9,0.0,1.0
12287,9,0.0,1.0
12288,9,0.5,0.5
12289,9,1.0,0.0
12290,9,0.0,1.0
12291,9,1.0,0.0
12292,9,1.0,0.0
12293,9,0.0,1.0
12294,9,1.0,0.0
12295,9,1.0,0.0
12296,9,0.0,1.0
12297,9,0.75,0.25
12298,9,0.75,0.25
12299,9,0.75,0.25
12300,9,1.0,0.0
12301,9,1.0,0.0
12302,9,0.5,0.5
12303,9,0.5,0.5
12304,9,0.30000000000000004,0.7
12305,9,0.0,1.0
12306,9,1.0,0.0
12307,9,1.0,0.0
12308,9,0.0,1.0
12309,9,0.25,0.75
12310,9,1.0,0.0
12311,9,0.33333333333333337,0.6666666666666666
12312,9,0.0,1.0
12313,9,0.5,0.5
12314,9,0.625,0.375
12315,9,0.5,0.5
12316,9,1.0,0.0
12317,9,1.0,0.0
12318,9,0.5,0.5
12319,9,1.0,0.0
12320,9,0.0,1.0
12321,9,1.0,0.0
12322,9,1.0,0.0
12323,9,1.0,0.0
12324,9,1.0,0.0
12325,9,0.5,0.5
12326,9,0.0,1.0
12327,9,1.0,0.0
12328,9,0.25,0.75
12329,9,1.0,0.0
12330,9,1.0,0.0
12331,9,0.0,1.0
12332,9,1.0,0.0
12333,9,0.6666666666666667,0.3333333333333333
12334,9,1.0,0.0
12335,9,0.0,1.0
12336,9,0.0,1.0
12337,9,0.5,0.5
12338,9,1.0,0.0
12339,9,0.0,1.0
12340,9,0.75,0.25
12341,9,0.0,1.0
12342,9,0.0,1.0
12343,9,1.0,0.0
12344,9,0.5,0.5
12345,9,1.0,0.0
12346,9,1.0,0.0
12347,9,0.5,0.5
12348,9,0.5,0.5
12349,9,0.0,1.0
12350,9,0.5,0.5
12351,9,0.5555555555555556,0.4444444444444444
12352,9,1.0,0.0
12353,9,0.75,0.25
12354,9,0.5,0.5
12355,9,0.5,0.5
12356,9,0.5,0.5
12357,9,0.4,0.6
12358,9,0.5,0.5
12359,9,0.5,0.5
12360,9,0.0,1.0
12361,9,0.5,0.5
12362,9,0.5,0.5
12363,9,1.0,0.0
12364,9,0.75,0.25
12365,9,1.0,0.0
12366,9,0.0,1.0
12367,9,0.5,0.5
12368,9,0.5,0.5
12369,9,0.5,0.5
12370,9,0.0,1.0
12371,9,1.0,0.0
12372,9,0.75,0.25
12373,9,1.0,0.0
12374,9,1.0,0.0
12375,9,0.5,0.5
12376,9,0.5,0.5
12377,9,1.0,0.0
12378,9,0.5,0.5
12379,9,0.8333333333333334,0.16666666666666666
12380,9,0.5,0.5
12381,9,0.5,0.5
12382,9,1.0,0.0
12383,9,0.5,0.5
12384,9,0.5,0.5
12385,9,0.0,1.0
12386,9,0.5,0.5
12387,9,0.0,1.0
12388,9,1.0,0.0
12389,9,0.75,0.25
12390,9,0.0,1.0
12391,9,0.875,0.125
12392,9,0.5,0.5
12393,9,1.0,0.0
12394,9,0.0,1.0
12395,9,0.5,0.5
12396,9,1.0,0.0
12397,9,1.0,0.0
12398,9,0.0,1.0
12399,9,1.0,0.0
12400,9,1.0,0.0
12401,9,1.0,0.0
12402,9,1.0,0.0
12403,9,0.5,0.5
12404,9,1.0,0.0
12405,9,1.0,0.0
12406,9,0.0,1.0
12407,9,1.0,0.0
12408,9,0.25,0.75
12409,9,1.0,0.0
12410,9,1.0,0.0
12411,9,1.0,0.0
12412,9,0.5,0.5
12413,9,0.5,0.5
12414,9,0.5,0.5
12415,9,0.0,1.0
12416,9,0.5,0.5
12417,9,0.5,0.5
12418,9,0.5,0.5
12419,9,0.5,0.5
12420,9,0.0,1.0
12421,9,0.5,0.5
12422,9,0.5,0.5
12423,9,0.5,0.5
12424,9,1.0,0.0
12425,9,1.0,0.0
12426,9,0.0,1.0
12427,9,0.0,1.0
12428,9,1.0,0.0
12429,9,0.0,1.0
12430,9,1.0,0.0
12431,9,1.0,0.0
12432,9,1.0,0.0
12433,9,0.625,0.375
12434,9,1.0,0.0
12435,9,0.8333333333333334,0.16666666666666666
12436,9,0.0,1.0
12437,9,1.0,0.0
12438,9,0.25,0.75
12439,9,1.0,0.0
12440,9,0.5,0.5
12441,9,0.5,0.5
12442,9,0.5,0.5
12443,9,1.0,0.0
12444,9,0.5,0.5
12445,9,0.0,1.0
12446,9,1.0,0.0
12447,9,1.0,0.0
12448,9,1.0,0.0
12449,9,1.0,0.0
12450,9,1.0,0.0
12451,9,1.0,0.0
12452,9,1.0,0.0
12453,9,1.0,0.0
12454,9,0.6666666666666667,0.3333333333333333
12455,9,0.5,0.5
12456,9,1.0,0.0
12457,9,0.5,0.5
12458,9,0.0,1.0
12459,9,1.0,0.0
12460,9,1.0,0.0
12461,9,1.0,0.0
12462,9,0.0,1.0
12463,9,1.0,0.0
12464,9,0.0,1.0
12465,9,1.0,0.0
12466,9,1.0,0.0
12467,9,1.0,0.0
12468,9,0.5,0.5
12469,9,1.0,0.0
12470,9,1.0,0.0
12471,9,0.5,0.5
12472,9,0.0,1.0
12473,9,0.5,0.5
12474,9,0.75,0.25
12475,9,0.0,1.0
12476,9,0.5,0.5
12477,9,0.0,1.0
12478,9,0.30000000000000004,0.7
12479,9,1.0,0.0
12480,9,1.0,0.0
12481,9,0.0,1.0
12482,9,0.75,0.25
12483,9,0.75,0.25
12484,9,1.0,0.0
12485,9,1.0,0.0
12486,9,1.0,0.0
12487,9,0.0,1.0
12488,9,0.8333333333333334,0.16666666666666666
12489,9,0.7361111111111112,0.2638888888888889
12490,9,1.0,0.0
12491,9,0.5,0.5
12492,9,0.5,0.5
12493,9,0.5,0.5
12494,9,0.5,0.5
12495,9,1.0,0.0
12496,9,1.0,0.0
12497,9,0.5,0.5
12498,9,1.0,0.0
12499,9,1.0,0.0
12500,9,1.0,0.0
12501,9,1.0,0.0
12502,9,1.0,0.0
12503,9,0.0,1.0
12504,9,0.0,1.0
12505,9,0.5,0.5
12506,9,0.5,0.5
12507,9,1.0,0.0
12508,9,0.5,0.5
12509,9,0.0,1.0
12510,9,0.16666666666666663,0.8333333333333334
12511,9,1.0,0.0
12512,9,0.75,0.25
12513,9,1.0,0.0
12514,9,1.0,0.0
12515,9,0.0,1.0
12516,9,1.0,0.0
12517,9,0.5,0.5
12518,9,1.0,0.0
12519,9,1.0,0.0
12520,9,1.0,0.0
12521,9,0.75,0.25
12522,9,1.0,0.0
12523,9,0.5,0.5
12524,9,0.5,0.5
12525,9,0.0,1.0
12526,9,0.0,1.0
12527,9,0.0,1.0
12528,9,0.5,0.5
12529,9,0.5,0.5
12530,9,1.0,0.0
12531,9,0.0,1.0
12532,9,0.0,1.0
12533,9,1.0,0.0
12534,9,1.0,0.0
12535,9,0.6666666666666667,0.3333333333333333
12536,9,1.0,0.0
12537,9,0.25,0.75
12538,9,0.09999999999999998,0.9
12539,9,1.0,0.0
12540,9,0.578125,0.421875
12541,9,0.5,0.5
12542,9,1.0,0.0
12543,9,0.75,0.25
12544,9,0.4,0.6
12545,9,0.5,0.5
12546,9,0.0,1.0
12547,9,0.5,0.5
12548,9,0.5,0.5
12549,9,0.25,0.75
12550,9,1.0,0.0
12551,9,0.75,0.25
12552,9,0.75,0.25
12553,9,0.75,0.25
12554,9,0.0,1.0
12555,9,0.5,0.5
12556,9,0.5,0.5
12557,9,1.0,0.0
12558,9,0.0,1.0
12559,9,0.0,1.0
12560,9,0.5,0.5
12561,9,1.0,0.0
12562,9,0.75,0.25
12563,9,1.0,0.0
12564,9,0.0,1.0
12565,9,0.5,0.5
12566,9,0.5,0.5
12567,9,0.5,0.5
12568,9,0.5,0.5
12569,9,1.0,0.0
12570,9,0.0,1.0
12571,9,0.5,0.5
12572,9,0.5,0.5
12573,9,0.5,0.5
12574,9,0.0,1.0
12575,9,0.0,1.0
12576,9,1.0,0.0
12577,9,0.5,0.5
12578,9,1.0,0.0
12579,9,1.0,0.0
12580,9,0.5,0.5
12581,9,0.6666666666666667,0.3333333333333333
12582,9,0.5,0.5
12583,9,0.5,0.5
12584,9,0.0,1.0
12585,9,0.5,0.5
12586,9,1.0,0.0
12587,9,0.8333333333333334,0.16666666666666666
12588,9,0.5,0.5
12589,9,1.0,0.0
12590,9,1.0,0.0
12591,9,0.0,1.0
12592,9,1.0,0.0
12593,9,0.0,1.0
12594,9,0.0,1.0
12595,9,1.0,0.0
12596,9,0.5,0.5
12597,9,1.0,0.0
12598,9,1.0,0.0
12599,9,0.0,1.0
12600,9,0.0,1.0
12601,9,0.0,1.0
12602,9,0.5,0.5
12603,9,0.5,0.5
12604,9,0.5,0.5
12605,9,0.33333333333333337,0.6666666666666666
12606,9,1.0,0.0
12607,9,1.0,0.0
12608,9,0.5,0.5
12609,9,0.0,1.0
12610,9,1.0,0.0
12611,9,0.0,1.0
12612,9,0.5,0.5
12613,9,0.5,0.5
12614,9,0.5,0.5
12615,9,0.5,0.5
12616,9,1.0,0.0
12617,9,0.0,1.0
12618,9,1.0,0.0
12619,9,0.0,1.0
12620,9,1.0,0.0
12621,9,0.75,0.25
12622,9,0.5,0.5
12623,9,1.0,0.0
12624,9,0.5,0.5
12625,9,0.0,1.0
12626,9,1.0,0.0
12627,9,1.0,0.0
12628,9,0.5,0.5
12629,9,0.5,0.5
12630,9,0.5,0.5
12631,9,0.5,0.5
12632,9,1.0,0.0
12633,9,1.0,0.0
12634,9,1.0,0.0
12635,9,1.0,0.0
12636,9,1.0,0.0
12637,9,1.0,0.0
12638,9,0.0,1.0
12639,9,0.5,0.5
12640,9,0.5,0.5
12641,9,0.0,1.0
12642,9,0.0,1.0
12643,9,0.75,0.25
12644,9,1.0,0.0
12645,9,1.0,0.0
12646,9,0.5,0.5
12647,9,1.0,0.0
12648,9,1.0,0.0
12649,9,1.0,0.0
12650,9,0.0,1.0
12651,9,0.5,0.5
12652,9,0.0,1.0
12653,9,0.5,0.5
12654,9,0.0,1.0
12655,9,1.0,0.0
12656,9,0.375,0.625
12657,9,0.875,0.125
12658,9,0.5,0.5
12659,9,0.0,1.0
12660,9,1.0,0.0
12661,9,0.5,0.5
12662,9,0.5,0.5
12663,9,1.0,0.0
12664,9,0.0,1.0
12665,9,0.5,0.5
12666,9,0.0,1.0
12667,9,0.0,1.0
12668,9,1.0,0.0
12669,9,1.0,0.0
12670,9,0.75,0.25
12671,9,0.5,0.5
12672,9,0.0,1.0
12673,9,0.0,1.0
12674,9,0.5,0.5
12675,9,1.0,0.0
12676,9,0.5,0.5
12677,9,0.5,0.5
12678,9,0.6071428571428572,0.39285714285714285
12679,9,0.5,0.5
12680,9,1.0,0.0
12681,9,1.0,0.0
12682,9,0.0,1.0
12683,9,0.5,0.5
12684,9,1.0,0.0
12685,9,0.0,1.0
12686,9,0.25,0.75
12687,9,1.0,0.0
12688,9,0.0,1.0
12689,9,1.0,0.0
12690,9,0.5,0.5
12691,9,0.5,0.5
12692,9,1.0,0.0
12693,9,0.5,0.5
12694,9,0.5,0.5
12695,9,0.5,0.5
12696,9,0.5,0.5
12697,9,0.16666666666666663,0.8333333333333334
12698,9,0.0,1.0
12699,9,0.75,0.25
12700,9,0.0,1.0
12701,9,0.4285714285714286,0.5714285714285714
12702,9,0.5,0.5
12703,9,0.5833333333333333,0.4166666666666667
12704,9,1.0,0.0
12705,9,0.0,1.0
12706,9,1.0,0.0
12707,9,1.0,0.0
12708,9,0.0,1.0
12709,9,1.0,0.0
12710,9,1.0,0.0
12711,9,0.5,0.5
12712,9,1.0,0.0
12713,9,1.0,0.0
12714,9,0.0,1.0
12715,9,1.0,0.0
12716,9,0.5,0.5
12717,9,0.0,1.0
12718,9,0.5,0.5
12719,9,0.0,1.0
12720,9,1.0,0.0
12721,9,1.0,0.0
12722,9,0.5,0.5
12723,9,0.5,0.5
12724,9,0.75,0.25
12725,9,0.5,0.5
12726,9,1.0,0.0
12727,9,1.0,0.0
12728,9,0.75,0.25
12729,9,0.0,1.0
12730,9,0.0,1.0
12731,9,1.0,0.0
12732,9,0.5,0.5
12733,9,0.5,0.5
12734,9,0.0,1.0
12735,9,1.0,0.0
12736,9,1.0,0.0
12737,9,0.0,1.0
12738,9,0.0,1.0
12739,9,1.0,0.0
12740,9,0.0,1.0
12741,9,1.0,0.0
12742,9,0.75,0.25
12743,9,0.8333333333333334,0.16666666666666666
12744,9,1.0,0.0
12745,9,0.75,0.25
12746,9,1.0,0.0
12747,9,0.0,1.0
12748,9,0.0,1.0
12749,9,1.0,0.0
12750,9,1.0,0.0
12751,9,0.0,1.0
12752,9,1.0,0.0
12753,9,0.5,0.5
12754,9,1.0,0.0
12755,9,0.5,0.5
12756,9,1.0,0.0
12757,9,1.0,0.0
12758,9,0.75,0.25
12759,9,0.8333333333333334,0.16666666666666666
12760,9,1.0,0.0
12761,9,1.0,0.0
12762,9,0.75,0.25
12763,9,1.0,0.0
12764,9,0.0,1.0
12765,9,0.0,1.0
12766,9,0.5,0.5
12767,9,1.0,0.0
12768,9,1.0,0.0
12769,9,0.0,1.0
12770,9,1.0,0.0
12771,9,1.0,0.0
12772,9,0.5,0.5
12773,9,0.6666666666666667,0.3333333333333333
12774,9,1.0,0.0
12775,9,0.5,0.5
12776,9,0.5,0.5
12777,9,1.0,0.0
12778,9,0.0,1.0
12779,9,0.5,0.5
12780,9,0.5,0.5
12781,9,0.0,1.0
12782,9,1.0,0.0
12783,9,0.0,1.0
12784,9,0.75,0.25
12785,9,1.0,0.0
12786,9,1.0,0.0
12787,9,0.0,1.0
12788,9,0.0,1.0
12789,9,0.6666666666666667,0.3333333333333333
12790,9,0.0,1.0
12791,9,0.5,0.5
12792,9,0.0,1.0
12793,9,0.75,0.25
12794,9,1.0,0.0
12795,9,0.5,0.5
12796,9,0.25,0.75
12797,9,0.25,0.75
12798,9,0.6666666666666667,0.3333333333333333
12799,9,0.5,0.5
12800,9,1.0,0.0
12801,9,0.5,0.5
12802,9,0.0,1.0
12803,9,0.0,1.0
12804,9,0.5,0.5
12805,9,0.0,1.0
12806,9,0.0,1.0
12807,9,0.0,1.0
12808,9,0.5,0.5
12809,9,1.0,0.0
12810,9,0.75,0.25
12811,9,0.75,0.25
12812,9,1.0,0.0
12813,9,1.0,0.0
12814,9,1.0,0.0
12815,9,0.0,1.0
12816,9,0.5,0.5
12817,9,0.0,1.0
12818,9,0.75,0.25
12819,9,1.0,0.0
12820,9,1.0,0.0
12821,9,0.5,0.5
12822,9,1.0,0.0
12823,9,0.5,0.5
12824,9,0.5,0.5
12825,9,0.5,0.5
12826,9,1.0,0.0
12827,9,0.0,1.0
12828,9,0.6944444444444444,0.3055555555555556
12829,9,0.0,1.0
12830,9,0.5,0.5
12831,9,0.5,0.5
12832,9,1.0,0.0
12833,9,1.0,0.0
12834,9,1.0,0.0
12835,9,1.0,0.0
12836,9,0.5,0.5
12837,9,1.0,0.0
12838,9,0.5,0.5
12839,9,0.5,0.5
12840,9,1.0,0.0
12841,9,0.0,1.0
12842,9,0.0,1.0
12843,9,0.0,1.0
12844,9,0.5,0.5
12845,9,0.5,0.5
12846,9,0.5,0.5
12847,9,1.0,0.0
12848,9,0.5,0.5
12849,9,0.5,0.5
12850,9,0.0,1.0
12851,9,1.0,0.0
12852,9,1.0,0.0
12853,9,0.0,1.0
12854,9,0.25,0.75
12855,9,0.6333333333333333,0.36666666666666664
12856,9,0.0,1.0
12857,9,0.5833333333333333,0.4166666666666667
12858,9,0.0,1.0
12859,9,0.5,0.5
12860,9,0.75,0.25
12861,9,0.0,1.0
12862,9,0.0,1.0
12863,9,1.0,0.0
12864,9,0.8571428571428572,0.14285714285714285
12865,9,1.0,0.0
12866,9,0.0,1.0
12867,9,0.5,0.5
12868,9,1.0,0.0
12869,9,0.0,1.0
12870,9,1.0,0.0
12871,9,1.0,0.0
12872,9,1.0,0.0
12873,9,1.0,0.0
12874,9,1.0,0.0
12875,9,1.0,0.0
12876,9,0.0,1.0
12877,9,0.5,0.5
12878,9,1.0,0.0
12879,9,1.0,0.0
12880,9,1.0,0.0
12881,9,1.0,0.0
12882,9,1.0,0.0
12883,9,0.5,0.5
12884,9,0.5,0.5
12885,9,0.5,0.5
12886,9,0.0,1.0
12887,9,0.5,0.5
12888,9,0.0,1.0
12889,9,0.25,0.75
12890,9,1.0,0.0
12891,9,1.0,0.0
12892,9,1.0,0.0
12893,9,1.0,0.0
12894,9,1.0,0.0
12895,9,1.0,0.0
12896,9,0.0,1.0
12897,9,1.0,0.0
12898,9,0.0,1.0
12899,9,1.0,0.0
12900,9,0.5625,0.4375
12901,9,0.5,0.5
12902,9,1.0,0.0
12903,9,0.625,0.375
12904,9,1.0,0.0
12905,9,0.5,0.5
12906,9,1.0,0.0
12907,9,0.6,0.4
12908,9,0.25,0.75
12909,9,1.0,0.0
12910,9,1.0,0.0
12911,9,1.0,0.0
12912,9,0.25,0.75
12913,9,1.0,0.0
12914,9,0.5,0.5
12915,9,0.5,0.5
12916,9,0.75,0.25
12917,9,0.5,0.5
12918,9,0.0,1.0
12919,9,0.625,0.375
12920,9,0.8333333333333334,0.16666666666666666
12921,9,0.75,0.25
12922,9,1.0,0.0
12923,9,0.33333333333333337,0.6666666666666666
12924,9,0.5357142857142857,0.4642857142857143
12925,9,0.6111111111111112,0.3888888888888889
12926,9,0.75,0.25
12927,9,0.7,0.3
12928,9,0.5,0.5
12929,9,0.75,0.25
12930,9,0.75,0.25
12931,9,0.0,1.0
12932,9,1.0,0.0
12933,9,0.5,0.5
12934,9,0.5,0.5
12935,9,0.0,1.0
12936,9,0.75,0.25
12937,9,0.5,0.5
12938,9,1.0,0.0
12939,9,1.0,0.0
12940,9,0.5,0.5
12941,9,0.5,0.5
12942,9,0.7142857142857143,0.2857142857142857
12943,9,1.0,0.0
12944,9,1.0,0.0
12945,9,1.0,0.0
12946,9,1.0,0.0
12947,9,0.75,0.25
12948,9,0.0,1.0
12949,9,0.25,0.75
12950,9,0.6666666666666667,0.3333333333333333
12951,9,0.0,1.0
12952,9,0.75,0.25
12953,9,0.0,1.0
12954,9,1.0,0.0
12955,9,1.0,0.0
12956,9,1.0,0.0
12957,9,1.0,0.0
12958,9,0.5,0.5
12959,9,0.0,1.0
12960,9,1.0,0.0
12961,9,0.5,0.5
12962,9,0.5,0.5
12963,9,0.75,0.25
12964,9,0.0,1.0
12965,9,0.5,0.5
12966,9,0.0,1.0
12967,9,0.5,0.5
12968,9,0.5,0.5
12969,9,0.5,0.5
12970,9,0.0,1.0
12971,9,0.75,0.25
12972,9,0.5,0.5
12973,9,0.0,1.0
12974,9,0.5,0.5
12975,9,0.5,0.5
12976,9,0.5,0.5
12977,9,1.0,0.0
12978,9,0.25,0.75
12979,9,0.0,1.0
12980,9,1.0,0.0
12981,9,0.0,1.0
12982,9,0.0,1.0
12983,9,0.5,0.5
12984,9,0.5,0.5
12985,9,0.0,1.0
12986,9,1.0,0.0
12987,9,0.75,0.25
12988,9,1.0,0.0
12989,9,0.5,0.5
12990,9,0.0,1.0
12991,9,0.0,1.0
12992,9,0.0,1.0
12993,9,0.5,0.5
12994,9,0.5,0.5
12995,9,1.0,0.0
12996,9,1.0,0.0
12997,9,0.5,0.5
12998,9,0.0,1.0
12999,9,0.5,0.5
13000,9,0.5,0.5
13001,9,0.0,1.0
13002,9,0.0,1.0
13003,9,1.0,0.0
13004,9,0.5,0.5
13005,9,0.75,0.25
13006,9,1.0,0.0
13007,9,1.0,0.0
13008,9,1.0,0.0
13009,9,0.0,1.0
13010,9,1.0,0.0
13011,9,1.0,0.0
13012,9,1.0,0.0
13013,9,0.0,1.0
13014,9,0.0,1.0
13015,9,1.0,0.0
13016,9,1.0,0.0
13017,9,0.0,1.0
13018,9,0.0,1.0
13019,9,0.0,1.0
13020,9,1.0,0.0
13021,9,0.5,0.5
13022,9,0.5,0.5
13023,9,0.0,1.0
13024,9,0.5,0.5
13025,9,1.0,0.0
13026,9,1.0,0.0
13027,9,0.0,1.0
13028,9,0.0,1.0
13029,9,1.0,0.0
13030,9,1.0,0.0
13031,9,0.0,1.0
13032,9,0.0,1.0
13033,9,1.0,0.0
13034,9,1.0,0.0
13035,9,0.625,0.375
13036,9,0.5,0.5
13037,9,1.0,0.0
13038,9,1.0,0.0
13039,9,0.5,0.5
13040,9,0.0,1.0
13041,9,0.5,0.5
13042,9,1.0,0.0
13043,9,1.0,0.0
13044,9,1.0,0.0
13045,9,1.0,0.0
13046,9,0.0,1.0
13047,9,1.0,0.0
13048,9,1.0,0.0
13049,9,0.5,0.5
13050,9,0.5,0.5
13051,9,1.0,0.0
13052,9,1.0,0.0
13053,9,1.0,0.0
13054,9,0.8333333333333334,0.16666666666666666
13055,9,1.0,0.0
13056,9,1.0,0.0
13057,9,0.5,0.5
13058,9,0.5,0.5
13059,9,0.0,1.0
13060,9,1.0,0.0
13061,9,1.0,0.0
13062,9,1.0,0.0
13063,9,0.5,0.5
13064,9,0.0,1.0
13065,9,0.0,1.0
13066,9,0.0,1.0
13067,9,0.5,0.5
13068,9,1.0,0.0
13069,9,0.5,0.5
13070,9,0.75,0.25
13071,9,1.0,0.0
13072,9,1.0,0.0
13073,9,0.25,0.75
13074,9,1.0,0.0
13075,9,1.0,0.0
13076,9,1.0,0.0
13077,9,0.0,1.0
13078,9,1.0,0.0
13079,9,0.5,0.5
13080,9,0.0,1.0
13081,9,0.0,1.0
13082,9,1.0,0.0
13083,9,0.6666666666666667,0.3333333333333333
13084,9,1.0,0.0
13085,9,1.0,0.0
13086,9,0.0,1.0
13087,9,0.0,1.0
13088,9,0.6,0.4
13089,9,0.6,0.4
13090,9,0.7,0.3
13091,9,0.75,0.25
13092,9,1.0,0.0
13093,9,1.0,0.0
13094,9,0.0,1.0
13095,9,0.0,1.0
13096,9,0.5,0.5
13097,9,0.5,0.5
13098,9,1.0,0.0
13099,9,0.6666666666666667,0.3333333333333333
13100,9,0.5,0.5
13101,9,0.75,0.25
13102,9,1.0,0.0
13103,9,1.0,0.0
13104,9,0.5,0.5
13105,9,0.0,1.0
13106,9,0.5,0.5
13107,9,0.375,0.625
13108,9,1.0,0.0
13109,9,0.5,0.5
13110,9,1.0,0.0
13111,9,0.5,0.5
13112,9,1.0,0.0
13113,9,0.5,0.5
13114,9,0.5625,0.4375
13115,9,0.5,0.5
13116,9,0.6,0.4
13117,9,0.5,0.5
13118,9,0.5,0.5
13119,9,0.7142857142857143,0.2857142857142857
13120,9,0.5416666666666667,0.4583333333333333
13121,9,0.5,0.5
13122,9,0.75,0.25
13123,9,1.0,0.0
13124,9,1.0,0.0
13125,9,0.0,1.0
13126,9,1.0,0.0
13127,9,0.0,1.0
13128,9,0.5,0.5
13129,9,0.0,1.0
13130,9,0.75,0.25
13131,9,0.5,0.5
13132,9,0.75,0.25
13133,9,0.75,0.25
13134,9,0.5,0.5
13135,9,1.0,0.0
13136,9,0.0,1.0
13137,9,0.0,1.0
13138,9,0.5,0.5
13139,9,1.0,0.0
13140,9,0.5,0.5
13141,9,0.0,1.0
13142,9,0.0,1.0
13143,9,1.0,0.0
13144,9,1.0,0.0
13145,9,1.0,0.0
13146,9,1.0,0.0
13147,9,0.0,1.0
13148,9,1.0,0.0
13149,9,1.0,0.0
13150,9,0.5,0.5
13151,9,1.0,0.0
13152,9,0.5,0.5
13153,9,0.0,1.0
13154,9,0.5263157894736843,0.47368421052631576
13155,9,0.875,0.125
13156,9,0.33333333333333337,0.6666666666666666
13157,9,0.0,1.0
13158,9,0.0,1.0
13159,9,1.0,0.0
13160,9,1.0,0.0
13161,9,0.0,1.0
13162,9,0.5,0.5
13163,9,1.0,0.0
13164,9,0.5,0.5
13165,9,1.0,0.0
13166,9,0.0,1.0
13167,9,0.75,0.25
13168,9,0.5,0.5
13169,9,0.16666666666666663,0.8333333333333334
13170,9,0.5,0.5
13171,9,0.0,1.0
13172,9,0.25,0.75
13173,9,1.0,0.0
13174,9,1.0,0.0
13175,9,1.0,0.0
13176,9,0.0,1.0
13177,9,0.33333333333333337,0.6666666666666666
13178,9,0.45238095238095233,0.5476190476190477
13179,9,1.0,0.0
13180,9,1.0,0.0
13181,9,0.75,0.25
13182,9,1.0,0.0
13183,9,1.0,0.0
13184,9,0.5,0.5
13185,9,1.0,0.0
13186,9,1.0,0.0
13187,9,0.5,0.5
13188,9,0.0,1.0
13189,9,0.33333333333333337,0.6666666666666666
13190,9,0.0,1.0
13191,9,0.33333333333333337,0.6666666666666666
13192,9,1.0,0.0
13193,9,0.0,1.0
13194,9,0.0,1.0
13195,9,0.375,0.625
13196,9,0.0,1.0
13197,9,1.0,0.0
13198,9,0.9166666666666666,0.08333333333333333
13199,9,1.0,0.0
13200,9,1.0,0.0
13201,9,1.0,0.0
13202,9,1.0,0.0
13203,9,1.0,0.0
13204,9,0.0,1.0
13205,9,0.0,1.0
13206,9,1.0,0.0
13207,9,0.5,0.5
13208,9,0.0,1.0
13209,9,1.0,0.0
13210,9,0.5,0.5
13211,9,0.0,1.0
13212,9,0.0,1.0
13213,9,0.5,0.5
13214,9,0.0,1.0
13215,9,0.0,1.0
13216,9,0.75,0.25
13217,9,0.0,1.0
13218,9,0.0,1.0
13219,9,0.5,0.5
13220,9,0.5,0.5
13221,9,0.0,1.0
13222,9,0.6666666666666667,0.3333333333333333
13223,9,0.75,0.25
13224,9,0.0,1.0
13225,9,0.5,0.5
13226,9,0.625,0.375
13227,9,0.5,0.5
13228,9,1.0,0.0
13229,9,0.0,1.0
13230,9,1.0,0.0
13231,9,0.5,0.5
13232,9,1.0,0.0
13233,9,0.0,1.0
13234,9,1.0,0.0
13235,9,0.0,1.0
13236,9,0.0,1.0
13237,9,1.0,0.0
13238,9,0.5,0.5
13239,9,1.0,0.0
13240,9,0.0,1.0
13241,9,0.0,1.0
13242,9,0.0,1.0
13243,9,0.0,1.0
13244,9,0.5,0.5
13245,9,0.5,0.5
13246,9,0.5,0.5
13247,9,0.0,1.0
13248,9,0.5,0.5
13249,9,0.5,0.5
13250,9,0.0,1.0
13251,9,0.25,0.75
13252,9,0.0,1.0
13253,9,0.5,0.5
13254,9,0.75,0.25
13255,9,1.0,0.0
13256,9,0.0,1.0
13257,9,0.33333333333333337,0.6666666666666666
13258,9,0.25,0.75
13259,9,0.0,1.0
13260,9,0.0,1.0
13261,9,1.0,0.0
13262,9,0.5,0.5
13263,9,0.5,0.5
13264,9,1.0,0.0
13265,9,1.0,0.0
13266,9,0.0,1.0
13267,9,1.0,0.0
13268,9,1.0,0.0
13269,9,1.0,0.0
13270,9,0.0,1.0
13271,9,1.0,0.0
13272,9,1.0,0.0
13273,9,0.0,1.0
13274,9,0.25,0.75
13275,9,0.0,1.0
13276,9,0.0,1.0
13277,9,0.5,0.5
13278,9,0.5,0.5
13279,9,0.0,1.0
13280,9,1.0,0.0
13281,9,1.0,0.0
13282,9,1.0,0.0
13283,9,1.0,0.0
13284,9,0.0,1.0
13285,9,1.0,0.0
13286,9,0.75,0.25
13287,9,0.0,1.0
13288,9,1.0,0.0
13289,9,0.0,1.0
13290,9,0.41666666666666663,0.5833333333333334
13291,9,0.5,0.5
13292,9,0.0,1.0
13293,9,0.5,0.5
13294,9,0.0,1.0
13295,9,0.5,0.5
13296,9,0.0,1.0
13297,9,0.5,0.5
13298,9,0.0,1.0
13299,9,0.0,1.0
13300,9,0.5,0.5
13301,9,0.5,0.5
13302,9,0.25,0.75
13303,9,0.0,1.0
13304,9,0.6666666666666667,0.3333333333333333
13305,9,0.0,1.0
13306,9,0.0,1.0
13307,9,1.0,0.0
13308,9,0.75,0.25
13309,9,0.0,1.0
13310,9,0.25,0.75
13311,9,1.0,0.0
13312,9,0.5,0.5
13313,9,0.0,1.0
13314,9,0.5,0.5
13315,9,0.5,0.5
13316,9,0.0,1.0
13317,9,0.5,0.5
13318,9,1.0,0.0
13319,9,0.5,0.5
13320,9,0.0,1.0
13321,9,0.125,0.875
13322,9,0.0,1.0
13323,9,0.0,1.0
13324,9,0.0,1.0
13325,9,0.0,1.0
13326,9,0.25,0.75
13327,9,0.0,1.0
13328,9,0.0,1.0
13329,9,0.5,0.5
13330,9,1.0,0.0
13331,9,0.0,1.0
13332,9,1.0,0.0
13333,9,0.5,0.5
13334,9,0.0,1.0
13335,9,0.75,0.25
13336,9,0.5,0.5
13337,9,0.5,0.5
13338,9,1.0,0.0
13339,9,0.0,1.0
13340,9,0.5,0.5
13341,9,1.0,0.0
13342,9,1.0,0.0
13343,9,0.5,0.5
13344,9,0.0,1.0
13345,9,0.0,1.0
13346,9,0.0,1.0
13347,9,1.0,0.0
13348,9,0.0,1.0
13349,9,0.0,1.0
13350,9,0.5,0.5
13351,9,0.5,0.5
13352,9,0.0,1.0
13353,9,0.5,0.5
13354,9,0.5,0.5
13355,9,0.0,1.0
13356,9,0.0,1.0
13357,9,0.0,1.0
13358,9,0.25,0.75
13359,9,1.0,0.0
13360,9,0.0,1.0
13361,9,0.25,0.75
13362,9,0.25,0.75
13363,9,1.0,0.0
13364,9,0.5,0.5
13365,9,0.0,1.0
13366,9,0.5,0.5
13367,9,0.5,0.5
13368,9,1.0,0.0
13369,9,0.5,0.5
13370,9,0.0,1.0
13371,9,1.0,0.0
13372,9,0.0,1.0
13373,9,1.0,0.0
13374,9,0.5,0.5
13375,9,0.0,1.0
13376,9,0.0,1.0
13377,9,0.5,0.5
13378,9,0.0,1.0
13379,9,0.0,1.0
13380,9,0.0,1.0
13381,9,0.5,0.5
13382,9,0.0,1.0
13383,9,0.0,1.0
13384,9,1.0,0.0
13385,9,0.0,1.0
13386,9,0.0,1.0
13387,9,0.0,1.0
13388,9,1.0,0.0
13389,9,0.25,0.75
13390,9,1.0,0.0
13391,9,1.0,0.0
13392,9,0.5,0.5
13393,9,1.0,0.0
13394,9,1.0,0.0
13395,9,1.0,0.0
13396,9,1.0,0.0
13397,9,1.0,0.0
13398,9,0.33333333333333337,0.6666666666666666
13399,9,1.0,0.0
13400,9,1.0,0.0
13401,9,0.5,0.5
13402,9,0.625,0.375
13403,9,1.0,0.0
13404,9,0.5,0.5
13405,9,0.5,0.5
13406,9,1.0,0.0
13407,9,0.0,1.0
13408,9,0.0,1.0
13409,9,0.5,0.5
13410,9,0.75,0.25
13411,9,1.0,0.0
13412,9,0.5,0.5
13413,9,0.33333333333333337,0.6666666666666666
13414,9,0.0,1.0
13415,9,0.25,0.75
13416,9,0.0,1.0
13417,9,0.7,0.3
13418,9,0.5,0.5
13419,9,0.0,1.0
13420,9,0.5,0.5
13421,9,0.5,0.5
13422,9,0.5,0.5
13423,9,0.5,0.5
13424,9,0.5,0.5
13425,9,0.5,0.5
13426,9,0.625,0.375
13427,9,0.5,0.5
13428,9,0.0,1.0
13429,9,0.5,0.5
13430,9,0.0,1.0
13431,9,0.0,1.0
13432,9,1.0,0.0
13433,9,0.75,0.25
13434,9,0.0,1.0
13435,9,1.0,0.0
13436,9,0.5,0.5
13437,9,0.0,1.0
13438,9,0.5,0.5
13439,9,0.6,0.4
13440,9,0.0,1.0
13441,9,0.0,1.0
13442,9,0.0,1.0
13443,9,0.0,1.0
13444,9,0.0,1.0
13445,9,0.0,1.0
13446,9,0.0,1.0
13447,9,0.0,1.0
13448,9,0.0,1.0
13449,9,0.0,1.0
13450,9,0.0,1.0
13451,9,0.0,1.0
13452,9,0.75,0.25
13453,9,1.0,0.0
13454,9,0.0,1.0
13455,9,0.0,1.0
13456,9,0.0,1.0
13457,9,1.0,0.0
13458,9,0.0,1.0
13459,9,0.0,1.0
13460,9,0.5,0.5
13461,9,0.0,1.0
13462,9,0.5,0.5
13463,9,0.0,1.0
13464,9,1.0,0.0
13465,9,0.0,1.0
13466,9,0.0,1.0
13467,9,0.5,0.5
13468,9,0.5,0.5
13469,9,1.0,0.0
13470,9,0.25,0.75
13471,9,0.5,0.5
13472,9,0.875,0.125
13473,9,1.0,0.0
13474,9,0.5,0.5
13475,9,0.75,0.25
13476,9,0.5,0.5
13477,9,0.5,0.5
13478,9,0.0,1.0
13479,9,1.0,0.0
13480,9,0.5,0.5
13481,9,0.5,0.5
13482,9,0.5,0.5
13483,9,1.0,0.0
13484,9,1.0,0.0
13485,9,1.0,0.0
13486,9,0.0,1.0
13487,9,0.75,0.25
13488,9,0.0,1.0
13489,9,1.0,0.0
13490,9,1.0,0.0
13491,9,0.25,0.75
13492,9,1.0,0.0
13493,9,1.0,0.0
13494,9,0.0,1.0
13495,9,0.5,0.5
13496,9,0.0,1.0
13497,9,0.0,1.0
13498,9,1.0,0.0
13499,9,0.25,0.75
13500,9,0.41666666666666663,0.5833333333333334
13501,9,0.0,1.0
13502,9,1.0,0.0
13503,9,0.125,0.875
13504,9,0.0,1.0
13505,9,0.0,1.0
13506,9,0.5,0.5
13507,9,0.0,1.0
13508,9,0.0,1.0
13509,9,1.0,0.0
13510,9,1.0,0.0
13511,9,1.0,0.0
13512,9,0.0,1.0
13513,9,1.0,0.0
13514,9,0.5,0.5
13515,9,1.0,0.0
13516,9,1.0,0.0
13517,9,1.0,0.0
13518,9,1.0,0.0
13519,9,1.0,0.0
13520,9,0.5,0.5
13521,9,0.5,0.5
13522,9,1.0,0.0
13523,9,1.0,0.0
13524,9,0.8888888888888888,0.1111111111111111
13525,9,1.0,0.0
13526,9,1.0,0.0
13527,9,1.0,0.0
13528,9,1.0,0.0
13529,9,1.0,0.0
13530,9,1.0,0.0
13531,9,1.0,0.0
13532,9,1.0,0.0
13533,9,1.0,0.0
13534,9,1.0,0.0
13535,9,0.0,1.0
13536,9,1.0,0.0
13537,9,1.0,0.0
13538,9,1.0,0.0
13539,9,1.0,0.0
13540,9,1.0,0.0
13541,9,1.0,0.0
13542,9,1.0,0.0
13543,9,1.0,0.0
13544,9,1.0,0.0
13545,9,1.0,0.0
13546,9,1.0,0.0
13547,9,1.0,0.0
13548,9,1.0,0.0
13549,9,0.8333333333333334,0.16666666666666666
13550,9,1.0,0.0
13551,9,0.25,0.75
13552,9,1.0,0.0
13553,9,0.0,1.0
13554,9,0.5714285714285714,0.42857142857142855
13555,9,0.5,0.5
13556,9,0.5,0.5
13557,9,1.0,0.0
13558,9,0.7105263157894737,0.2894736842105263
13559,9,0.0,1.0
13560,9,0.0,1.0
13561,9,0.0,1.0
13562,9,1.0,0.0
13563,9,1.0,0.0
13564,9,1.0,0.0
13565,9,0.5,0.5
13566,9,1.0,0.0
13567,9,1.0,0.0
13568,9,0.0,1.0
13569,9,1.0,0.0
13570,9,0.0,1.0
13571,9,0.0,1.0
13572,9,0.5,0.5
13573,9,0.75,0.25
13574,9,1.0,0.0
13575,9,0.5,0.5
13576,9,1.0,0.0
13577,9,0.5,0.5
13578,9,0.5,0.5
13579,9,0.0,1.0
13580,9,0.8333333333333334,0.16666666666666666
13581,9,0.5,0.5
13582,9,0.0,1.0
13583,9,0.5,0.5
13584,9,1.0,0.0
13585,9,1.0,0.0
13586,9,1.0,0.0
13587,9,1.0,0.0
13588,9,0.5,0.5
13589,9,0.5,0.5
13590,9,1.0,0.0
13591,9,0.5,0.5
13592,9,1.0,0.0
13593,9,0.0,1.0
13594,9,1.0,0.0
13595,9,0.0,1.0
13596,9,1.0,0.0
13597,9,1.0,0.0
13598,9,1.0,0.0
13599,9,1.0,0.0
13600,9,0.6,0.4
13601,9,1.0,0.0
13602,9,1.0,0.0
13603,9,0.0,1.0
13604,9,0.5,0.5
13605,9,1.0,0.0
13606,9,0.0,1.0
13607,9,1.0,0.0
13608,9,1.0,0.0
13609,9,1.0,0.0
13610,9,1.0,0.0
13611,9,1.0,0.0
13612,9,1.0,0.0
13613,9,0.0,1.0
13614,9,0.5,0.5
13615,9,0.5,0.5
13616,9,0.0,1.0
13617,9,0.0,1.0
13618,9,0.0,1.0
13619,9,1.0,0.0
13620,9,1.0,0.0
13621,9,1.0,0.0
13622,9,0.0,1.0
13623,9,1.0,0.0
13624,9,1.0,0.0
13625,9,0.5,0.5
13626,9,0.0,1.0
13627,9,0.0,1.0
13628,9,0.375,0.625
13629,9,1.0,0.0
13630,9,0.5,0.5
13631,9,0.5,0.5
13632,9,0.0,1.0
13633,9,0.0,1.0
13634,9,1.0,0.0
13635,9,0.5,0.5
13636,9,0.5,0.5
13637,9,0.5,0.5
13638,9,0.5,0.5
13639,9,0.75,0.25
13640,9,1.0,0.0
13641,9,0.0,1.0
13642,9,1.0,0.0
13643,9,1.0,0.0
13644,9,0.5,0.5
13645,9,0.5,0.5
13646,9,1.0,0.0
13647,9,0.5,0.5
13648,9,0.5,0.5
13649,9,1.0,0.0
13650,9,0.5,0.5
13651,9,0.0,1.0
13652,9,0.75,0.25
13653,9,0.6,0.4
13654,9,0.6538461538461539,0.34615384615384615
13655,9,0.75,0.25
13656,9,0.0,1.0
13657,9,0.5,0.5
13658,9,0.75,0.25
13659,9,1.0,0.0
13660,9,1.0,0.0
13661,9,1.0,0.0
13662,9,1.0,0.0
13663,9,1.0,0.0
13664,9,0.8333333333333334,0.16666666666666666
13665,9,0.5,0.5
13666,9,1.0,0.0
13667,9,0.5,0.5
13668,9,1.0,0.0
13669,9,1.0,0.0
13670,9,1.0,0.0
13671,9,1.0,0.0
13672,9,1.0,0.0
13673,9,1.0,0.0
13674,9,0.5,0.5
13675,9,1.0,0.0
13676,9,1.0,0.0
13677,9,0.5,0.5
13678,9,0.5,0.5
13679,9,1.0,0.0
13680,9,0.5,0.5
13681,9,0.8333333333333334,0.16666666666666666
13682,9,1.0,0.0
13683,9,1.0,0.0
13684,9,1.0,0.0
13685,9,0.5,0.5
13686,9,0.5,0.5
13687,9,0.6666666666666667,0.3333333333333333
13688,9,0.5,0.5
13689,9,0.5,0.5
13690,9,0.5,0.5
13691,9,1.0,0.0
13692,9,0.75,0.25
13693,9,0.0,1.0
13694,9,1.0,0.0
13695,9,0.75,0.25
13696,9,1.0,0.0
13697,9,1.0,0.0
13698,9,0.6666666666666667,0.3333333333333333
13699,9,0.5,0.5
13700,9,1.0,0.0
13701,9,1.0,0.0
13702,9,0.0,1.0
13703,9,0.5,0.5
13704,9,1.0,0.0
13705,9,0.0,1.0
13706,9,0.5,0.5
13707,9,1.0,0.0
13708,9,1.0,0.0
13709,9,0.0,1.0
13710,9,1.0,0.0
13711,9,0.0,1.0
13712,9,1.0,0.0
13713,9,1.0,0.0
13714,9,0.5,0.5
13715,9,1.0,0.0
13716,9,1.0,0.0
13717,9,1.0,0.0
13718,9,1.0,0.0
13719,9,1.0,0.0
13720,9,1.0,0.0
13721,9,0.5,0.5
13722,9,0.0,1.0
13723,9,1.0,0.0
13724,9,0.75,0.25
13725,9,1.0,0.0
13726,9,0.5,0.5
13727,9,0.0,1.0
13728,9,0.5,0.5
13729,9,1.0,0.0
13730,9,1.0,0.0
13731,9,1.0,0.0
13732,9,0.7692307692307692,0.23076923076923078
13733,9,0.5,0.5
13734,9,0.5,0.5
13735,9,0.5,0.5
13736,9,0.5,0.5
13737,9,0.0,1.0
13738,9,0.75,0.25
13739,9,0.5,0.5
13740,9,1.0,0.0
13741,9,1.0,0.0
13742,9,1.0,0.0
13743,9,0.0,1.0
13744,9,0.0,1.0
13745,9,0.0,1.0
13746,9,0.5,0.5
13747,9,1.0,0.0
13748,9,0.75,0.25
13749,9,0.75,0.25
13750,9,0.5,0.5
13751,9,1.0,0.0
13752,9,0.5,0.5
13753,9,0.5,0.5
13754,9,1.0,0.0
13755,9,0.5,0.5
13756,9,0.0,1.0
13757,9,0.5,0.5
13758,9,0.75,0.25
13759,9,1.0,0.0
13760,9,0.5,0.5
13761,9,0.0,1.0
13762,9,0.0,1.0
13763,9,1.0,0.0
13764,9,1.0,0.0
13765,9,1.0,0.0
13766,9,0.5,0.5
13767,9,0.5,0.5
13768,9,1.0,0.0
13769,9,0.0,1.0
13770,9,0.75,0.25
13771,9,0.5,0.5
13772,9,0.0,1.0
13773,9,0.5,0.5
13774,9,0.0,1.0
13775,9,0.5,0.5
13776,9,0.75,0.25
13777,9,0.5,0.5
13778,9,1.0,0.0
13779,9,0.6363636363636364,0.36363636363636365
13780,9,0.5,0.5
13781,9,1.0,0.0
13782,9,0.33333333333333337,0.6666666666666666
13783,9,0.5,0.5
13784,9,0.0,1.0
13785,9,0.6666666666666667,0.3333333333333333
13786,9,0.5,0.5
13787,9,1.0,0.0
13788,9,0.6666666666666667,0.3333333333333333
13789,9,0.0,1.0
13790,9,0.5,0.5
13791,9,0.0,1.0
13792,9,0.0,1.0
13793,9,0.5,0.5
13794,9,0.5,0.5
13795,9,0.5,0.5
13796,9,0.125,0.875
13797,9,1.0,0.0
13798,9,0.5,0.5
13799,9,0.25,0.75
13800,9,0.5,0.5
13801,9,0.5,0.5
13802,9,0.5,0.5
13803,9,0.0,1.0
13804,9,0.375,0.625
13805,9,0.5,0.5
13806,9,0.19999999999999996,0.8
13807,9,0.0,1.0
13808,9,1.0,0.0
13809,9,0.0,1.0
13810,9,1.0,0.0
13811,9,1.0,0.0
13812,9,0.375,0.625
13813,9,0.6666666666666667,0.3333333333333333
13814,9,0.5,0.5
13815,9,0.5,0.5
13816,9,1.0,0.0
13817,9,0.5,0.5
13818,9,1.0,0.0
13819,9,1.0,0.0
13820,9,0.5,0.5
13821,9,0.0,1.0
13822,9,0.75,0.25
13823,9,0.5,0.5
13824,9,1.0,0.0
13825,9,0.6666666666666667,0.3333333333333333
13826,9,1.0,0.0
13827,9,0.75,0.25
13828,9,0.625,0.375
13829,9,1.0,0.0
13830,9,0.25,0.75
13831,9,1.0,0.0
13832,9,0.5,0.5
13833,9,0.0,1.0
13834,9,1.0,0.0
13835,9,0.5,0.5
13836,9,0.875,0.125
13837,9,0.75,0.25
13838,9,1.0,0.0
13839,9,1.0,0.0
13840,9,0.5,0.5
13841,9,0.5,0.5
13842,9,0.75,0.25
13843,9,0.5,0.5
13844,9,0.625,0.375
13845,9,0.5,0.5
13846,9,1.0,0.0
13847,9,0.5,0.5
13848,9,1.0,0.0
13849,9,0.0,1.0
13850,9,0.25,0.75
13851,9,1.0,0.0
13852,9,0.5,0.5
13853,9,0.5,0.5
13854,9,0.5,0.5
13855,9,1.0,0.0
13856,9,1.0,0.0
13857,9,0.0,1.0
13858,9,0.5,0.5
13859,9,1.0,0.0
13860,9,1.0,0.0
13861,9,0.5,0.5
13862,9,0.75,0.25
13863,9,1.0,0.0
13864,9,0.0,1.0
13865,9,0.5,0.5
13866,9,1.0,0.0
13867,9,0.5,0.5
13868,9,1.0,0.0
13869,9,0.625,0.375
13870,9,1.0,0.0
13871,9,0.5,0.5
13872,9,1.0,0.0
13873,9,1.0,0.0
13874,9,0.0,1.0
13875,9,1.0,0.0
13876,9,0.5,0.5
13877,9,0.5,0.5
13878,9,0.5,0.5
13879,9,0.5,0.5
13880,9,0.5,0.5
13881,9,1.0,0.0
13882,9,1.0,0.0
13883,9,1.0,0.0
13884,9,1.0,0.0
13885,9,1.0,0.0
13886,9,0.5,0.5
13887,9,1.0,0.0
13888,9,0.5,0.5
13889,9,0.5,0.5
13890,9,1.0,0.0
13891,9,0.75,0.25
13892,9,0.0,1.0
13893,9,1.0,0.0
13894,9,1.0,0.0
13895,9,1.0,0.0
13896,9,0.0,1.0
13897,9,0.5,0.5
13898,9,0.5,0.5
13899,9,1.0,0.0
13900,9,1.0,0.0
13901,9,1.0,0.0
13902,9,1.0,0.0
13903,9,1.0,0.0
13904,9,1.0,0.0
13905,9,1.0,0.0
13906,9,0.5,0.5
13907,9,1.0,0.0
13908,9,0.5,0.5
13909,9,0.0,1.0
13910,9,1.0,0.0
13911,9,0.5,0.5
13912,9,0.0,1.0
13913,9,1.0,0.0
13914,9,0.5,0.5
13915,9,0.5,0.5
13916,9,0.5,0.5
13917,9,0.0,1.0
13918,10,1.0,0.0
13919,10,0.5,0.5
13920,10,0.5,0.5
13921,10,0.5,0.5
13922,10,1.0,0.0
13923,10,1.0,0.0
13924,10,0.0,1.0
13925,10,1.0,0.0
13926,10,0.0,1.0
13927,10,1.0,0.0
13928,10,1.0,0.0
13929,10,0.5,0.5
13930,10,0.5,0.5
13931,10,1.0,0.0
13932,10,0.5,0.5
13933,10,0.625,0.375
13934,10,0.0,1.0
13935,10,0.0,1.0
13936,10,0.0,1.0
13937,10,0.5,0.5
13938,10,0.0,1.0
13939,10,1.0,0.0
13940,10,0.5,0.5
13941,10,0.0,1.0
13942,10,0.0,1.0
13943,10,0.75,0.25
13944,10,1.0,0.0
13945,10,0.0,1.0
13946,10,0.5,0.5
13947,10,0.16666666666666663,0.8333333333333334
13948,10,1.0,0.0
13949,10,1.0,0.0
13950,10,0.0,1.0
13951,10,0.0,1.0
13952,10,0.0,1.0
13953,10,1.0,0.0
13954,10,0.0,1.0
13955,10,1.0,0.0
13956,10,0.5,0.5
13957,10,0.0,1.0
13958,10,1.0,0.0
13959,10,1.0,0.0
13960,10,1.0,0.0
13961,10,0.875,0.125
13962,10,0.0,1.0
13963,10,0.5,0.5
13964,10,0.0,1.0
13965,10,1.0,0.0
13966,10,1.0,0.0
13967,10,0.5,0.5
13968,10,1.0,0.0
13969,10,1.0,0.0
13970,10,1.0,0.0
13971,10,1.0,0.0
13972,10,1.0,0.0
13973,10,1.0,0.0
13974,10,1.0,0.0
13975,10,0.625,0.375
13976,10,0.5,0.5
13977,10,0.0,1.0
13978,10,1.0,0.0
13979,10,1.0,0.0
13980,10,1.0,0.0
13981,10,1.0,0.0
13982,10,0.75,0.25
13983,10,0.5,0.5
13984,10,0.5,0.5
13985,10,0.5,0.5
13986,10,0.25,0.75
13987,10,0.5,0.5
13988,10,0.0,1.0
13989,10,1.0,0.0
13990,10,0.0,1.0
13991,10,1.0,0.0
13992,10,0.5,0.5
13993,10,0.0,1.0
13994,10,1.0,0.0
13995,10,0.5,0.5
13996,10,0.0,1.0
13997,10,0.5,0.5
13998,10,0.0,1.0
13999,10,0.0,1.0
14000,10,0.0,1.0
14001,10,0.0,1.0
14002,10,1.0,0.0
14003,10,1.0,0.0
14004,10,1.0,0.0
14005,10,0.5,0.5
14006,10,0.5,0.5
14007,10,1.0,0.0
14008,10,0.5,0.5
14009,10,1.0,0.0
14010,10,1.0,0.0
14011,10,0.0,1.0
14012,10,0.25,0.75
14013,10,0.0,1.0
14014,10,0.5,0.5
14015,10,0.5,0.5
14016,10,0.0,1.0
14017,10,0.5,0.5
14018,10,0.25,0.75
14019,10,0.5,0.5
14020,10,1.0,0.0
14021,10,0.0,1.0
14022,10,0.6428571428571428,0.35714285714285715
14023,10,0.5,0.5
14024,10,1.0,0.0
14025,10,1.0,0.0
14026,10,1.0,0.0
14027,10,1.0,0.0
14028,10,0.0,1.0
14029,10,0.5,0.5
14030,10,0.75,0.25
14031,10,0.5,0.5
14032,10,1.0,0.0
14033,10,0.5,0.5
14034,10,1.0,0.0
14035,10,1.0,0.0
14036,10,0.0,1.0
14037,10,1.0,0.0
14038,10,0.6,0.4
14039,10,0.5,0.5
14040,10,1.0,0.0
14041,10,1.0,0.0
14042,10,0.75,0.25
14043,10,0.75,0.25
14044,10,0.75,0.25
14045,10,0.0,1.0
14046,10,0.0,1.0
14047,10,1.0,0.0
14048,10,0.5,0.5
14049,10,0.0,1.0
14050,10,0.5,0.5
14051,10,0.5,0.5
14052,10,0.0,1.0
14053,10,0.75,0.25
14054,10,1.0,0.0
14055,10,1.0,0.0
14056,10,1.0,0.0
14057,10,0.5,0.5
14058,10,0.25,0.75
14059,10,1.0,0.0
14060,10,1.0,0.0
14061,10,0.5,0.5
14062,10,0.75,0.25
14063,10,0.25,0.75
14064,10,0.5,0.5
14065,10,1.0,0.0
14066,10,0.5,0.5
14067,10,0.5,0.5
14068,10,1.0,0.0
14069,10,0.0,1.0
14070,10,0.5,0.5
14071,10,1.0,0.0
14072,10,0.75,0.25
14073,10,1.0,0.0
14074,10,1.0,0.0
14075,10,0.5,0.5
14076,10,0.0,1.0
14077,10,0.5,0.5
14078,10,0.5,0.5
14079,10,0.5,0.5
14080,10,0.5,0.5
14081,10,1.0,0.0
14082,10,0.0,1.0
14083,10,0.5909090909090908,0.4090909090909091
14084,10,1.0,0.0
14085,10,1.0,0.0
14086,10,1.0,0.0
14087,10,1.0,0.0
14088,10,0.75,0.25
14089,10,0.0,1.0
14090,10,0.0,1.0
14091,10,0.5,0.5
14092,10,0.0,1.0
14093,10,1.0,0.0
14094,10,1.0,0.0
14095,10,0.0,1.0
14096,10,1.0,0.0
14097,10,1.0,0.0
14098,10,0.0,1.0
14099,10,0.0,1.0
14100,10,0.0,1.0
14101,10,0.0,1.0
14102,10,0.0,1.0
14103,10,0.6666666666666667,0.3333333333333333
14104,10,1.0,0.0
14105,10,0.375,0.625
14106,10,0.0,1.0
14107,10,1.0,0.0
14108,10,0.5,0.5
14109,10,0.5,0.5
14110,10,1.0,0.0
14111,10,1.0,0.0
14112,10,1.0,0.0
14113,10,1.0,0.0
14114,10,0.8,0.2
14115,10,0.7272727272727273,0.2727272727272727
14116,10,0.8333333333333334,0.16666666666666666
14117,10,1.0,0.0
14118,10,0.0,1.0
14119,10,0.0,1.0
14120,10,1.0,0.0
14121,10,1.0,0.0
14122,10,1.0,0.0
14123,10,0.0,1.0
14124,10,1.0,0.0
14125,10,0.0,1.0
14126,10,0.25,0.75
14127,10,1.0,0.0
14128,10,0.5,0.5
14129,10,0.5,0.5
14130,10,1.0,0.0
14131,10,0.0,1.0
14132,10,1.0,0.0
14133,10,0.5,0.5
14134,10,0.5,0.5
14135,10,1.0,0.0
14136,10,1.0,0.0
14137,10,1.0,0.0
14138,10,0.5,0.5
14139,10,0.75,0.25
14140,10,0.5,0.5
14141,10,0.0,1.0
14142,10,0.16666666666666663,0.8333333333333334
14143,10,0.0,1.0
14144,10,0.5666666666666667,0.43333333333333335
14145,10,0.75,0.25
14146,10,0.0,1.0
14147,10,0.5,0.5
14148,10,1.0,0.0
14149,10,0.6666666666666667,0.3333333333333333
14150,10,0.75,0.25
14151,10,1.0,0.0
14152,10,0.75,0.25
14153,10,0.75,0.25
14154,10,0.5,0.5
14155,10,0.0,1.0
14156,10,0.5,0.5
14157,10,0.5,0.5
14158,10,0.5,0.5
14159,10,0.6666666666666667,0.3333333333333333
14160,10,0.0,1.0
14161,10,0.5,0.5
14162,10,0.5,0.5
14163,10,0.5,0.5
14164,10,0.0,1.0
14165,10,0.5,0.5
14166,10,1.0,0.0
14167,10,0.5,0.5
14168,10,1.0,0.0
14169,10,0.5,0.5
14170,10,1.0,0.0
14171,10,0.5,0.5
14172,10,0.0,1.0
14173,10,0.0,1.0
14174,10,1.0,0.0
14175,10,1.0,0.0
14176,10,0.5,0.5
14177,10,1.0,0.0
14178,10,0.0,1.0
14179,10,1.0,0.0
14180,10,0.5,0.5
14181,10,0.5,0.5
14182,10,1.0,0.0
14183,10,1.0,0.0
14184,10,0.5,0.5
14185,10,0.5,0.5
14186,10,1.0,0.0
14187,10,0.0,1.0
14188,10,1.0,0.0
14189,10,0.0,1.0
14190,10,1.0,0.0
14191,10,0.5,0.5
14192,10,0.5,0.5
14193,10,0.5,0.5
14194,10,0.75,0.25
14195,10,0.0,1.0
14196,10,1.0,0.0
14197,10,1.0,0.0
14198,10,0.5,0.5
14199,10,0.0,1.0
14200,10,0.0,1.0
14201,10,0.0,1.0
14202,10,1.0,0.0
14203,10,1.0,0.0
14204,10,1.0,0.0
14205,10,0.0,1.0
14206,10,1.0,0.0
14207,10,0.6666666666666667,0.3333333333333333
14208,10,0.0,1.0
14209,10,0.0,1.0
14210,10,0.75,0.25
14211,10,1.0,0.0
14212,10,1.0,0.0
14213,10,1.0,0.0
14214,10,1.0,0.0
14215,10,1.0,0.0
14216,10,0.5,0.5
14217,10,1.0,0.0
14218,10,0.0,1.0
14219,10,0.5,0.5
14220,10,0.5,0.5
14221,10,0.5,0.5
14222,10,0.5,0.5
14223,10,1.0,0.0
14224,10,0.6666666666666667,0.3333333333333333
14225,10,0.5,0.5
14226,10,0.5,0.5
14227,10,0.5,0.5
14228,10,0.25,0.75
14229,10,0.5,0.5
14230,10,0.8333333333333334,0.16666666666666666
14231,10,1.0,0.0
14232,10,0.0,1.0
14233,10,0.5,0.5
14234,10,0.75,0.25
14235,10,1.0,0.0
14236,10,0.5,0.5
14237,10,0.75,0.25
14238,10,0.41666666666666663,0.5833333333333334
14239,10,0.5,0.5
14240,10,0.0,1.0
14241,10,0.0,1.0
14242,10,1.0,0.0
14243,10,0.25,0.75
14244,10,0.0,1.0
14245,10,1.0,0.0
14246,10,0.5,0.5
14247,10,0.5,0.5
14248,10,0.33333333333333337,0.6666666666666666
14249,10,0.5,0.5
14250,10,0.5,0.5
14251,10,0.5,0.5
14252,10,0.625,0.375
14253,10,0.25,0.75
14254,10,0.25,0.75
14255,10,1.0,0.0
14256,10,0.5,0.5
14257,10,1.0,0.0
14258,10,0.5,0.5
14259,10,0.8571428571428572,0.14285714285714285
14260,10,1.0,0.0
14261,10,0.0,1.0
14262,10,1.0,0.0
14263,10,1.0,0.0
14264,10,0.5,0.5
14265,10,1.0,0.0
14266,10,1.0,0.0
14267,10,1.0,0.0
14268,10,0.5,0.5
14269,10,1.0,0.0
14270,10,0.75,0.25
14271,10,1.0,0.0
14272,10,0.75,0.25
14273,10,0.75,0.25
14274,10,1.0,0.0
14275,10,0.5,0.5
14276,10,1.0,0.0
14277,10,0.5,0.5
14278,10,1.0,0.0
14279,10,1.0,0.0
14280,10,0.5,0.5
14281,10,1.0,0.0
14282,10,1.0,0.0
14283,10,0.625,0.375
14284,10,0.75,0.25
14285,10,1.0,0.0
14286,10,0.0,1.0
14287,10,1.0,0.0
14288,10,0.5,0.5
14289,10,1.0,0.0
14290,10,0.0,1.0
14291,10,1.0,0.0
14292,10,0.5,0.5
14293,10,0.0,1.0
14294,10,0.5,0.5
14295,10,0.5,0.5
14296,10,0.0,1.0
14297,10,1.0,0.0
14298,10,0.5,0.5
14299,10,0.5,0.5
14300,10,0.0,1.0
14301,10,1.0,0.0
14302,10,0.0,1.0
14303,10,0.0,1.0
14304,10,0.5,0.5
14305,10,1.0,0.0
14306,10,1.0,0.0
14307,10,0.5,0.5
14308,10,1.0,0.0
14309,10,0.0,1.0
14310,10,0.5,0.5
14311,10,1.0,0.0
14312,10,0.875,0.125
14313,10,0.6428571428571428,0.35714285714285715
14314,10,0.0,1.0
14315,10,0.0,1.0
14316,10,0.5,0.5
14317,10,0.5,0.5
14318,10,0.5,0.5
14319,10,0.5,0.5
14320,10,0.33333333333333337,0.6666666666666666
14321,10,0.0,1.0
14322,10,0.8333333333333334,0.16666666666666666
14323,10,0.5833333333333333,0.4166666666666667
14324,10,0.0,1.0
14325,10,0.0,1.0
14326,10,0.5,0.5
14327,10,0.75,0.25
14328,10,0.5,0.5
14329,10,0.5,0.5
14330,10,0.5,0.5
14331,10,0.5,0.5
14332,10,1.0,0.0
14333,10,0.5,0.5
14334,10,1.0,0.0
14335,10,1.0,0.0
14336,10,0.5,0.5
14337,10,0.75,0.25
14338,10,1.0,0.0
14339,10,1.0,0.0
14340,10,1.0,0.0
14341,10,1.0,0.0
14342,10,0.0,1.0
14343,10,0.5,0.5
14344,10,0.0,1.0
14345,10,0.0,1.0
14346,10,0.6428571428571428,0.35714285714285715
14347,10,0.0,1.0
14348,10,1.0,0.0
14349,10,1.0,0.0
14350,10,0.25,0.75
14351,10,1.0,0.0
14352,10,1.0,0.0
14353,10,1.0,0.0
14354,10,0.5,0.5
14355,10,0.5,0.5
14356,10,1.0,0.0
14357,10,0.5,0.5
14358,10,0.0,1.0
14359,10,1.0,0.0
14360,10,1.0,0.0
14361,10,0.0,1.0
14362,10,0.5,0.5
14363,10,0.5,0.5
14364,10,1.0,0.0
14365,10,0.5,0.5
14366,10,1.0,0.0
14367,10,0.0,1.0
14368,10,1.0,0.0
14369,10,0.75,0.25
14370,10,0.5,0.5
14371,10,1.0,0.0
14372,10,0.6,0.4
14373,10,1.0,0.0
14374,10,1.0,0.0
14375,10,0.5,0.5
14376,10,0.25,0.75
14377,10,0.0,1.0
14378,10,1.0,0.0
14379,10,0.0,1.0
14380,10,0.0,1.0
14381,10,1.0,0.0
14382,10,0.6666666666666667,0.3333333333333333
14383,10,0.0,1.0
14384,10,0.5,0.5
14385,10,1.0,0.0
14386,10,0.0,1.0
14387,10,0.0,1.0
14388,10,0.6428571428571428,0.35714285714285715
14389,10,1.0,0.0
14390,10,1.0,0.0
14391,10,0.5,0.5
14392,10,0.5,0.5
14393,10,1.0,0.0
14394,10,0.0,1.0
14395,10,1.0,0.0
14396,10,0.5,0.5
14397,10,1.0,0.0
14398,10,1.0,0.0
14399,10,0.5,0.5
14400,10,1.0,0.0
14401,10,0.5,0.5
14402,10,1.0,0.0
14403,10,0.25,0.75
14404,10,1.0,0.0
14405,10,0.6,0.4
14406,10,0.5,0.5
14407,10,1.0,0.0
14408,10,0.0,1.0
14409,10,0.5,0.5
14410,10,0.5,0.5
14411,10,1.0,0.0
14412,10,0.5,0.5
14413,10,1.0,0.0
14414,10,1.0,0.0
14415,10,0.5,0.5
14416,10,0.5,0.5
14417,10,1.0,0.0
14418,10,0.75,0.25
14419,10,0.0,1.0
14420,10,1.0,0.0
14421,10,0.5,0.5
14422,10,0.0,1.0
14423,10,0.5,0.5
14424,10,0.5,0.5
14425,10,0.5,0.5
14426,10,0.0,1.0
14427,10,1.0,0.0
14428,10,0.5,0.5
14429,10,0.5,0.5
14430,10,0.5,0.5
14431,10,0.0,1.0
14432,10,1.0,0.0
14433,10,0.0,1.0
14434,10,0.0,1.0
14435,10,1.0,0.0
14436,10,0.0,1.0
14437,10,1.0,0.0
14438,10,0.5,0.5
14439,10,1.0,0.0
14440,10,1.0,0.0
14441,10,0.75,0.25
14442,10,1.0,0.0
14443,10,0.0,1.0
14444,10,0.0,1.0
14445,10,1.0,0.0
14446,10,1.0,0.0
14447,10,1.0,0.0
14448,10,0.5,0.5
14449,10,1.0,0.0
14450,10,1.0,0.0
14451,10,1.0,0.0
14452,10,0.5,0.5
14453,10,1.0,0.0
14454,10,1.0,0.0
14455,10,1.0,0.0
14456,10,0.5,0.5
14457,10,0.0,1.0
14458,10,0.5,0.5
14459,10,1.0,0.0
14460,10,0.0,1.0
14461,10,1.0,0.0
14462,10,0.0,1.0
14463,10,1.0,0.0
14464,10,0.5,0.5
14465,10,0.5,0.5
14466,10,1.0,0.0
14467,10,1.0,0.0
14468,10,0.5714285714285714,0.42857142857142855
14469,10,1.0,0.0
14470,10,0.0,1.0
14471,10,0.625,0.375
14472,10,0.0,1.0
14473,10,1.0,0.0
14474,10,0.25,0.75
14475,10,0.0,1.0
14476,10,1.0,0.0
14477,10,1.0,0.0
14478,10,0.0,1.0
14479,10,1.0,0.0
14480,10,0.5,0.5
14481,10,1.0,0.0
14482,10,1.0,0.0
14483,10,1.0,0.0
14484,10,0.0,1.0
14485,10,0.0,1.0
14486,10,0.5,0.5
14487,10,0.5,0.5
14488,10,0.5,0.5
14489,10,0.0,1.0
14490,10,1.0,0.0
14491,10,0.5,0.5
14492,10,0.40625,0.59375
14493,10,0.6666666666666667,0.3333333333333333
14494,10,0.75,0.25
14495,10,0.9166666666666666,0.08333333333333333
14496,10,0.33333333333333337,0.6666666666666666
14497,10,0.625,0.375
14498,10,0.625,0.375
14499,10,0.0,1.0
14500,10,1.0,0.0
14501,10,0.5,0.5
14502,10,0.0,1.0
14503,10,0.5,0.5
14504,10,0.6666666666666667,0.3333333333333333
14505,10,0.5,0.5
14506,10,0.5,0.5
14507,10,0.75,0.25
14508,10,0.25,0.75
14509,10,0.6666666666666667,0.3333333333333333
14510,10,1.0,0.0
14511,10,0.33333333333333337,0.6666666666666666
14512,10,0.75,0.25
14513,10,0.5,0.5
14514,10,0.5,0.5
14515,10,1.0,0.0
14516,10,0.5,0.5
14517,10,1.0,0.0
14518,10,0.0,1.0
14519,10,0.5,0.5
14520,10,0.5,0.5
14521,10,1.0,0.0
14522,10,0.5,0.5
14523,10,1.0,0.0
14524,10,0.0,1.0
14525,10,0.75,0.25
14526,10,0.75,0.25
14527,10,0.5,0.5
14528,10,0.5,0.5
14529,10,0.5,0.5
14530,10,1.0,0.0
14531,10,1.0,0.0
14532,10,0.5,0.5
14533,10,0.0,1.0
14534,10,1.0,0.0
14535,10,1.0,0.0
14536,10,1.0,0.0
14537,10,1.0,0.0
14538,10,1.0,0.0
14539,10,0.5,0.5
14540,10,0.5,0.5
14541,10,0.0,1.0
14542,10,0.0,1.0
14543,10,0.0,1.0
14544,10,1.0,0.0
14545,10,0.6666666666666667,0.3333333333333333
14546,10,0.5,0.5
14547,10,0.0,1.0
14548,10,1.0,0.0
14549,10,0.0,1.0
14550,10,0.5,0.5
14551,10,0.25,0.75
14552,10,0.0,1.0
14553,10,1.0,0.0
14554,10,0.8333333333333334,0.16666666666666666
14555,10,1.0,0.0
14556,10,0.0,1.0
14557,10,0.5,0.5
14558,10,0.5,0.5
14559,10,1.0,0.0
14560,10,0.5,0.5
14561,10,0.5,0.5
14562,10,0.0,1.0
14563,10,0.25,0.75
14564,10,0.0,1.0
14565,10,0.5,0.5
14566,10,0.5,0.5
14567,10,0.375,0.625
14568,10,0.0,1.0
14569,10,1.0,0.0
14570,10,0.5,0.5
14571,10,0.375,0.625
14572,10,0.5,0.5
14573,10,1.0,0.0
14574,10,1.0,0.0
14575,10,0.5,0.5
14576,10,0.0,1.0
14577,10,0.0,1.0
14578,10,0.5,0.5
14579,10,1.0,0.0
14580,10,0.0,1.0
14581,10,1.0,0.0
14582,10,1.0,0.0
14583,10,0.0,1.0
14584,10,0.5,0.5
14585,10,0.0,1.0
14586,10,0.5,0.5
14587,10,1.0,0.0
14588,10,0.0,1.0
14589,10,0.0,1.0
14590,10,0.75,0.25
14591,10,1.0,0.0
14592,10,1.0,0.0
14593,10,0.0,1.0
14594,10,1.0,0.0
14595,10,0.5,0.5
14596,10,0.0,1.0
14597,10,1.0,0.0
14598,10,1.0,0.0
14599,10,0.0,1.0
14600,10,0.0,1.0
14601,10,1.0,0.0
14602,10,0.0,1.0
14603,10,0.5,0.5
14604,10,1.0,0.0
14605,10,0.75,0.25
14606,10,0.0,1.0
14607,10,1.0,0.0
14608,10,0.0,1.0
14609,10,1.0,0.0
14610,10,0.5,0.5
14611,10,0.5,0.5
14612,10,0.0,1.0
14613,10,1.0,0.0
14614,10,0.0,1.0
14615,10,0.0,1.0
14616,10,0.5,0.5
14617,10,0.0,1.0
14618,10,0.0,1.0
14619,10,1.0,0.0
14620,10,1.0,0.0
14621,10,0.0,1.0
14622,10,0.5,0.5
14623,10,0.0,1.0
14624,10,0.5,0.5
14625,10,0.5,0.5
14626,10,0.0,1.0
14627,10,0.0,1.0
14628,10,0.0,1.0
14629,10,0.5,0.5
14630,10,0.0,1.0
14631,10,0.0,1.0
14632,10,0.5,0.5
14633,10,1.0,0.0
14634,10,0.0,1.0
14635,10,0.8333333333333334,0.16666666666666666
14636,10,1.0,0.0
14637,10,0.0,1.0
14638,10,0.0,1.0
14639,10,0.0,1.0
14640,10,0.33333333333333337,0.6666666666666666
14641,10,0.0,1.0
14642,10,1.0,0.0
14643,10,0.0,1.0
14644,10,0.5,0.5
14645,10,1.0,0.0
14646,10,0.0,1.0
14647,10,0.5,0.5
14648,10,0.0,1.0
14649,10,1.0,0.0
14650,10,0.5,0.5
14651,10,0.5,0.5
14652,10,0.16666666666666663,0.8333333333333334
14653,10,0.0,1.0
14654,10,0.5,0.5
14655,10,0.0,1.0
14656,10,0.5,0.5
14657,10,1.0,0.0
14658,10,0.0,1.0
14659,10,0.0,1.0
14660,10,0.5,0.5
14661,10,0.5,0.5
14662,10,0.5,0.5
14663,10,0.0,1.0
14664,10,0.0,1.0
14665,10,0.5,0.5
14666,10,0.5,0.5
14667,10,0.0,1.0
14668,10,0.5,0.5
14669,10,0.0,1.0
14670,10,0.0,1.0
14671,10,1.0,0.0
14672,10,0.5,0.5
14673,10,1.0,0.0
14674,10,0.5,0.5
14675,10,1.0,0.0
14676,10,0.0,1.0
14677,10,0.0,1.0
14678,10,0.0,1.0
14679,10,0.5,0.5
14680,10,1.0,0.0
14681,10,0.0,1.0
14682,10,0.5,0.5
14683,10,0.8333333333333334,0.16666666666666666
14684,10,1.0,0.0
14685,10,0.0,1.0
14686,10,0.0,1.0
14687,10,0.5,0.5
14688,10,0.0,1.0
14689,10,0.5,0.5
14690,10,0.8333333333333334,0.16666666666666666
14691,10,0.5,0.5
14692,10,1.0,0.0
14693,10,0.0,1.0
14694,10,0.5,0.5
14695,10,0.6666666666666667,0.3333333333333333
14696,10,1.0,0.0
14697,10,0.0,1.0
14698,10,0.0,1.0
14699,10,1.0,0.0
14700,10,1.0,0.0
14701,10,0.5,0.5
14702,10,0.5,0.5
14703,10,0.625,0.375
14704,10,0.0,1.0
14705,10,0.0,1.0
14706,10,1.0,0.0
14707,10,0.5,0.5
14708,10,0.0,1.0
14709,10,0.5,0.5
14710,10,1.0,0.0
14711,10,1.0,0.0
14712,10,0.5,0.5
14713,10,1.0,0.0
14714,10,0.5,0.5
14715,10,0.0,1.0
14716,10,0.0,1.0
14717,10,1.0,0.0
14718,10,0.0,1.0
14719,10,0.25,0.75
14720,10,1.0,0.0
14721,10,1.0,0.0
14722,10,1.0,0.0
14723,10,0.0,1.0
14724,10,0.0,1.0
14725,10,0.5,0.5
14726,10,1.0,0.0
14727,10,0.0,1.0
14728,10,0.5,0.5
14729,10,0.5,0.5
14730,10,0.0,1.0
14731,10,1.0,0.0
14732,10,0.30000000000000004,0.7
14733,10,0.0,1.0
14734,10,0.16666666666666663,0.8333333333333334
14735,10,0.0,1.0
14736,10,0.0,1.0
14737,10,1.0,0.0
14738,10,1.0,0.0
14739,10,1.0,0.0
14740,10,1.0,0.0
14741,10,1.0,0.0
14742,10,1.0,0.0
14743,10,0.0,1.0
14744,10,1.0,0.0
14745,10,1.0,0.0
14746,10,1.0,0.0
14747,10,1.0,0.0
14748,10,1.0,0.0
14749,10,1.0,0.0
14750,10,1.0,0.0
14751,10,1.0,0.0
14752,10,0.0,1.0
14753,10,1.0,0.0
14754,10,1.0,0.0
14755,10,1.0,0.0
14756,10,1.0,0.0
14757,10,1.0,0.0
14758,10,1.0,0.0
14759,10,1.0,0.0
14760,10,1.0,0.0
14761,10,1.0,0.0
14762,10,1.0,0.0
14763,10,0.75,0.25
14764,10,0.0,1.0
14765,10,0.5,0.5
14766,10,0.0,1.0
14767,10,0.0,1.0
14768,10,0.5,0.5
14769,10,0.625,0.375
14770,10,0.5,0.5
14771,10,0.5,0.5
14772,10,1.0,0.0
14773,10,0.4,0.6
14774,10,0.9285714285714286,0.07142857142857142
14775,10,0.0,1.0
14776,10,0.625,0.375
14777,10,1.0,0.0
14778,10,0.0,1.0
14779,10,1.0,0.0
14780,10,0.5,0.5
14781,10,0.0,1.0
14782,10,1.0,0.0
14783,10,0.5,0.5
14784,10,0.5,0.5
14785,10,1.0,0.0
14786,10,0.5,0.5
14787,10,1.0,0.0
14788,10,0.0,1.0
14789,10,1.0,0.0
14790,10,0.75,0.25
14791,10,0.0,1.0
14792,10,1.0,0.0
14793,10,1.0,0.0
14794,10,1.0,0.0
14795,10,1.0,0.0
14796,10,1.0,0.0
14797,10,1.0,0.0
14798,10,1.0,0.0
14799,10,0.0,1.0
14800,10,1.0,0.0
14801,10,0.0,1.0
14802,10,1.0,0.0
14803,10,1.0,0.0
14804,10,1.0,0.0
14805,10,0.0,1.0
14806,10,0.0,1.0
14807,10,1.0,0.0
14808,10,0.5,0.5
14809,10,0.5,0.5
14810,10,0.0,1.0
14811,10,0.5,0.5
14812,10,0.5,0.5
14813,10,1.0,0.0
14814,10,0.0,1.0
14815,10,0.5,0.5
14816,10,1.0,0.0
14817,10,1.0,0.0
14818,10,1.0,0.0
14819,10,1.0,0.0
14820,10,1.0,0.0
14821,10,0.5,0.5
14822,10,0.5,0.5
14823,10,1.0,0.0
14824,10,0.5,0.5
14825,10,0.75,0.25
14826,10,0.5,0.5
14827,10,0.5,0.5
14828,10,1.0,0.0
14829,10,0.5,0.5
14830,10,1.0,0.0
14831,10,0.375,0.625
14832,10,0.5,0.5
14833,10,0.5,0.5
14834,10,1.0,0.0
14835,10,0.5,0.5
14836,10,1.0,0.0
14837,10,0.8571428571428572,0.14285714285714285
14838,10,0.75,0.25
14839,10,1.0,0.0
14840,10,0.0,1.0
14841,10,0.25,0.75
14842,10,1.0,0.0
14843,10,1.0,0.0
14844,10,1.0,0.0
14845,10,1.0,0.0
14846,10,1.0,0.0
14847,10,1.0,0.0
14848,10,0.5,0.5
14849,10,1.0,0.0
14850,10,0.5,0.5
14851,10,1.0,0.0
14852,10,1.0,0.0
14853,10,0.0,1.0
14854,10,0.5,0.5
14855,10,0.5,0.5
14856,10,0.5,0.5
14857,10,1.0,0.0
14858,10,0.5,0.5
14859,10,1.0,0.0
14860,10,1.0,0.0
14861,10,1.0,0.0
14862,10,1.0,0.0
14863,10,1.0,0.0
14864,10,0.5,0.5
14865,10,0.0,1.0
14866,10,1.0,0.0
14867,10,0.5,0.5
14868,10,0.5,0.5
14869,10,1.0,0.0
14870,10,1.0,0.0
14871,10,1.0,0.0
14872,10,0.5,0.5
14873,10,1.0,0.0
14874,10,0.0,1.0
14875,10,0.75,0.25
14876,10,1.0,0.0
14877,10,0.75,0.25
14878,10,1.0,0.0
14879,10,0.8333333333333334,0.16666666666666666
14880,10,1.0,0.0
14881,10,0.0,1.0
14882,10,0.75,0.25
14883,10,0.0,1.0
14884,10,1.0,0.0
14885,10,0.5,0.5
14886,10,1.0,0.0
14887,10,1.0,0.0
14888,10,0.5,0.5
14889,10,1.0,0.0
14890,10,0.5,0.5
14891,10,0.25,0.75
14892,10,1.0,0.0
14893,10,0.5,0.5
14894,10,1.0,0.0
14895,10,1.0,0.0
14896,10,0.5,0.5
14897,10,1.0,0.0
14898,10,1.0,0.0
14899,10,0.0,1.0
14900,10,0.5,0.5
14901,10,1.0,0.0
14902,10,1.0,0.0
14903,10,1.0,0.0
14904,10,0.5833333333333333,0.4166666666666667
14905,10,0.7,0.3
14906,10,0.0,1.0
14907,10,1.0,0.0
14908,10,0.0,1.0
14909,10,0.5,0.5
14910,10,1.0,0.0
14911,10,0.0,1.0
14912,10,1.0,0.0
14913,10,0.5,0.5
14914,10,0.0,1.0
14915,10,0.0,1.0
14916,10,0.0,1.0
14917,10,0.0,1.0
14918,10,1.0,0.0
14919,10,0.0,1.0
14920,10,0.16666666666666663,0.8333333333333334
14921,10,0.0,1.0
14922,10,1.0,0.0
14923,10,0.0,1.0
14924,10,0.5,0.5
14925,10,0.0,1.0
14926,10,0.5,0.5
14927,10,0.5,0.5
14928,10,0.5,0.5
14929,10,0.5,0.5
14930,10,0.0,1.0
14931,10,0.25,0.75
14932,10,0.0,1.0
14933,10,0.0,1.0
14934,10,0.75,0.25
14935,10,0.75,0.25
14936,10,0.5,0.5
14937,10,0.5,0.5
14938,10,1.0,0.0
14939,10,0.5,0.5
14940,10,1.0,0.0
14941,10,1.0,0.0
14942,10,1.0,0.0
14943,10,0.5,0.5
14944,10,1.0,0.0
14945,10,0.0,1.0
14946,10,0.6666666666666667,0.3333333333333333
14947,10,0.5,0.5
14948,10,1.0,0.0
14949,10,0.5,0.5
14950,10,0.5,0.5
14951,10,0.0,1.0
14952,10,0.5,0.5
14953,10,0.5,0.5
14954,10,0.5,0.5
14955,10,1.0,0.0
14956,10,0.5,0.5
14957,10,1.0,0.0
14958,10,1.0,0.0
14959,10,0.0,1.0
14960,10,1.0,0.0
14961,10,0.0,1.0
14962,10,0.5,0.5
14963,10,1.0,0.0
14964,10,0.6666666666666667,0.3333333333333333
14965,10,0.5,0.5
14966,10,0.5,0.5
14967,10,0.0,1.0
14968,10,1.0,0.0
14969,10,0.5,0.5
14970,10,0.6666666666666667,0.3333333333333333
14971,10,0.5,0.5
14972,10,0.5,0.5
14973,10,0.8333333333333334,0.16666666666666666
14974,10,1.0,0.0
14975,10,1.0,0.0
14976,10,1.0,0.0
14977,10,1.0,0.0
14978,10,1.0,0.0
14979,11,0.5,0.5
14980,11,0.6666666666666667,0.3333333333333333
14981,11,0.0,1.0
14982,11,1.0,0.0
14983,11,1.0,0.0
14984,11,0.5,0.5
14985,11,0.5,0.5
14986,11,0.0,1.0
14987,11,0.8333333333333334,0.16666666666666666
14988,11,1.0,0.0
14989,11,0.5,0.5
14990,11,0.5,0.5
14991,11,0.5,0.5
14992,11,1.0,0.0
14993,11,0.5,0.5
14994,11,1.0,0.0
14995,11,0.0,1.0
14996,11,1.0,0.0
14997,11,0.5,0.5
14998,11,0.0,1.0
14999,11,1.0,0.0
15000,11,0.0,1.0
15001,11,0.0,1.0
15002,11,0.5,0.5
15003,11,0.5,0.5
15004,11,0.0,1.0
15005,11,0.5,0.5
15006,11,1.0,0.0
15007,11,0.5,0.5
15008,11,1.0,0.0
15009,11,0.5,0.5
15010,11,0.5,0.5
15011,11,1.0,0.0
15012,11,1.0,0.0
15013,11,0.33333333333333337,0.6666666666666666
15014,11,0.9,0.1
15015,11,0.6,0.4
15016,11,0.5,0.5
15017,11,1.0,0.0
15018,11,0.5,0.5
15019,11,1.0,0.0
15020,11,0.5,0.5
15021,11,0.5,0.5
15022,11,0.5,0.5
15023,11,1.0,0.0
15024,11,0.0,1.0
15025,11,0.5,0.5
15026,11,1.0,0.0
15027,11,0.5,0.5
15028,11,0.5,0.5
15029,11,0.0,1.0
15030,11,1.0,0.0
15031,11,1.0,0.0
15032,11,0.5,0.5
15033,11,1.0,0.0
15034,11,0.0,1.0
15035,11,1.0,0.0
15036,11,0.0,1.0
15037,11,0.75,0.25
15038,11,0.0,1.0
15039,11,1.0,0.0
15040,11,0.5,0.5
15041,11,0.75,0.25
15042,11,1.0,0.0
15043,11,0.5,0.5
15044,11,0.5,0.5
15045,11,1.0,0.0
15046,11,0.5,0.5
15047,11,0.0,1.0
15048,11,1.0,0.0
15049,11,0.5,0.5
15050,11,0.0,1.0
15051,11,0.0,1.0
15052,11,1.0,0.0
15053,11,1.0,0.0
15054,11,0.75,0.25
15055,11,0.5,0.5
15056,11,0.75,0.25
15057,11,0.0,1.0
15058,11,0.8333333333333334,0.16666666666666666
15059,11,1.0,0.0
15060,11,0.5,0.5
15061,11,0.6923076923076923,0.3076923076923077
15062,11,0.8571428571428572,0.14285714285714285
15063,11,0.5,0.5
15064,11,1.0,0.0
15065,11,0.0,1.0
15066,11,0.5,0.5
15067,11,0.5,0.5
15068,11,0.5,0.5
15069,11,1.0,0.0
15070,11,0.25,0.75
15071,11,1.0,0.0
15072,11,1.0,0.0
15073,11,1.0,0.0
15074,11,0.5,0.5
15075,11,0.25,0.75
15076,11,0.0,1.0
15077,11,0.0,1.0
15078,11,0.0,1.0
15079,11,0.75,0.25
15080,11,0.41666666666666663,0.5833333333333334
15081,11,0.5909090909090908,0.4090909090909091
15082,11,0.75,0.25
15083,11,0.5,0.5
15084,11,0.0,1.0
15085,11,1.0,0.0
15086,11,0.6666666666666667,0.3333333333333333
15087,11,0.0,1.0
15088,11,1.0,0.0
15089,11,0.5,0.5
15090,11,1.0,0.0
15091,11,1.0,0.0
15092,11,0.0,1.0
15093,11,0.5,0.5
15094,11,1.0,0.0
15095,11,0.7142857142857143,0.2857142857142857
15096,11,1.0,0.0
15097,11,0.5,0.5
15098,11,1.0,0.0
15099,11,0.5,0.5
15100,11,1.0,0.0
15101,11,1.0,0.0
15102,11,1.0,0.0
15103,11,0.5,0.5
15104,11,0.5,0.5
15105,11,0.5,0.5
15106,11,1.0,0.0
15107,11,0.0,1.0
15108,11,1.0,0.0
15109,11,1.0,0.0
15110,11,0.0,1.0
15111,11,0.5,0.5
15112,11,1.0,0.0
15113,11,0.0,1.0
15114,11,0.0,1.0
15115,11,1.0,0.0
15116,11,0.5,0.5
15117,11,0.5,0.5
15118,11,1.0,0.0
15119,11,0.5,0.5
15120,11,0.75,0.25
15121,11,0.5,0.5
15122,11,0.5,0.5
15123,11,1.0,0.0
15124,11,0.33333333333333337,0.6666666666666666
15125,11,0.5,0.5
15126,11,0.5,0.5
15127,11,0.5,0.5
15128,11,0.0,1.0
15129,11,0.5,0.5
15130,11,1.0,0.0
15131,11,1.0,0.0
15132,11,0.0,1.0
15133,11,0.5,0.5
15134,11,1.0,0.0
15135,11,0.5,0.5
15136,11,1.0,0.0
15137,11,1.0,0.0
15138,11,0.0,1.0
15139,11,0.5,0.5
15140,11,0.4,0.6
15141,11,0.0,1.0
15142,11,0.5,0.5
15143,11,0.0,1.0
15144,11,0.5,0.5
15145,11,1.0,0.0
15146,11,0.5,0.5
15147,11,0.5,0.5
15148,11,0.0,1.0
15149,11,0.0,1.0
15150,11,0.5,0.5
15151,11,1.0,0.0
15152,11,0.0,1.0
15153,11,1.0,0.0
15154,11,0.25,0.75
15155,11,0.8333333333333334,0.16666666666666666
15156,11,1.0,0.0
15157,11,0.5,0.5
15158,11,1.0,0.0
15159,11,1.0,0.0
15160,11,0.5,0.5
15161,11,1.0,0.0
15162,11,0.5,0.5
15163,11,0.0,1.0
15164,11,0.8333333333333334,0.16666666666666666
15165,11,0.5,0.5
15166,11,1.0,0.0
15167,11,1.0,0.0
15168,11,1.0,0.0
15169,11,1.0,0.0
15170,11,0.75,0.25
15171,11,0.0,1.0
15172,11,1.0,0.0
15173,11,0.5,0.5
15174,11,0.5,0.5
15175,11,1.0,0.0
15176,11,1.0,0.0
15177,11,0.5,0.5
15178,11,0.0,1.0
15179,11,1.0,0.0
15180,11,0.5,0.5
15181,11,0.0,1.0
15182,11,0.5,0.5
15183,11,0.0,1.0
15184,11,1.0,0.0
15185,11,0.75,0.25
15186,11,0.75,0.25
15187,11,0.625,0.375
15188,11,0.3125,0.6875
15189,11,0.5,0.5
15190,11,0.0,1.0
15191,11,1.0,0.0
15192,11,0.5,0.5
15193,11,0.5909090909090908,0.4090909090909091
15194,11,0.5,0.5
15195,11,0.5,0.5
15196,11,1.0,0.0
15197,11,1.0,0.0
15198,11,0.0,1.0
15199,11,0.75,0.25
15200,11,0.0,1.0
15201,11,1.0,0.0
15202,11,1.0,0.0
15203,11,0.0,1.0
15204,11,1.0,0.0
15205,11,1.0,0.0
15206,11,1.0,0.0
15207,11,0.5,0.5
15208,11,1.0,0.0
15209,11,0.6666666666666667,0.3333333333333333
15210,11,0.5,0.5
15211,11,0.5,0.5
15212,11,0.0,1.0
15213,11,1.0,0.0
15214,11,1.0,0.0
15215,11,1.0,0.0
15216,11,0.0,1.0
15217,11,1.0,0.0
15218,11,0.0,1.0
15219,11,1.0,0.0
15220,11,1.0,0.0
15221,11,1.0,0.0
15222,11,1.0,0.0
15223,11,1.0,0.0
15224,11,0.5,0.5
15225,11,1.0,0.0
15226,11,0.75,0.25
15227,11,0.5,0.5
15228,11,0.5,0.5
15229,11,0.0,1.0
15230,11,1.0,0.0
15231,11,1.0,0.0
15232,11,0.0,1.0
15233,11,1.0,0.0
15234,11,1.0,0.0
15235,11,0.75,0.25
15236,11,0.0,1.0
15237,11,0.5,0.5
15238,11,0.5,0.5
15239,11,1.0,0.0
15240,11,1.0,0.0
15241,11,0.0,1.0
15242,11,0.5,0.5
15243,11,1.0,0.0
15244,11,1.0,0.0
15245,11,0.5,0.5
15246,11,1.0,0.0
15247,11,0.0,1.0
15248,11,1.0,0.0
15249,11,0.5,0.5
15250,11,1.0,0.0
15251,11,0.5,0.5
15252,11,1.0,0.0
15253,11,0.25,0.75
15254,11,0.5,0.5
15255,11,1.0,0.0
15256,11,1.0,0.0
15257,11,1.0,0.0
15258,11,1.0,0.0
15259,11,1.0,0.0
15260,11,1.0,0.0
15261,11,1.0,0.0
15262,11,0.33333333333333337,0.6666666666666666
15263,11,1.0,0.0
15264,11,0.6666666666666667,0.3333333333333333
15265,11,0.0,1.0
15266,11,1.0,0.0
15267,11,1.0,0.0
15268,11,0.5,0.5
15269,11,0.5833333333333333,0.4166666666666667
15270,11,1.0,0.0
15271,11,1.0,0.0
15272,11,0.5,0.5
15273,11,0.5,0.5
15274,11,1.0,0.0
15275,11,0.0,1.0
15276,11,0.5,0.5
15277,11,1.0,0.0
15278,11,1.0,0.0
15279,11,0.0,1.0
15280,11,0.75,0.25
15281,11,0.0,1.0
15282,11,1.0,0.0
15283,11,0.0,1.0
15284,11,1.0,0.0
15285,11,0.5,0.5
15286,11,0.75,0.25
15287,11,0.5,0.5
15288,11,0.0,1.0
15289,11,0.375,0.625
15290,11,0.5,0.5
15291,11,0.0,1.0
15292,11,0.0,1.0
15293,11,0.75,0.25
15294,11,0.5,0.5
15295,11,1.0,0.0
15296,11,0.5,0.5
15297,11,1.0,0.0
15298,11,0.8333333333333334,0.16666666666666666
15299,11,1.0,0.0
15300,11,0.5,0.5
15301,11,0.0,1.0
15302,11,0.5714285714285714,0.42857142857142855
15303,11,1.0,0.0
15304,11,0.0,1.0
15305,11,0.8333333333333334,0.16666666666666666
15306,11,0.0,1.0
15307,11,1.0,0.0
15308,11,1.0,0.0
15309,11,0.5,0.5
15310,11,0.5,0.5
15311,11,0.5,0.5
15312,11,1.0,0.0
15313,11,0.5,0.5
15314,11,0.5,0.5
15315,11,0.0,1.0
15316,11,1.0,0.0
15317,11,1.0,0.0
15318,11,0.0,1.0
15319,11,0.0,1.0
15320,11,1.0,0.0
15321,11,0.5,0.5
15322,11,0.0,1.0
15323,11,1.0,0.0
15324,11,0.5,0.5
15325,11,1.0,0.0
15326,11,0.0,1.0
15327,11,0.0,1.0
15328,11,1.0,0.0
15329,11,0.5,0.5
15330,11,1.0,0.0
15331,11,0.6666666666666667,0.3333333333333333
15332,11,1.0,0.0
15333,11,0.5,0.5
15334,11,0.5,0.5
15335,11,1.0,0.0
15336,11,1.0,0.0
15337,11,1.0,0.0
15338,11,0.5,0.5
15339,11,0.0,1.0
15340,11,0.6,0.4
15341,11,0.0,1.0
15342,11,0.5,0.5
15343,11,1.0,0.0
15344,11,0.75,0.25
15345,11,0.5,0.5
15346,11,0.5,0.5
15347,11,0.5,0.5
15348,11,0.0,1.0
15349,11,0.25,0.75
15350,11,0.5,0.5
15351,11,0.25,0.75
15352,11,1.0,0.0
15353,11,0.5,0.5
15354,11,0.0,1.0
15355,11,0.5,0.5
15356,11,0.33333333333333337,0.6666666666666666
15357,11,0.6666666666666667,0.3333333333333333
15358,11,0.0,1.0
15359,11,0.0,1.0
15360,11,0.0,1.0
15361,11,0.0,1.0
15362,11,0.0,1.0
15363,11,0.0,1.0
15364,11,1.0,0.0
15365,11,0.0,1.0
15366,11,1.0,0.0
15367,11,0.5,0.5
15368,11,1.0,0.0
15369,11,1.0,0.0
15370,11,1.0,0.0
15371,11,1.0,0.0
15372,11,1.0,0.0
15373,11,1.0,0.0
15374,11,1.0,0.0
15375,11,0.5,0.5
15376,11,1.0,0.0
15377,11,1.0,0.0
15378,11,1.0,0.0
15379,11,0.0,1.0
15380,11,0.0,1.0
15381,11,0.0,1.0
15382,11,0.0,1.0
15383,11,1.0,0.0
15384,11,0.5,0.5
15385,11,1.0,0.0
15386,11,0.0,1.0
15387,11,0.5,0.5
15388,11,1.0,0.0
15389,11,1.0,0.0
15390,11,0.25,0.75
15391,11,0.0,1.0
15392,11,0.0,1.0
15393,11,0.0,1.0
15394,11,1.0,0.0
15395,11,0.0,1.0
15396,11,0.0,1.0
15397,11,0.0,1.0
15398,11,0.0,1.0
15399,11,0.0,1.0
15400,11,1.0,0.0
15401,11,0.0,1.0
15402,11,1.0,0.0
15403,11,0.5,0.5
15404,11,1.0,0.0
15405,11,0.0,1.0
15406,11,1.0,0.0
15407,11,0.75,0.25
15408,11,1.0,0.0
15409,11,0.0,1.0
15410,11,1.0,0.0
15411,11,0.5,0.5
15412,11,0.25,0.75
15413,11,1.0,0.0
15414,11,1.0,0.0
15415,11,1.0,0.0
15416,11,1.0,0.0
15417,11,0.5,0.5
15418,11,0.0,1.0
15419,11,0.0,1.0
15420,11,0.375,0.625
15421,11,0.5,0.5
15422,11,0.0,1.0
15423,11,0.5,0.5
15424,11,1.0,0.0
15425,11,0.5,0.5
15426,11,0.5,0.5
15427,11,1.0,0.0
15428,11,0.25,0.75
15429,11,0.0,1.0
15430,11,1.0,0.0
15431,11,0.375,0.625
15432,11,0.5,0.5
15433,11,0.9166666666666666,0.08333333333333333
15434,11,1.0,0.0
15435,11,0.75,0.25
15436,11,0.0,1.0
15437,11,1.0,0.0
15438,11,1.0,0.0
15439,11,1.0,0.0
15440,11,1.0,0.0
15441,11,0.5,0.5
15442,11,1.0,0.0
15443,11,1.0,0.0
15444,11,0.0,1.0
15445,11,1.0,0.0
15446,11,1.0,0.0
15447,11,1.0,0.0
15448,11,1.0,0.0
15449,11,0.0,1.0
15450,11,0.5,0.5
15451,11,1.0,0.0
15452,11,1.0,0.0
15453,11,0.0,1.0
15454,11,1.0,0.0
15455,11,1.0,0.0
15456,11,0.0,1.0
15457,11,1.0,0.0
15458,11,1.0,0.0
15459,11,1.0,0.0
15460,11,0.75,0.25
15461,11,0.0,1.0
15462,11,0.5,0.5
15463,11,0.5,0.5
15464,11,1.0,0.0
15465,11,0.8333333333333334,0.16666666666666666
15466,11,0.5,0.5
15467,11,1.0,0.0
15468,11,1.0,0.0
15469,11,1.0,0.0
15470,11,0.5,0.5
15471,11,0.0,1.0
15472,11,0.5,0.5
15473,11,1.0,0.0
15474,11,1.0,0.0
15475,11,1.0,0.0
15476,11,0.0,1.0
15477,11,0.0,1.0
15478,11,1.0,0.0
15479,11,1.0,0.0
15480,11,1.0,0.0
15481,11,0.5,0.5
15482,11,1.0,0.0
15483,11,0.5,0.5
15484,11,1.0,0.0
15485,11,0.75,0.25
15486,11,1.0,0.0
15487,11,1.0,0.0
15488,11,0.5,0.5
15489,11,0.0,1.0
15490,11,0.5,0.5
15491,11,1.0,0.0
15492,11,0.0,1.0
15493,11,0.75,0.25
15494,11,0.5,0.5
15495,11,0.0,1.0
15496,11,1.0,0.0
15497,11,0.625,0.375
15498,11,0.5,0.5
15499,11,0.5,0.5
15500,11,1.0,0.0
15501,11,1.0,0.0
15502,11,0.0,1.0
15503,11,1.0,0.0
15504,11,0.25,0.75
15505,11,0.0,1.0
15506,11,0.0,1.0
15507,11,1.0,0.0
15508,11,0.0,1.0
15509,11,0.5,0.5
15510,11,0.0,1.0
15511,11,0.0,1.0
15512,11,1.0,0.0
15513,11,0.5,0.5
15514,11,1.0,0.0
15515,11,0.5,0.5
15516,11,0.25,0.75
15517,11,1.0,0.0
15518,11,0.5,0.5
15519,11,0.75,0.25
15520,11,0.5,0.5
15521,11,1.0,0.0
15522,11,1.0,0.0
15523,11,0.5,0.5
15524,11,1.0,0.0
15525,11,0.5,0.5
15526,11,0.5,0.5
15527,11,0.75,0.25
15528,11,1.0,0.0
15529,11,0.5,0.5
15530,11,1.0,0.0
15531,12,0.5,0.5
15532,12,1.0,0.0
15533,12,0.5,0.5
15534,12,0.0,1.0
15535,12,0.0,1.0
15536,12,0.75,0.25
15537,12,1.0,0.0
15538,12,0.0,1.0
15539,12,1.0,0.0
15540,12,0.5,0.5
15541,12,0.6666666666666667,0.3333333333333333
15542,12,0.25,0.75
15543,12,1.0,0.0
15544,12,1.0,0.0
15545,12,0.5,0.5
15546,12,0.5,0.5
15547,12,0.0,1.0
15548,12,0.5,0.5
15549,12,1.0,0.0
15550,12,1.0,0.0
15551,12,1.0,0.0
15552,12,0.5,0.5
15553,12,1.0,0.0
15554,12,1.0,0.0
15555,12,1.0,0.0
15556,12,0.5,0.5
15557,12,0.0,1.0
15558,12,0.0,1.0
15559,12,0.75,0.25
15560,12,1.0,0.0
15561,12,0.5,0.5
15562,12,1.0,0.0
15563,12,0.0,1.0
15564,12,0.5,0.5
15565,12,1.0,0.0
15566,12,1.0,0.0
15567,12,0.0,1.0
15568,12,0.0,1.0
15569,12,0.0,1.0
15570,12,1.0,0.0
15571,12,0.5,0.5
15572,12,1.0,0.0
15573,12,0.5,0.5
15574,12,0.0,1.0
15575,12,0.0,1.0
15576,12,0.5,0.5
15577,12,1.0,0.0
15578,12,0.7,0.3
15579,12,0.5,0.5
15580,12,1.0,0.0
15581,12,0.8333333333333334,0.16666666666666666
15582,12,1.0,0.0
15583,12,1.0,0.0
15584,12,1.0,0.0
15585,12,0.0,1.0
15586,12,0.5,0.5
15587,12,0.0,1.0
15588,12,0.5,0.5
15589,12,0.0,1.0
15590,12,1.0,0.0
15591,12,0.5,0.5
15592,12,0.0,1.0
15593,12,0.5,0.5
15594,12,0.5555555555555556,0.4444444444444444
15595,12,0.75,0.25
15596,12,0.5,0.5
15597,12,1.0,0.0
15598,12,1.0,0.0
15599,12,0.0,1.0
15600,12,1.0,0.0
15601,12,0.0,1.0
15602,12,1.0,0.0
15603,12,0.0,1.0
15604,12,0.6666666666666667,0.3333333333333333
15605,12,1.0,0.0
15606,12,0.0,1.0
15607,12,1.0,0.0
15608,12,1.0,0.0
15609,12,0.0,1.0
15610,12,1.0,0.0
15611,12,0.5,0.5
15612,12,0.5,0.5
15613,12,0.0,1.0
15614,12,1.0,0.0
15615,12,1.0,0.0
15616,12,1.0,0.0
15617,12,0.0,1.0
15618,12,1.0,0.0
15619,12,1.0,0.0
15620,12,1.0,0.0
15621,12,0.5,0.5
15622,12,0.5,0.5
15623,12,0.0,1.0
15624,12,0.0,1.0
15625,12,1.0,0.0
15626,12,0.5,0.5
15627,12,0.0,1.0
15628,12,1.0,0.0
15629,12,0.0,1.0
15630,12,0.5,0.5
15631,12,1.0,0.0
15632,12,0.6666666666666667,0.3333333333333333
15633,12,0.75,0.25
15634,12,1.0,0.0
15635,12,1.0,0.0
15636,12,1.0,0.0
15637,12,0.5,0.5
15638,12,1.0,0.0
15639,12,1.0,0.0
15640,12,1.0,0.0
15641,12,0.5,0.5
15642,12,0.5,0.5
15643,12,0.0,1.0
15644,12,1.0,0.0
15645,12,1.0,0.0
15646,12,0.0,1.0
15647,12,0.5,0.5
15648,12,1.0,0.0
15649,12,0.6666666666666667,0.3333333333333333
15650,12,1.0,0.0
15651,12,1.0,0.0
15652,12,0.5,0.5
15653,12,0.3571428571428571,0.6428571428571429
15654,12,0.0,1.0
15655,12,1.0,0.0
15656,12,0.0,1.0
15657,12,1.0,0.0
15658,12,1.0,0.0
15659,12,0.5,0.5
15660,12,0.75,0.25
15661,12,0.0,1.0
15662,12,0.5,0.5
15663,12,1.0,0.0
15664,12,0.5,0.5
15665,12,1.0,0.0
15666,12,1.0,0.0
15667,12,1.0,0.0
15668,12,0.5,0.5
15669,12,0.5,0.5
15670,12,1.0,0.0
15671,12,0.75,0.25
15672,12,0.5,0.5
15673,12,1.0,0.0
15674,12,0.0,1.0
15675,12,0.5,0.5
15676,12,1.0,0.0
15677,12,1.0,0.0
15678,12,1.0,0.0
15679,12,1.0,0.0
15680,12,0.0,1.0
15681,12,0.5,0.5
15682,12,1.0,0.0
15683,12,0.0,1.0
15684,12,0.33333333333333337,0.6666666666666666
15685,12,1.0,0.0
15686,12,0.0,1.0
15687,12,0.5,0.5
15688,12,0.5,0.5
15689,12,0.25,0.75
15690,12,0.5,0.5
15691,12,1.0,0.0
15692,12,1.0,0.0
15693,12,1.0,0.0
15694,12,0.25,0.75
15695,12,0.75,0.25
15696,12,1.0,0.0
15697,12,1.0,0.0
15698,12,0.5,0.5
15699,12,0.5,0.5
15700,12,0.5,0.5
15701,12,1.0,0.0
15702,12,0.25,0.75
15703,12,0.75,0.25
15704,12,0.5,0.5
15705,12,1.0,0.0
15706,12,0.0,1.0
15707,12,1.0,0.0
15708,12,0.25,0.75
15709,12,1.0,0.0
15710,12,0.0,1.0
15711,12,0.5,0.5
15712,12,1.0,0.0
15713,12,1.0,0.0
15714,12,1.0,0.0
15715,12,1.0,0.0
15716,12,0.5,0.5
15717,12,1.0,0.0
15718,12,0.0,1.0
15719,12,1.0,0.0
15720,12,0.6666666666666667,0.3333333333333333
15721,12,0.5,0.5
15722,12,1.0,0.0
15723,12,0.0,1.0
15724,12,1.0,0.0
15725,12,0.75,0.25
15726,12,0.0,1.0
15727,12,1.0,0.0
15728,12,1.0,0.0
15729,12,0.0,1.0
15730,12,1.0,0.0
15731,12,1.0,0.0
15732,12,1.0,0.0
15733,12,0.0,1.0
15734,12,0.5,0.5
15735,12,1.0,0.0
15736,12,0.0,1.0
15737,12,1.0,0.0
15738,12,0.5,0.5
15739,12,0.5,0.5
15740,12,0.5,0.5
15741,12,1.0,0.0
15742,12,0.5,0.5
15743,12,1.0,0.0
15744,12,0.0,1.0
15745,12,0.5,0.5
15746,12,0.0,1.0
15747,12,1.0,0.0
15748,12,0.5,0.5
15749,12,0.0,1.0
15750,12,1.0,0.0
15751,12,0.0,1.0
15752,12,1.0,0.0
15753,12,0.0,1.0
15754,12,0.5,0.5
15755,12,1.0,0.0
15756,12,1.0,0.0
15757,12,1.0,0.0
15758,12,1.0,0.0
15759,12,1.0,0.0
15760,12,0.0,1.0
15761,12,0.0,1.0
15762,12,1.0,0.0
15763,12,0.0,1.0
15764,12,0.5,0.5
15765,12,0.0,1.0
15766,12,1.0,0.0
15767,12,1.0,0.0
15768,12,0.5,0.5
15769,12,1.0,0.0
15770,12,0.0,1.0
15771,12,1.0,0.0
15772,12,0.5,0.5
15773,12,0.0,1.0
15774,12,0.5,0.5
15775,12,0.25,0.75
15776,12,0.0,1.0
15777,12,0.0,1.0
15778,12,0.5,0.5
15779,12,0.5,0.5
15780,12,1.0,0.0
15781,12,1.0,0.0
15782,12,0.5,0.5
15783,12,0.0,1.0
15784,12,0.0,1.0
15785,12,0.5,0.5
15786,12,1.0,0.0
15787,12,1.0,0.0
15788,12,1.0,0.0
15789,12,0.5,0.5
15790,12,1.0,0.0
15791,12,1.0,0.0
15792,12,1.0,0.0
15793,12,1.0,0.0
15794,12,0.5,0.5
15795,12,1.0,0.0
15796,12,1.0,0.0
15797,12,1.0,0.0
15798,12,0.5,0.5
15799,12,0.0,1.0
15800,12,0.0,1.0
15801,12,0.75,0.25
15802,12,1.0,0.0
15803,12,1.0,0.0
15804,12,0.5,0.5
15805,12,0.6666666666666667,0.3333333333333333
15806,12,1.0,0.0
15807,12,1.0,0.0
15808,12,0.5,0.5
15809,12,0.5,0.5
15810,12,0.0,1.0
15811,12,0.0,1.0
15812,12,0.0,1.0
15813,12,0.5,0.5
15814,12,0.5,0.5
15815,12,0.5,0.5
15816,12,0.0,1.0
15817,12,0.5,0.5
15818,12,1.0,0.0
15819,12,1.0,0.0
15820,12,1.0,0.0
15821,12,0.5,0.5
15822,12,1.0,0.0
15823,13,0.5,0.5
15824,13,1.0,0.0
15825,13,1.0,0.0
15826,13,0.5,0.5
15827,13,0.0,1.0
15828,13,0.5,0.5
15829,13,0.5,0.5
15830,13,0.5,0.5
15831,13,0.0,1.0
15832,13,1.0,0.0
15833,13,1.0,0.0
15834,13,0.0,1.0
15835,13,1.0,0.0
15836,13,0.5,0.5
15837,13,1.0,0.0
15838,13,1.0,0.0
15839,13,0.6875,0.3125
15840,13,1.0,0.0
15841,13,0.6666666666666667,0.3333333333333333
15842,13,1.0,0.0
15843,13,1.0,0.0
15844,13,0.5,0.5
15845,13,0.5,0.5
15846,13,0.0,1.0
15847,13,0.5,0.5
15848,13,0.5833333333333333,0.4166666666666667
15849,13,0.5,0.5
15850,13,0.5,0.5
15851,13,1.0,0.0
15852,13,1.0,0.0
15853,13,1.0,0.0
15854,13,0.7,0.3
15855,13,0.5,0.5
15856,13,0.0,1.0
15857,13,1.0,0.0
15858,13,1.0,0.0
15859,13,1.0,0.0
15860,13,0.5,0.5
15861,13,0.5,0.5
15862,13,1.0,0.0
15863,13,1.0,0.0
15864,13,1.0,0.0
15865,13,1.0,0.0
15866,13,0.5,0.5
15867,13,1.0,0.0
15868,13,0.5,0.5
15869,13,1.0,0.0
15870,13,1.0,0.0
15871,13,0.5,0.5
15872,13,1.0,0.0
15873,13,0.0,1.0
15874,13,0.5,0.5
15875,13,1.0,0.0
15876,13,0.33333333333333337,0.6666666666666666
15877,13,0.375,0.625
15878,13,1.0,0.0
15879,13,0.33333333333333337,0.6666666666666666
15880,13,0.6666666666666667,0.3333333333333333
15881,13,1.0,0.0
15882,13,0.0,1.0
15883,13,1.0,0.0
15884,13,0.5,0.5
15885,13,1.0,0.0
15886,13,1.0,0.0
15887,13,1.0,0.0
15888,13,0.5,0.5
15889,13,0.0,1.0
15890,13,0.5,0.5
15891,13,0.0,1.0
15892,13,0.5,0.5
15893,13,1.0,0.0
15894,13,0.0,1.0
15895,13,0.5,0.5
15896,13,0.0,1.0
15897,13,1.0,0.0
15898,13,0.5,0.5
15899,13,0.5,0.5
15900,13,0.0,1.0
15901,13,1.0,0.0
15902,13,0.5,0.5
15903,13,0.5,0.5
15904,13,0.0,1.0
15905,13,0.5,0.5
15906,13,1.0,0.0
15907,13,1.0,0.0
15908,13,0.0,1.0
15909,13,0.5,0.5
15910,13,1.0,0.0
15911,13,0.0,1.0
15912,13,1.0,0.0
15913,13,1.0,0.0
15914,13,0.0,1.0
15915,13,0.0,1.0
15916,13,0.0,1.0
15917,13,1.0,0.0
15918,13,0.0,1.0
15919,13,1.0,0.0
15920,13,0.0,1.0
15921,13,0.5,0.5
15922,13,0.0,1.0
15923,13,0.0,1.0
15924,13,0.0,1.0
15925,13,0.5,0.5
15926,13,1.0,0.0
15927,13,0.75,0.25
15928,13,0.5,0.5
15929,13,0.0,1.0
15930,13,0.75,0.25
15931,14,0.5,0.5
15932,14,0.5,0.5
15933,14,0.6666666666666667,0.3333333333333333
15934,14,0.6904761904761905,0.30952380952380953
15935,14,0.5,0.5
15936,14,1.0,0.0
15937,14,1.0,0.0
15938,14,1.0,0.0
15939,14,0.0,1.0
15940,14,1.0,0.0
15941,14,0.7,0.3
15942,14,0.0,1.0
15943,14,0.0,1.0
15944,14,1.0,0.0
15945,14,0.5,0.5
15946,14,0.75,0.25
15947,14,0.5,0.5
15948,14,0.5,0.5
15949,14,0.0,1.0
15950,14,1.0,0.0
15951,14,0.0,1.0
15952,14,1.0,0.0
15953,14,1.0,0.0
15954,14,0.0,1.0
15955,14,0.5,0.5
15956,14,0.33333333333333337,0.6666666666666666
15957,14,1.0,0.0
15958,14,0.0,1.0
15959,14,0.5,0.5
15960,14,0.5,0.5
15961,14,1.0,0.0
15962,14,1.0,0.0
15963,14,1.0,0.0
15964,14,1.0,0.0
15965,14,1.0,0.0
15966,14,1.0,0.0
15967,14,0.0,1.0
15968,14,0.5,0.5
15969,14,0.5,0.5
15970,14,0.5,0.5
15971,14,1.0,0.0
15972,14,0.5,0.5
15973,14,1.0,0.0
15974,15,1.0,0.0
15975,15,0.5,0.5
15976,15,1.0,0.0
15977,15,0.675,0.325
15978,15,0.0,1.0
15979,15,1.0,0.0
15980,15,1.0,0.0
15981,15,1.0,0.0
15982,15,1.0,0.0
15983,15,0.625,0.375
15984,15,0.75,0.25
15985,15,0.5,0.5
15986,15,1.0,0.0
15987,15,0.0,1.0
15988,15,0.0,1.0
15989,15,0.25,0.75
15990,15,0.5,0.5
15991,15,0.0,1.0
15992,15,0.0,1.0
15993,15,1.0,0.0
15994,15,1.0,0.0
15995,16,0.0,1.0
15996,16,1.0,0.0
15997,16,0.75,0.25
15998,16,0.625,0.375
15999,16,0.8333333333333334,0.16666666666666666
16000,16,0.5,0.5
16001,16,0.0,1.0
16002,16,1.0,0.0
16003,16,0.5,0.5
16004,16,0.5,0.5
16005,16,0.75,0.25
16006,16,1.0,0.0
16007,16,0.5,0.5
16008,16,0.0,1.0
16009,16,0.5,0.5
16010,17,0.5,0.5
16011,17,1.0,0.0
16012,17,1.0,0.0
16013,17,0.5,0.5
16014,17,0.625,0.375
16015,17,1.0,0.0
16016,17,0.6666666666666667,0.3333333333333333
16017,17,1.0,0.0
16018,17,0.0,1.0
16019,17,1.0,0.0
16020,17,1.0,0.0
16021,17,0.5,0.5
16022,18,0.0,1.0
16023,18,0.75,0.25
16024,18,0.5,0.5
16025,18,0.75,0.25
16026,18,1.0,0.0
16027,18,1.0,0.0
16028,18,0.0,1.0
16029,18,1.0,0.0
16030,19,0.5,0.5
16031,19,1.0,0.0
16032,19,0.5,0.5
16033,19,0.5,0.5
16034,19,1.0,0.0
16035,19,0.5,0.5
16036,19,1.0,0.0
16037,19,1.0,0.0
