{
  "size": [
    1,
    2,
    3,
    4,
    5,
    7,
    8,
    12,
    13,
    14,
    17,
    18,
    20
  ],
  "val1": [
    0.388086642599278,
    0.383147318619926,
    0.3857618760769477,
    0.3968084707276225,
    0.40233290494648727,
    0.3801651109213095,
    0.37072404398392683,
    0.38862407595835013,
    0.38798153814135006,
    0.3869561692474232,
    0.38709215538663344,
    0.38645043150632735,
    0.3897822141983914
  ]
}