{
  "num": [
    781,
    949,
    1035,
    1047,
    1079,
    1151,
    1152,
    1184,
    1417,
    1464,
    1466,
    1487,
    1847,
    1870
  ],
  "val2": [
    0.3879641485275288,
    0.3856691253951528,
    0.3869565217391304,
    0.387774594078319,
    0.3897126969416126,
    0.3853171155516942,
    0.3854166666666667,
    0.3889358108108108,
    0.39837685250529287,
    0.4023224043715847,
    0.4021145975443383,
    0.40450571620712844,
    0.42365998917162967,
    0.42566844919786095
  ]
}