{
  "num": [
    547,
    1127,
    1175,
    1202,
    1234,
    1245,
    1314,
    1324,
    1353,
    1441,
    1484,
    1804,
    1805,
    1976,
    1977,
    1979
  ],
  "val2": [
    0.3903107861060329,
    0.39840283939662824,
    0.39702127659574465,
    0.39767054908485855,
    0.39708265802269044,
    0.39718875502008033,
    0.3984018264840183,
    0.3987915407854985,
    0.3998521803399852,
    0.4115197779319917,
    0.41172506738544473,
    0.4268292682926829,
    0.4265927977839335,
    0.4258603238866397,
    0.42589782498735457,
    0.426478019201617
  ]
}