{
  "size": [
    1,
    2,
    3,
    4,
    5,
    6,
    7,
    8,
    9,
    10,
    11,
    12,
    13,
    14,
    15,
    16,
    17,
    18,
    19,
    20
  ],
  "val1": [
    0.3879641485275288,
    0.3800074826122217,
    0.37944207450086304,
    0.3818037780978695,
    0.38078086031613345,
    0.382304463700137,
    0.388536101160964,
    0.39298248137298636,
    0.39431958870581246,
    0.398698704753798,
    0.3969361265786878,
    0.40285384252619033,
    0.4058456679330629,
    0.4062060551599092,
    0.40733077968771014,
    0.40597974881437116,
    0.4151868224135258,
    0.4173734130875218,
    0.41974772533755844,
    0.41618458149492293
  ]
}