{
  "size": [
    1,
    2,
    3,
    4,
    5,
    6,
    7,
    8,
    9,
    10,
    11,
    12,
    13,
    14,
    15,
    16,
    17,
    18,
    19,
    20
  ],
  "val1": [
    0.3903107861060329,
    0.39349321874933274,
    0.391253933272502,
    0.3921723340123475,
    0.3939140786636225,
    0.3909477441244473,
    0.3925197339441625,
    0.3916267039600355,
    0.40260661017254395,
    0.40600680493975866,
    0.4063445701472554,
    0.4109041218042468,
    0.4076984792985947,
    0.4089193276625615,
    0.41039367133563215,
    0.41430901785754726,
    0.4182916867182332,
    0.42229166313032707,
    0.4259767172975568,
    0.4299072392308442
  ]
}