{
  "num": [
    72,
    831,
    1026,
    1087,
    1203,
    1231,
    1233,
    1238,
    1258,
    1309,
    1312,
    1345,
    1353,
    1356,
    1357,
    1359,
    1362,
    1413,
    1414,
    1425,
    1430,
    1433,
    1588,
    1621,
    1697,
    1706,
    1707,
    1711,
    1712,
    1733,
    1737,
    1759,
    1761,
    1765,
    1805,
    1806,
    1837,
    1851,
    1863,
    1865,
    1866,
    1867,
    1868,
    1869,
    1870,
    1871,
    1873,
    1876,
    1877,
    1878,
    1879,
    1880,
    1883,
    1884,
    1885,
    1886,
    1887,
    1888,
    1890
  ],
  "val2": [
    0.4513888888888889,
    0.388086642599278,
    0.3810916179337232,
    0.38178472861085555,
    0.39027431421446385,
    0.39195775792038995,
    0.4067315490673155,
    0.39095315024232635,
    0.3899046104928458,
    0.4087089381207028,
    0.40815548780487804,
    0.39219330855018586,
    0.3924611973392461,
    0.39343657817109146,
    0.391304347826087,
    0.39183222958057395,
    0.39170337738619676,
    0.39525831564048125,
    0.39568599717114566,
    0.39649122807017545,
    0.39615384615384613,
    0.39602233077459875,
    0.40081863979848864,
    0.4204194941394201,
    0.41131408367707717,
    0.41031652989449,
    0.4103690685413005,
    0.41116306253652835,
    0.4109228971962617,
    0.41431044431621467,
    0.41508347725964306,
    0.4130187606594656,
    0.4128336172629188,
    0.4130311614730878,
    0.41772853185595565,
    0.41805094130675524,
    0.4180729450190528,
    0.4213938411669368,
    0.42297369833601717,
    0.42332439678284184,
    0.42363344051446944,
    0.4239421531869309,
    0.42398286937901497,
    0.42402354200107006,
    0.4232620320855615,
    0.4230358097274185,
    0.4241857981847304,
    0.4200426439232409,
    0.4203516249334044,
    0.42039403620873267,
    0.4204364023416711,
    0.4207446808510638,
    0.4229952203929899,
    0.42303609341825904,
    0.4230769230769231,
    0.42046659597030756,
    0.42024377318494965,
    0.420021186440678,
    0.4201058201058201
  ]
}