{
  "num": [
    30,
    268,
    274,
    289,
    306,
    340,
    442,
    696,
    702,
    733,
    945,
    953,
    954,
    955,
    956,
    958,
    959,
    961,
    966
  ],
  "val2": [
    0.16666666666666666,
    0.2798507462686567,
    0.2773722627737226,
    0.29411764705882354,
    0.2777777777777778,
    0.3,
    0.3235294117647059,
    0.3807471264367816,
    0.3803418803418803,
    0.38335607094133695,
    0.4433862433862434,
    0.4459601259181532,
    0.4444444444444444,
    0.44502617801047123,
    0.4456066945606695,
    0.44467640918580376,
    0.44525547445255476,
    0.4464099895941727,
    0.4472049689440994
  ]
}