{
  "num": [
    28,
    36,
    100,
    136,
    141,
    198,
    243,
    290,
    341,
    367,
    407,
    431,
    482,
    542,
    547,
    552,
    709,
    726,
    751,
    757
  ],
  "val2": [
    0.21428571428571427,
    0.25,
    0.31,
    0.3235294117647059,
    0.3191489361702128,
    0.31313131313131315,
    0.3497942386831276,
    0.3413793103448276,
    0.33724340175953077,
    0.3460490463215259,
    0.36855036855036855,
    0.37354988399071926,
    0.37344398340248963,
    0.4003690036900369,
    0.39853747714808047,
    0.4003623188405797,
    0.43441466854724964,
    0.43526170798898073,
    0.4367509986684421,
    0.4372523117569353
  ]
}