{
  "size": [
    1,
    2,
    3,
    4,
    5,
    6,
    7,
    8,
    9,
    10,
    11,
    12,
    13,
    14,
    15,
    16,
    17,
    18,
    19,
    20
  ],
  "val1": [
    0.21428571428571427,
    0.29464285714285715,
    0.31101190476190477,
    0.31063988095238093,
    0.30851190476190476,
    0.30206679894179894,
    0.3240773063611409,
    0.31380957854986924,
    0.30959318859605234,
    0.3203005364031138,
    0.32693307190885723,
    0.33302198258311916,
    0.33129406132373923,
    0.3357491396842608,
    0.3414360391439066,
    0.34560649077904504,
    0.3521213502770064,
    0.3563685768489188,
    0.3639281254358178,
    0.36760671916402693
  ]
}