{
  "size": [
    1,
    2,
    3,
    4,
    5,
    6,
    7,
    8,
    9,
    10,
    11,
    12,
    13,
    14,
    15,
    16,
    17,
    18,
    19,
    20
  ],
  "val1": [
    0.2857142857142857,
    0.3482142857142857,
    0.3326719576719577,
    0.3638764378895958,
    0.3829044290002012,
    0.36454156962137985,
    0.3732317931509482,
    0.3875534287631772,
    0.38742122960767267,
    0.39034577331357206,
    0.3892578283194635,
    0.3943654635052958,
    0.3925196871103015,
    0.39695009906995526,
    0.39382009246529154,
    0.39733133668621085,
    0.40337066982231606,
    0.405621052111099,
    0.4093989509443834,
    0.40892900339716426
  ]
}