{
  "num": [
    63,
    115,
    176,
    988,
    992,
    993
  ],
  "val2": [
    0.2857142857142857,
    0.3391304347826087,
    0.32954545454545453,
    0.4574898785425101,
    0.4566532258064516,
    0.45720040281973817
  ]
}