{
  "size": [
    1,
    2,
    3,
    5,
    6,
    7,
    10,
    11,
    12,
    13,
    14,
    15,
    17,
    18,
    19,
    20
  ],
  "val1": [
    0.16666666666666666,
    0.22341115434500647,
    0.16745928808185617,
    0.18423625660979748,
    0.22019688050816458,
    0.23406985362238283,
    0.23510809053904702,
    0.2508887779603985,
    0.2680407691738617,
    0.2837858848318164,
    0.2846038998608363,
    0.29153867936458455,
    0.29297497890832247,
    0.2994461625826483,
    0.29885086945831624,
    0.3188805482076226
  ]
}